Running: python -u run_coala.py             --model /global/home/hpc5434/models/tabpfn_fhs.pkl             --reference /global/home/hpc5434/MAP-CF/nhane/X_test_tabpfn_fhs.csv             --train /global/home/hpc5434/MAP-CF/nhane/X_train_tabpfn_fhs.csv             --feature_cat "/global/home/hpc5434/MAP-CF/nhane/feature_categories_fhs.json"             --model_name tabpfn_fhs             --method uniform             --init_pop 25             --iter 100             --output tabpfn_fhs_uniform_init25_iter100_fhs

=== Running MAP-Elites for: tabpfn_fhs ===
CUDA available: True
Processing individual 0 for 'tabpfn_fhs'...
fit 0.8980746
fit 0.9152133
fit 0.9237394
fit 0.9443437
fit 0.9495675
Total steps: 75
fitness 0.95162624
fitness 0.9518592
fitness 0.95999736
fitness 0.961093
Processing individual 1 for 'tabpfn_fhs'...
fit 0.72042024
fit 0.7617291
fit 0.7753291
fit 0.83254945
fit 0.87933
Total steps: 75
fitness 0.88146025
fitness 0.88174224
fitness 0.89711446
fitness 0.9036512
Processing individual 2 for 'tabpfn_fhs'...
fit 0.7942432
fit 0.81880546
fit 0.85171497
Total steps: 75
fitness 0.8660166
Processing individual 3 for 'tabpfn_fhs'...
fit 0.88394505
fit 0.9021565
fit 0.909784
fit 0.935237
fit 0.9414197
Total steps: 75
fitness 0.9439684
fitness 0.95236635
fitness 0.9548955
Processing individual 4 for 'tabpfn_fhs'...
fit 0.9210976
fit 0.9500331
fit 0.9501945
fit 0.96421313
fit 0.96788406
Total steps: 75
fitness 0.9695839
fitness 0.9732199
fitness 0.97395796
Processing individual 5 for 'tabpfn_fhs'...
fit 0.82721496
fit 0.83808005
fit 0.85493535
fit 0.88445103
fit 0.90316945
Total steps: 75
fitness 0.91475606
fitness 0.9187955
Processing individual 6 for 'tabpfn_fhs'...
fit 0.89291143
fit 0.9345853
fit 0.95298547
fit 0.9603089
Total steps: 75
fitness 0.9611072
fitness 0.962054
fitness 0.96652013
fitness 0.96769977
Processing individual 7 for 'tabpfn_fhs'...
fit 0.75864756
fit 0.7829794
fit 0.81861967
Total steps: 75
fitness 0.83245486
Processing individual 8 for 'tabpfn_fhs'...
fit 0.8735707
fit 0.90743655
fit 0.91540635
fit 0.94109267
Total steps: 75
fitness 0.94905454
Processing individual 9 for 'tabpfn_fhs'...
fit 0.7678645
fit 0.79050016
fit 0.82387275
Total steps: 75
fitness 0.8410098
Processing individual 10 for 'tabpfn_fhs'...
fit 0.9275662
fit 0.94260246
fit 0.9490576
fit 0.96181697
fit 0.96510077
Total steps: 75
fitness 0.9654037
fitness 0.9660289
fitness 0.971282
fitness 0.9724516
Processing individual 11 for 'tabpfn_fhs'...
fit 0.797704
fit 0.8222787
fit 0.85998297
Total steps: 75
fitness 0.8728038
Processing individual 12 for 'tabpfn_fhs'...
fit 0.7942432
fit 0.81880546
fit 0.85171497
Total steps: 75
fitness 0.8660166
Processing individual 13 for 'tabpfn_fhs'...
fit 0.8858259
fit 0.91434723
fit 0.9285772
fit 0.94748527
Total steps: 75
fitness 0.95226663
Processing individual 14 for 'tabpfn_fhs'...
fit 0.82721496
fit 0.83808005
fit 0.85493535
fit 0.88445103
fit 0.90316945
Total steps: 75
fitness 0.91475606
fitness 0.9187955
Processing individual 15 for 'tabpfn_fhs'...
fit 0.89291143
fit 0.9345853
fit 0.95298547
fit 0.9603089
Total steps: 75
fitness 0.9611072
fitness 0.962054
fitness 0.96652013
fitness 0.96769977
Processing individual 16 for 'tabpfn_fhs'...
fit 0.66957986
fit 0.7053129
fit 0.73626375
fit 0.78259456
fit 0.82055783
Total steps: 75
fitness 0.82061136
fitness 0.82536435
fitness 0.83332545
Processing individual 17 for 'tabpfn_fhs'...
fit 0.571387
fit 0.63709646
fit 0.7095786
fit 0.7322367
Total steps: 75
fitness 0.7358333
fitness 0.7394359
fitness 0.76034766
Processing individual 18 for 'tabpfn_fhs'...
fit 0.91220444
fit 0.9404784
fit 0.94432604
fit 0.9602816
fit 0.96539986
Total steps: 75
fitness 0.96673304
fitness 0.96679056
fitness 0.97129196
fitness 0.9717873
Processing individual 19 for 'tabpfn_fhs'...
fit 0.66957986
fit 0.7053129
fit 0.73626375
fit 0.78259456
fit 0.82055783
Total steps: 75
fitness 0.82061136
fitness 0.82536435
fitness 0.83332545
Processing individual 20 for 'tabpfn_fhs'...
fit 0.6047734
fit 0.67043495
fit 0.6840956
fit 0.7596613
fit 0.80202264
Total steps: 75
fitness 0.8060509
fitness 0.83490753
fitness 0.8444161
Processing individual 21 for 'tabpfn_fhs'...
fit 0.56345963
fit 0.6298463
fit 0.7022642
fit 0.7234182
Total steps: 75
fitness 0.7337676
fitness 0.74801946
Processing individual 22 for 'tabpfn_fhs'...
fit 0.71765304
fit 0.7519814
fit 0.77526075
fit 0.82742953
fit 0.8600331
Total steps: 75
fitness 0.86018646
fitness 0.8615148
Processing individual 23 for 'tabpfn_fhs'...
fit 0.77408916
fit 0.7960612
fit 0.8322755
Total steps: 75
fitness 0.8459411
Processing individual 24 for 'tabpfn_fhs'...
fit 0.8283067
fit 0.83387613
fit 0.8531666
fit 0.88900155
fit 0.8962922
Total steps: 75
fitness 0.9119511
fitness 0.9166533
Processing individual 25 for 'tabpfn_fhs'...
fit 0.7678645
fit 0.79050016
fit 0.82387275
Total steps: 75
fitness 0.8410098
Processing individual 26 for 'tabpfn_fhs'...
fit 0.6224479
fit 0.6696737
fit 0.69504243
fit 0.7640161
fit 0.8163717
Total steps: 75
fitness 0.8437629
fitness 0.8475138
Processing individual 27 for 'tabpfn_fhs'...
fit 0.9173331
fit 0.934811
fit 0.9494854
fit 0.96226716
Total steps: 75
fitness 0.9629986
fitness 0.96577764
Processing individual 28 for 'tabpfn_fhs'...
fit 0.77004373
fit 0.8087529
fit 0.83078754
fit 0.87335753
fit 0.8875234
Total steps: 75
fitness 0.8878653
fitness 0.8904239
Processing individual 29 for 'tabpfn_fhs'...
fit 0.9275662
fit 0.94260246
fit 0.9490576
fit 0.96181697
fit 0.96510077
Total steps: 75
fitness 0.9654037
fitness 0.9660289
fitness 0.971282
fitness 0.9724516
Processing individual 30 for 'tabpfn_fhs'...
fit 0.78063715
fit 0.8500516
fit 0.88524985
fit 0.92135423
Total steps: 75
fitness 0.9326911
fitness 0.93622184
Processing individual 31 for 'tabpfn_fhs'...
fit 0.65432584
fit 0.6754265
fit 0.7123343
fit 0.7680966
fit 0.8103281
Total steps: 75
fitness 0.8107563
fitness 0.818233
Processing individual 32 for 'tabpfn_fhs'...
fit 0.83517873
fit 0.84718144
fit 0.86032325
fit 0.8895162
fit 0.90692383
Total steps: 75
fitness 0.91954064
fitness 0.92519987
Processing individual 33 for 'tabpfn_fhs'...
fit 0.571387
fit 0.63709646
fit 0.7095786
fit 0.7322367
Total steps: 75
fitness 0.7358333
fitness 0.7394359
fitness 0.76034766
Processing individual 34 for 'tabpfn_fhs'...
fit 0.85674465
fit 0.873536
fit 0.8899842
fit 0.9147663
Total steps: 75
fitness 0.9164596
fitness 0.9244385
Processing individual 35 for 'tabpfn_fhs'...
fit 0.72042024
fit 0.7617291
fit 0.7753291
fit 0.83254945
fit 0.87933
Total steps: 75
fitness 0.88146025
fitness 0.88174224
fitness 0.89711446
fitness 0.9036512
Processing individual 36 for 'tabpfn_fhs'...
fit 0.6606135
fit 0.6849219
fit 0.72185284
fit 0.7755176
fit 0.8154601
Total steps: 75
fitness 0.8163212
fitness 0.8238451
Processing individual 37 for 'tabpfn_fhs'...
fit 0.95751894
fit 0.96496314
fit 0.97277915
fit 0.9773608
fit 0.97793096
Total steps: 75
fitness 0.97820914
fitness 0.978642
fitness 0.9818225
fitness 0.9828642
Processing individual 38 for 'tabpfn_fhs'...
fit 0.9606364
fit 0.96838945
fit 0.9760153
fit 0.97951955
fit 0.98046845
Total steps: 75
fitness 0.9805796
fitness 0.98081213
fitness 0.9838001
fitness 0.9842171
Processing individual 39 for 'tabpfn_fhs'...
fit 0.8980746
fit 0.9152133
fit 0.9237394
fit 0.9443437
fit 0.9495675
Total steps: 75
fitness 0.95162624
fitness 0.9518592
fitness 0.95999736
fitness 0.961093
Processing individual 40 for 'tabpfn_fhs'...
fit 0.8858259
fit 0.91434723
fit 0.9285772
fit 0.94748527
Total steps: 75
fitness 0.95226663
Processing individual 41 for 'tabpfn_fhs'...
fit 0.7352761
fit 0.76144564
fit 0.7978756
Total steps: 75
fitness 0.80774564
Processing individual 42 for 'tabpfn_fhs'...
fit 0.6778027
fit 0.7164905
fit 0.73908895
fit 0.7926212
fit 0.8329972
Total steps: 75
fitness 0.83306205
fitness 0.83712673
Processing individual 43 for 'tabpfn_fhs'...
fit 0.87096447
fit 0.8861143
fit 0.8953802
fit 0.92277056
fit 0.9315035
Total steps: 75
fitness 0.9344894
fitness 0.94603723
fitness 0.9482702
Processing individual 44 for 'tabpfn_fhs'...
fit 0.8654835
fit 0.87783945
fit 0.8892132
fit 0.91979724
fit 0.9261971
Total steps: 75
fitness 0.9287922
fitness 0.94311756
fitness 0.94506484
Processing individual 45 for 'tabpfn_fhs'...
fit 0.9606364
fit 0.96838945
fit 0.9760153
fit 0.97951955
fit 0.98046845
Total steps: 75
fitness 0.9805796
fitness 0.98081213
fitness 0.9838001
fitness 0.9842171
Processing individual 46 for 'tabpfn_fhs'...
fit 0.85955966
fit 0.90284944
fit 0.9326081
fit 0.95015407
Total steps: 75
fitness 0.9516384
fitness 0.95860344
fitness 0.96005964
Processing individual 47 for 'tabpfn_fhs'...
fit 0.8593517
fit 0.87008417
fit 0.8848883
fit 0.9123551
fit 0.9222149
Total steps: 75
fitness 0.9227593
fitness 0.92484385
fitness 0.9385336
fitness 0.94068044
Processing individual 48 for 'tabpfn_fhs'...
fit 0.84739053
fit 0.8609688
fit 0.8713579
fit 0.9026493
fit 0.9158594
Total steps: 75
fitness 0.9294601
fitness 0.9325737
Processing individual 49 for 'tabpfn_fhs'...
fit 0.6224479
fit 0.6696737
fit 0.69504243
fit 0.7640161
fit 0.8163717
Total steps: 75
fitness 0.8437629
fitness 0.8475138
Processing individual 50 for 'tabpfn_fhs'...
fit 0.61596763
fit 0.63267124
fit 0.6780986
fit 0.7418403
fit 0.7726231
Total steps: 75
fitness 0.77279866
fitness 0.7825533
Processing individual 51 for 'tabpfn_fhs'...
fit 0.89110315
fit 0.91466814
fit 0.9194842
fit 0.93929994
fit 0.9450419
Total steps: 75
fitness 0.94777966
fitness 0.95606273
fitness 0.957956
Processing individual 52 for 'tabpfn_fhs'...
fit 0.91320825
fit 0.9341744
fit 0.9389479
fit 0.95477563
fit 0.958992
Total steps: 75
fitness 0.96025026
fitness 0.960927
fitness 0.9672204
fitness 0.9678343
Processing individual 53 for 'tabpfn_fhs'...
fit 0.9432576
fit 0.95421135
fit 0.96413124
fit 0.97042066
fit 0.9725088
Total steps: 75
fitness 0.9727349
fitness 0.97769356
fitness 0.97846574
Processing individual 54 for 'tabpfn_fhs'...
fit 0.84623724
fit 0.8543851
fit 0.8795641
fit 0.90715724
Total steps: 75
fitness 0.9075457
fitness 0.91646373
Processing individual 55 for 'tabpfn_fhs'...
fit 0.70754266
fit 0.77658916
fit 0.82500654
fit 0.8676257
Total steps: 75
fitness 0.8738117
fitness 0.89136434
fitness 0.89768064
Processing individual 56 for 'tabpfn_fhs'...
fit 0.9210976
fit 0.9500331
fit 0.9501945
fit 0.96421313
fit 0.96788406
Total steps: 75
fitness 0.9695839
fitness 0.9732199
fitness 0.97395796
Processing individual 57 for 'tabpfn_fhs'...
fit 0.9432576
fit 0.95421135
fit 0.96413124
fit 0.97042066
fit 0.9725088
Total steps: 75
fitness 0.9727349
fitness 0.97769356
fitness 0.97846574
Processing individual 58 for 'tabpfn_fhs'...
fit 0.8980746
fit 0.9152133
fit 0.9237394
fit 0.9443437
fit 0.9495675
Total steps: 75
fitness 0.95162624
fitness 0.9518592
fitness 0.95999736
fitness 0.961093
Processing individual 59 for 'tabpfn_fhs'...
fit 0.95751894
fit 0.96496314
fit 0.97277915
fit 0.9773608
fit 0.97793096
Total steps: 75
fitness 0.97820914
fitness 0.978642
fitness 0.9818225
fitness 0.9828642
Processing individual 60 for 'tabpfn_fhs'...
fit 0.9275662
fit 0.94260246
fit 0.9490576
fit 0.96181697
fit 0.96510077
Total steps: 75
fitness 0.9654037
fitness 0.9660289
fitness 0.971282
fitness 0.9724516
Processing individual 61 for 'tabpfn_fhs'...
fit 0.6851958
fit 0.71834713
fit 0.7453002
fit 0.80432665
fit 0.84960884
Total steps: 75
fitness 0.851522
fitness 0.85302275
fitness 0.87250656
fitness 0.8777403
Processing individual 62 for 'tabpfn_fhs'...
fit 0.7106939
fit 0.74269855
fit 0.76977444
Total steps: 75
fitness 0.78029346
Processing individual 63 for 'tabpfn_fhs'...
fit 0.7596602
fit 0.81715095
fit 0.8636521
fit 0.90724456
Total steps: 75
fitness 0.9081471
fitness 0.9213389
fitness 0.9256937
Processing individual 64 for 'tabpfn_fhs'...
fit 0.6851958
fit 0.71834713
fit 0.7453002
fit 0.80432665
fit 0.84960884
Total steps: 75
fitness 0.851522
fitness 0.85302275
fitness 0.87250656
fitness 0.8777403
Processing individual 65 for 'tabpfn_fhs'...
fit 0.851945
fit 0.88969654
fit 0.92629254
fit 0.9462867
Total steps: 75
fitness 0.94687057
fitness 0.9545937
fitness 0.9565874
Processing individual 66 for 'tabpfn_fhs'...
fit 0.9432576
fit 0.95421135
fit 0.96413124
fit 0.97042066
fit 0.9725088
Total steps: 75
fitness 0.9727349
fitness 0.97769356
fitness 0.97846574
Processing individual 67 for 'tabpfn_fhs'...
fit 0.9638549
fit 0.9695841
fit 0.97867537
fit 0.981755
fit 0.9818891
Total steps: 75
fitness 0.98236126
fitness 0.98249954
fitness 0.9825092
fitness 0.98529744
fitness 0.98565453
Processing individual 68 for 'tabpfn_fhs'...
fit 0.91320825
fit 0.9341744
fit 0.9389479
fit 0.95477563
fit 0.958992
Total steps: 75
fitness 0.96025026
fitness 0.960927
fitness 0.9672204
fitness 0.9678343
Processing individual 69 for 'tabpfn_fhs'...
fit 0.80056536
fit 0.8534894
fit 0.89742243
fit 0.90320617
Total steps: 75
fitness 0.90616983
fitness 0.90891844
Processing individual 70 for 'tabpfn_fhs'...
fit 0.88394505
fit 0.9021565
fit 0.909784
fit 0.935237
fit 0.9414197
Total steps: 75
fitness 0.9439684
fitness 0.95236635
fitness 0.9548955
Processing individual 71 for 'tabpfn_fhs'...
fit 0.84739053
fit 0.8609688
fit 0.8713579
fit 0.9026493
fit 0.9158594
Total steps: 75
fitness 0.9294601
fitness 0.9325737
Processing individual 72 for 'tabpfn_fhs'...
fit 0.95285267
fit 0.9635216
fit 0.9700949
fit 0.97529733
fit 0.9759291
Total steps: 75
fitness 0.9763031
fitness 0.9766243
fitness 0.98036706
fitness 0.98099476
Processing individual 73 for 'tabpfn_fhs'...
fit 0.87096447
fit 0.8861143
fit 0.8953802
fit 0.92277056
fit 0.9315035
Total steps: 75
fitness 0.9344894
fitness 0.94603723
fitness 0.9482702
Processing individual 74 for 'tabpfn_fhs'...
fit 0.7612295
fit 0.82925713
fit 0.873312
fit 0.9127489
Total steps: 75
fitness 0.9141775
fitness 0.9265554
fitness 0.9306558
Processing individual 75 for 'tabpfn_fhs'...
fit 0.6851958
fit 0.71834713
fit 0.7453002
fit 0.80432665
fit 0.84960884
Total steps: 75
fitness 0.851522
fitness 0.85302275
fitness 0.87250656
fitness 0.8777403
Processing individual 76 for 'tabpfn_fhs'...
fit 0.8195929
fit 0.82805204
fit 0.853505
fit 0.8823906
Total steps: 75
fitness 0.8841198
fitness 0.8938119
Processing individual 77 for 'tabpfn_fhs'...
fit 0.91220444
fit 0.9404784
fit 0.94432604
fit 0.9602816
fit 0.96539986
Total steps: 75
fitness 0.96673304
fitness 0.96679056
fitness 0.97129196
fitness 0.9717873
Processing individual 78 for 'tabpfn_fhs'...
fit 0.85674465
fit 0.873536
fit 0.8899842
fit 0.9147663
Total steps: 75
fitness 0.9164596
fitness 0.9244385
Processing individual 79 for 'tabpfn_fhs'...
fit 0.8610686
fit 0.8943088
fit 0.9062738
fit 0.9342416
Total steps: 75
fitness 0.943759
Processing individual 80 for 'tabpfn_fhs'...
fit 0.71039337
fit 0.7328855
fit 0.7621631
Total steps: 75
fitness 0.7622658
fitness 0.77279043
Processing individual 81 for 'tabpfn_fhs'...
fit 0.6851958
fit 0.71834713
fit 0.7453002
fit 0.80432665
fit 0.84960884
Total steps: 75
fitness 0.851522
fitness 0.85302275
fitness 0.87250656
fitness 0.8777403
Processing individual 82 for 'tabpfn_fhs'...
fit 0.9380271
fit 0.95405173
fit 0.9617755
fit 0.9705534
fit 0.9724033
Total steps: 75
fitness 0.97446215
fitness 0.9779836
fitness 0.97805333
Processing individual 83 for 'tabpfn_fhs'...
fit 0.7942432
fit 0.81880546
fit 0.85171497
Total steps: 75
fitness 0.8660166
Processing individual 84 for 'tabpfn_fhs'...
fit 0.80528593
fit 0.8208157
fit 0.8406828
fit 0.86804414
fit 0.8885472
Total steps: 75
fitness 0.899123
fitness 0.90533507
Processing individual 85 for 'tabpfn_fhs'...
fit 0.80056536
fit 0.8534894
fit 0.89742243
fit 0.90320617
Total steps: 75
fitness 0.90616983
fitness 0.90891844
Processing individual 86 for 'tabpfn_fhs'...
fit 0.9067035
fit 0.92434865
fit 0.9314311
fit 0.94964916
fit 0.9550657
Total steps: 75
fitness 0.9568312
fitness 0.9629651
fitness 0.9645263
Processing individual 87 for 'tabpfn_fhs'...
fit 0.88028324
fit 0.92759454
fit 0.9463878
fit 0.956452
Total steps: 75
fitness 0.95843035
fitness 0.96414584
fitness 0.9654629
Processing individual 88 for 'tabpfn_fhs'...
fit 0.83517873
fit 0.84718144
fit 0.86032325
fit 0.8895162
fit 0.90692383
Total steps: 75
fitness 0.91954064
fitness 0.92519987
Processing individual 89 for 'tabpfn_fhs'...
fit 0.71087515
fit 0.7235206
fit 0.75727135
Total steps: 75
fitness 0.7622689
fitness 0.76402634
Processing individual 90 for 'tabpfn_fhs'...
fit 0.7864122
fit 0.7968059
fit 0.82417697
fit 0.84781045
fit 0.8705793
Total steps: 75
fitness 0.88248724
fitness 0.88817453
Processing individual 91 for 'tabpfn_fhs'...
fit 0.95285267
fit 0.9635216
fit 0.9700949
fit 0.97529733
fit 0.9759291
Total steps: 75
fitness 0.9763031
fitness 0.9766243
fitness 0.98036706
fitness 0.98099476
Processing individual 92 for 'tabpfn_fhs'...
fit 0.71039337
fit 0.7328855
fit 0.7621631
Total steps: 75
fitness 0.7622658
fitness 0.77279043
Processing individual 93 for 'tabpfn_fhs'...
fit 0.6883539
fit 0.73153687
fit 0.75077254
fit 0.811865
fit 0.86350596
Total steps: 75
fitness 0.87901735
fitness 0.8855962
Processing individual 94 for 'tabpfn_fhs'...
fit 0.9067035
fit 0.92434865
fit 0.9314311
fit 0.94964916
fit 0.9550657
Total steps: 75
fitness 0.9568312
fitness 0.9629651
fitness 0.9645263
Processing individual 95 for 'tabpfn_fhs'...
fit 0.851945
fit 0.88969654
fit 0.92629254
fit 0.9462867
Total steps: 75
fitness 0.94687057
fitness 0.9545937
fitness 0.9565874
Processing individual 96 for 'tabpfn_fhs'...
fit 0.8980746
fit 0.9152133
fit 0.9237394
fit 0.9443437
fit 0.9495675
Total steps: 75
fitness 0.95162624
fitness 0.9518592
fitness 0.95999736
fitness 0.961093
Processing individual 97 for 'tabpfn_fhs'...
fit 0.85955966
fit 0.90284944
fit 0.9326081
fit 0.95015407
Total steps: 75
fitness 0.9516384
fitness 0.95860344
fitness 0.96005964
Processing individual 98 for 'tabpfn_fhs'...
fit 0.79144466
fit 0.8027457
fit 0.82974046
fit 0.8556441
fit 0.8767428
Total steps: 75
fitness 0.8879011
fitness 0.8931729
Processing individual 99 for 'tabpfn_fhs'...
fit 0.88394505
fit 0.9021565
fit 0.909784
fit 0.935237
fit 0.9414197
Total steps: 75
fitness 0.9439684
fitness 0.95236635
fitness 0.9548955
Processing individual 100 for 'tabpfn_fhs'...
fit 0.80278236
fit 0.85965836
fit 0.89910436
fit 0.92757446
Total steps: 75
fitness 0.9278938
fitness 0.9378246
fitness 0.9410746
Processing individual 101 for 'tabpfn_fhs'...
fit 0.6851958
fit 0.71834713
fit 0.7453002
fit 0.80432665
fit 0.84960884
Total steps: 75
fitness 0.851522
fitness 0.85302275
fitness 0.87250656
fitness 0.8777403
Processing individual 102 for 'tabpfn_fhs'...
fit 0.91220444
fit 0.9404784
fit 0.94432604
fit 0.9602816
fit 0.96539986
Total steps: 75
fitness 0.96673304
fitness 0.96679056
fitness 0.97129196
fitness 0.9717873
Processing individual 103 for 'tabpfn_fhs'...
fit 0.80056536
fit 0.8534894
fit 0.89742243
fit 0.90320617
Total steps: 75
fitness 0.90616983
fitness 0.90891844
Processing individual 104 for 'tabpfn_fhs'...
fit 0.8858259
fit 0.91434723
fit 0.9285772
fit 0.94748527
Total steps: 75
fitness 0.95226663
Processing individual 105 for 'tabpfn_fhs'...
fit 0.93232787
fit 0.9482945
fit 0.9539791
fit 0.96397465
fit 0.9681384
Total steps: 75
fitness 0.97393703
fitness 0.97507834
Processing individual 106 for 'tabpfn_fhs'...
fit 0.85955966
fit 0.90284944
fit 0.9326081
fit 0.95015407
Total steps: 75
fitness 0.9516384
fitness 0.95860344
fitness 0.96005964
Processing individual 107 for 'tabpfn_fhs'...
fit 0.7464261
fit 0.7737161
fit 0.8027065
Total steps: 75
fitness 0.80321056
fitness 0.8178234
Processing individual 108 for 'tabpfn_fhs'...
fit 0.87096447
fit 0.8861143
fit 0.8953802
fit 0.92277056
fit 0.9315035
Total steps: 75
fitness 0.9344894
fitness 0.94603723
fitness 0.9482702
Processing individual 109 for 'tabpfn_fhs'...
fit 0.597801
fit 0.60720444
fit 0.6569057
fit 0.72642636
fit 0.7521688
Total steps: 75
fitness 0.7530577
fitness 0.75748014
fitness 0.768578
Processing individual 110 for 'tabpfn_fhs'...
fit 0.5236498
fit 0.5855458
fit 0.65824705
fit 0.6786178
Total steps: 75
fitness 0.6804372
fitness 0.68432796
fitness 0.700542
Processing individual 111 for 'tabpfn_fhs'...
fit 0.8675285
fit 0.9174493
fit 0.93991834
fit 0.95254517
Total steps: 75
fitness 0.95566434
fitness 0.96134245
fitness 0.9631264
Processing individual 112 for 'tabpfn_fhs'...
fit 0.81213415
fit 0.819147
fit 0.8417618
fit 0.8747985
Total steps: 75
fitness 0.88934964
Processing individual 113 for 'tabpfn_fhs'...
fit 0.80278236
fit 0.85965836
fit 0.89910436
fit 0.92757446
Total steps: 75
fitness 0.9278938
fitness 0.9378246
fitness 0.9410746
Processing individual 114 for 'tabpfn_fhs'...
fit 0.7934747
fit 0.8235961
fit 0.84233224
fit 0.888883
fit 0.8954843
Total steps: 75
fitness 0.89807665
fitness 0.89962083
Processing individual 115 for 'tabpfn_fhs'...
fit 0.92021763
fit 0.9376594
fit 0.94529116
fit 0.9574318
fit 0.96202046
Total steps: 75
fitness 0.9622553
fitness 0.9624845
fitness 0.9692484
fitness 0.96999985
Processing individual 116 for 'tabpfn_fhs'...
fit 0.8654835
fit 0.87783945
fit 0.8892132
fit 0.91979724
fit 0.9261971
Total steps: 75
fitness 0.9287922
fitness 0.94311756
fitness 0.94506484
Processing individual 117 for 'tabpfn_fhs'...
fit 0.78063715
fit 0.8500516
fit 0.88524985
fit 0.92135423
Total steps: 75
fitness 0.9326911
fitness 0.93622184
Processing individual 118 for 'tabpfn_fhs'...
fit 0.6917547
fit 0.73530155
fit 0.7490356
fit 0.8013215
fit 0.8387664
Total steps: 75
fitness 0.8413628
fitness 0.84576494
Processing individual 119 for 'tabpfn_fhs'...
fit 0.8593517
fit 0.87008417
fit 0.8848883
fit 0.9123551
fit 0.9222149
Total steps: 75
fitness 0.9227593
fitness 0.92484385
fitness 0.9385336
fitness 0.94068044
Processing individual 120 for 'tabpfn_fhs'...
fit 0.85955966
fit 0.90284944
fit 0.9326081
fit 0.95015407
Total steps: 75
fitness 0.9516384
fitness 0.95860344
fitness 0.96005964
Processing individual 121 for 'tabpfn_fhs'...
fit 0.93232787
fit 0.9482945
fit 0.9539791
fit 0.96397465
fit 0.9681384
Total steps: 75
fitness 0.97393703
fitness 0.97507834
Processing individual 122 for 'tabpfn_fhs'...
fit 0.90583265
fit 0.9284928
fit 0.94352746
fit 0.9576126
Total steps: 75
fitness 0.95849526
fitness 0.96172756
Processing individual 123 for 'tabpfn_fhs'...
fit 0.7464261
fit 0.7737161
fit 0.8027065
Total steps: 75
fitness 0.80321056
fitness 0.8178234
Processing individual 124 for 'tabpfn_fhs'...
fit 0.5721029
fit 0.61664987
fit 0.64749247
fit 0.7223407
fit 0.76091486
Total steps: 75
fitness 0.7825034
fitness 0.80127513
Processing individual 125 for 'tabpfn_fhs'...
fit 0.7525417
fit 0.8004352
fit 0.8064135
fit 0.85906714
fit 0.90111864
Total steps: 75
fitness 0.9155673
fitness 0.9206591
Processing individual 126 for 'tabpfn_fhs'...
fit 0.7596602
fit 0.81715095
fit 0.8636521
fit 0.90724456
Total steps: 75
fitness 0.9081471
fitness 0.9213389
fitness 0.9256937
Processing individual 127 for 'tabpfn_fhs'...
fit 0.8546013
fit 0.8676673
fit 0.885608
fit 0.91704035
fit 0.92056274
Total steps: 75
fitness 0.93557763
fitness 0.93696415
Processing individual 128 for 'tabpfn_fhs'...
fit 0.95751894
fit 0.96496314
fit 0.97277915
fit 0.9773608
fit 0.97793096
Total steps: 75
fitness 0.97820914
fitness 0.978642
fitness 0.9818225
fitness 0.9828642
Processing individual 129 for 'tabpfn_fhs'...
fit 0.8213101
fit 0.8309982
fit 0.84960634
fit 0.8789451
fit 0.8971368
Total steps: 75
fitness 0.9098078
fitness 0.9136833
Processing individual 130 for 'tabpfn_fhs'...
fit 0.84623724
fit 0.8543851
fit 0.8795641
fit 0.90715724
Total steps: 75
fitness 0.9075457
fitness 0.91646373
Processing individual 131 for 'tabpfn_fhs'...
fit 0.7596602
fit 0.81715095
fit 0.8636521
fit 0.90724456
Total steps: 75
fitness 0.9081471
fitness 0.9213389
fitness 0.9256937
Processing individual 132 for 'tabpfn_fhs'...
fit 0.92366844
fit 0.9318654
fit 0.9494444
fit 0.9585362
Total steps: 75
fitness 0.9607514
fitness 0.96356475
Processing individual 133 for 'tabpfn_fhs'...
fit 0.83517873
fit 0.84718144
fit 0.86032325
fit 0.8895162
fit 0.90692383
Total steps: 75
fitness 0.91954064
fitness 0.92519987
Processing individual 134 for 'tabpfn_fhs'...
fit 0.61596763
fit 0.63267124
fit 0.6780986
fit 0.7418403
fit 0.7726231
Total steps: 75
fitness 0.77279866
fitness 0.7825533
Processing individual 135 for 'tabpfn_fhs'...
fit 0.87096447
fit 0.8861143
fit 0.8953802
fit 0.92277056
fit 0.9315035
Total steps: 75
fitness 0.9344894
fitness 0.94603723
fitness 0.9482702
Processing individual 136 for 'tabpfn_fhs'...
fit 0.8675285
fit 0.9174493
fit 0.93991834
fit 0.95254517
Total steps: 75
fitness 0.95566434
fitness 0.96134245
fitness 0.9631264
Processing individual 137 for 'tabpfn_fhs'...
fit 0.89110315
fit 0.91466814
fit 0.9194842
fit 0.93929994
fit 0.9450419
Total steps: 75
fitness 0.94777966
fitness 0.95606273
fitness 0.957956
Processing individual 138 for 'tabpfn_fhs'...
fit 0.87925994
fit 0.8923553
fit 0.9015475
fit 0.9292953
fit 0.9349795
Total steps: 75
fitness 0.94223464
fitness 0.94869494
fitness 0.95232004
Processing individual 139 for 'tabpfn_fhs'...
fit 0.70754266
fit 0.77658916
fit 0.82500654
fit 0.8676257
Total steps: 75
fitness 0.8738117
fitness 0.89136434
fitness 0.89768064
Processing individual 140 for 'tabpfn_fhs'...
fit 0.6984113
fit 0.7576367
fit 0.7601042
fit 0.8226913
fit 0.86473006
Total steps: 75
fitness 0.867617
fitness 0.8852322
fitness 0.8911878
Processing individual 141 for 'tabpfn_fhs'...
fit 0.9638549
fit 0.9695841
fit 0.97867537
fit 0.981755
fit 0.9818891
Total steps: 75
fitness 0.98236126
fitness 0.98249954
fitness 0.9825092
fitness 0.98529744
fitness 0.98565453
Processing individual 142 for 'tabpfn_fhs'...
fit 0.7942432
fit 0.81880546
fit 0.85171497
Total steps: 75
fitness 0.8660166
Processing individual 143 for 'tabpfn_fhs'...
fit 0.6883539
fit 0.73153687
fit 0.75077254
fit 0.811865
fit 0.86350596
Total steps: 75
fitness 0.87901735
fitness 0.8855962
Processing individual 144 for 'tabpfn_fhs'...
fit 0.7864122
fit 0.7968059
fit 0.82417697
fit 0.84781045
fit 0.8705793
Total steps: 75
fitness 0.88248724
fitness 0.88817453
Processing individual 145 for 'tabpfn_fhs'...
fit 0.8195929
fit 0.82805204
fit 0.853505
fit 0.8823906
Total steps: 75
fitness 0.8841198
fitness 0.8938119
Processing individual 146 for 'tabpfn_fhs'...
fit 0.746697
fit 0.7886229
fit 0.7934905
fit 0.84762156
fit 0.89288557
Total steps: 75
fitness 0.8935484
fitness 0.89432925
fitness 0.90952694
fitness 0.914297
Processing individual 147 for 'tabpfn_fhs'...
fit 0.8345624
fit 0.85204124
fit 0.8722099
fit 0.8974337
Total steps: 75
fitness 0.89985967
fitness 0.9094586
Processing individual 148 for 'tabpfn_fhs'...
fit 0.597801
fit 0.60720444
fit 0.6569057
fit 0.72642636
fit 0.7521688
Total steps: 75
fitness 0.7530577
fitness 0.75748014
fitness 0.768578
Processing individual 149 for 'tabpfn_fhs'...
fit 0.9041784
fit 0.9388333
fit 0.95656514
fit 0.962828
Total steps: 75
fitness 0.9644337
fitness 0.9691238
fitness 0.96994424
Processing individual 150 for 'tabpfn_fhs'...
fit 0.6980731
fit 0.7311564
fit 0.75339645
Total steps: 75
fitness 0.7542788
fitness 0.7657013
Processing individual 151 for 'tabpfn_fhs'...
fit 0.6984113
fit 0.7576367
fit 0.7601042
fit 0.8226913
fit 0.86473006
Total steps: 75
fitness 0.867617
fitness 0.8852322
fitness 0.8911878
Processing individual 152 for 'tabpfn_fhs'...
fit 0.8675285
fit 0.9174493
fit 0.93991834
fit 0.95254517
Total steps: 75
fitness 0.95566434
fitness 0.96134245
fitness 0.9631264
Processing individual 153 for 'tabpfn_fhs'...
fit 0.7678645
fit 0.79050016
fit 0.82387275
Total steps: 75
fitness 0.8410098
Processing individual 154 for 'tabpfn_fhs'...
fit 0.8413341
fit 0.85261625
fit 0.86560166
fit 0.8947542
fit 0.90993434
Total steps: 75
fitness 0.924844
fitness 0.9279936
Processing individual 155 for 'tabpfn_fhs'...
fit 0.72042024
fit 0.7617291
fit 0.7753291
fit 0.83254945
fit 0.87933
Total steps: 75
fitness 0.88146025
fitness 0.88174224
fitness 0.89711446
fitness 0.9036512
Processing individual 156 for 'tabpfn_fhs'...
fit 0.851945
fit 0.88969654
fit 0.92629254
fit 0.9462867
Total steps: 75
fitness 0.94687057
fitness 0.9545937
fitness 0.9565874
Processing individual 157 for 'tabpfn_fhs'...
fit 0.83491063
fit 0.87662506
fit 0.8842174
fit 0.9200816
Total steps: 75
fitness 0.93021816
Processing individual 158 for 'tabpfn_fhs'...
fit 0.95285267
fit 0.9635216
fit 0.9700949
fit 0.97529733
fit 0.9759291
Total steps: 75
fitness 0.9763031
fitness 0.9766243
fitness 0.98036706
fitness 0.98099476
Processing individual 159 for 'tabpfn_fhs'...
fit 0.89110315
fit 0.91466814
fit 0.9194842
fit 0.93929994
fit 0.9450419
Total steps: 75
fitness 0.94777966
fitness 0.95606273
fitness 0.957956
Processing individual 160 for 'tabpfn_fhs'...
fit 0.9275662
fit 0.94260246
fit 0.9490576
fit 0.96181697
fit 0.96510077
Total steps: 75
fitness 0.9654037
fitness 0.9660289
fitness 0.971282
fitness 0.9724516
Processing individual 161 for 'tabpfn_fhs'...
fit 0.8077582
fit 0.83030415
fit 0.86675835
Total steps: 75
fitness 0.8804684
Processing individual 162 for 'tabpfn_fhs'...
fit 0.9432576
fit 0.95421135
fit 0.96413124
fit 0.97042066
fit 0.9725088
Total steps: 75
fitness 0.9727349
fitness 0.97769356
fitness 0.97846574
Processing individual 163 for 'tabpfn_fhs'...
fit 0.9041784
fit 0.9388333
fit 0.95656514
fit 0.962828
Total steps: 75
fitness 0.9644337
fitness 0.9691238
fitness 0.96994424
Processing individual 164 for 'tabpfn_fhs'...
fit 0.75284594
fit 0.77974546
fit 0.80904144
Total steps: 75
fitness 0.82115626
Processing individual 165 for 'tabpfn_fhs'...
fit 0.80528593
fit 0.8208157
fit 0.8406828
fit 0.86804414
fit 0.8885472
Total steps: 75
fitness 0.899123
fitness 0.90533507
Processing individual 166 for 'tabpfn_fhs'...
fit 0.53777796
fit 0.5451673
fit 0.62088436
fit 0.68448967
fit 0.7208709
Total steps: 75
fitness 0.7272012
fitness 0.73581696
Processing individual 167 for 'tabpfn_fhs'...
fit 0.8413341
fit 0.85261625
fit 0.86560166
fit 0.8947542
fit 0.90993434
Total steps: 75
fitness 0.924844
fitness 0.9279936
Processing individual 168 for 'tabpfn_fhs'...
fit 0.597801
fit 0.60720444
fit 0.6569057
fit 0.72642636
fit 0.7521688
Total steps: 75
fitness 0.7530577
fitness 0.75748014
fitness 0.768578
Processing individual 169 for 'tabpfn_fhs'...
fit 0.8252755
fit 0.8951334
fit 0.9154146
fit 0.93908674
Total steps: 75
fitness 0.94177306
fitness 0.9498859
fitness 0.95212555
Processing individual 170 for 'tabpfn_fhs'...
fit 0.9275662
fit 0.94260246
fit 0.9490576
fit 0.96181697
fit 0.96510077
Total steps: 75
fitness 0.9654037
fitness 0.9660289
fitness 0.971282
fitness 0.9724516
Processing individual 171 for 'tabpfn_fhs'...
fit 0.8593517
fit 0.87008417
fit 0.8848883
fit 0.9123551
fit 0.9222149
Total steps: 75
fitness 0.9227593
fitness 0.92484385
fitness 0.9385336
fitness 0.94068044
Processing individual 172 for 'tabpfn_fhs'...
fit 0.8610686
fit 0.8943088
fit 0.9062738
fit 0.9342416
Total steps: 75
fitness 0.943759
Processing individual 173 for 'tabpfn_fhs'...
fit 0.65004075
fit 0.6800895
fit 0.718466
fit 0.78615624
fit 0.8387521
Total steps: 75
fitness 0.856207
fitness 0.8626778
Processing individual 174 for 'tabpfn_fhs'...
fit 0.851945
fit 0.88969654
fit 0.92629254
fit 0.9462867
Total steps: 75
fitness 0.94687057
fitness 0.9545937
fitness 0.9565874
Processing individual 175 for 'tabpfn_fhs'...
fit 0.89110315
fit 0.91466814
fit 0.9194842
fit 0.93929994
fit 0.9450419
Total steps: 75
fitness 0.94777966
fitness 0.95606273
fitness 0.957956
Processing individual 176 for 'tabpfn_fhs'...
fit 0.8127932
fit 0.81628466
fit 0.845933
fit 0.8740381
fit 0.8931992
Total steps: 75
fitness 0.90468514
fitness 0.90928036
Processing individual 177 for 'tabpfn_fhs'...
fit 0.8610686
fit 0.8943088
fit 0.9062738
fit 0.9342416
Total steps: 75
fitness 0.943759
Processing individual 178 for 'tabpfn_fhs'...
fit 0.9210976
fit 0.9500331
fit 0.9501945
fit 0.96421313
fit 0.96788406
Total steps: 75
fitness 0.9695839
fitness 0.9732199
fitness 0.97395796
Processing individual 179 for 'tabpfn_fhs'...
fit 0.77004373
fit 0.8087529
fit 0.83078754
fit 0.87335753
fit 0.8875234
Total steps: 75
fitness 0.8878653
fitness 0.8904239
Processing individual 180 for 'tabpfn_fhs'...
fit 0.92021763
fit 0.9376594
fit 0.94529116
fit 0.9574318
fit 0.96202046
Total steps: 75
fitness 0.9622553
fitness 0.9624845
fitness 0.9692484
fitness 0.96999985
Processing individual 181 for 'tabpfn_fhs'...
fit 0.86927503
fit 0.87942374
fit 0.9026709
fit 0.9255808
Total steps: 75
fitness 0.93292916
Processing individual 182 for 'tabpfn_fhs'...
fit 0.8675285
fit 0.9174493
fit 0.93991834
fit 0.95254517
Total steps: 75
fitness 0.95566434
fitness 0.96134245
fitness 0.9631264
Processing individual 183 for 'tabpfn_fhs'...
fit 0.797704
fit 0.8222787
fit 0.85998297
Total steps: 75
fitness 0.8728038
Processing individual 184 for 'tabpfn_fhs'...
fit 0.88028324
fit 0.92759454
fit 0.9463878
fit 0.956452
Total steps: 75
fitness 0.95843035
fitness 0.96414584
fitness 0.9654629
Processing individual 185 for 'tabpfn_fhs'...
fit 0.76759934
fit 0.78193665
fit 0.8090113
fit 0.83209866
fit 0.8539906
Total steps: 75
fitness 0.8665177
fitness 0.8719073
Processing individual 186 for 'tabpfn_fhs'...
fit 0.91320825
fit 0.9341744
fit 0.9389479
fit 0.95477563
fit 0.958992
Total steps: 75
fitness 0.96025026
fitness 0.960927
fitness 0.9672204
fitness 0.9678343
Processing individual 187 for 'tabpfn_fhs'...
fit 0.79144466
fit 0.8027457
fit 0.82974046
fit 0.8556441
fit 0.8767428
Total steps: 75
fitness 0.8879011
fitness 0.8931729
Processing individual 188 for 'tabpfn_fhs'...
fit 0.8980746
fit 0.9152133
fit 0.9237394
fit 0.9443437
fit 0.9495675
Total steps: 75
fitness 0.95162624
fitness 0.9518592
fitness 0.95999736
fitness 0.961093
Processing individual 189 for 'tabpfn_fhs'...
fit 0.8654835
fit 0.87783945
fit 0.8892132
fit 0.91979724
fit 0.9261971
Total steps: 75
fitness 0.9287922
fitness 0.94311756
fitness 0.94506484
Processing individual 190 for 'tabpfn_fhs'...
fit 0.92847186
fit 0.954129
fit 0.957115
fit 0.96676004
fit 0.97015774
Total steps: 75
fitness 0.9718765
fitness 0.9751002
fitness 0.9756017
Processing individual 191 for 'tabpfn_fhs'...
fit 0.9210976
fit 0.9500331
fit 0.9501945
fit 0.96421313
fit 0.96788406
Total steps: 75
fitness 0.9695839
fitness 0.9732199
fitness 0.97395796
Processing individual 192 for 'tabpfn_fhs'...
fit 0.9606364
fit 0.96838945
fit 0.9760153
fit 0.97951955
fit 0.98046845
Total steps: 75
fitness 0.9805796
fitness 0.98081213
fitness 0.9838001
fitness 0.9842171
Processing individual 193 for 'tabpfn_fhs'...
fit 0.95751894
fit 0.96496314
fit 0.97277915
fit 0.9773608
fit 0.97793096
Total steps: 75
fitness 0.97820914
fitness 0.978642
fitness 0.9818225
fitness 0.9828642
Processing individual 194 for 'tabpfn_fhs'...
fit 0.78063715
fit 0.8500516
fit 0.88524985
fit 0.92135423
Total steps: 75
fitness 0.9326911
fitness 0.93622184
Processing individual 195 for 'tabpfn_fhs'...
fit 0.92847186
fit 0.954129
fit 0.957115
fit 0.96676004
fit 0.97015774
Total steps: 75
fitness 0.9718765
fitness 0.9751002
fitness 0.9756017
Processing individual 196 for 'tabpfn_fhs'...
fit 0.79144466
fit 0.8027457
fit 0.82974046
fit 0.8556441
fit 0.8767428
Total steps: 75
fitness 0.8879011
fitness 0.8931729
Processing individual 197 for 'tabpfn_fhs'...
fit 0.8654835
fit 0.87783945
fit 0.8892132
fit 0.91979724
fit 0.9261971
Total steps: 75
fitness 0.9287922
fitness 0.94311756
fitness 0.94506484
Processing individual 198 for 'tabpfn_fhs'...
fit 0.7612295
fit 0.82925713
fit 0.873312
fit 0.9127489
Total steps: 75
fitness 0.9141775
fitness 0.9265554
fitness 0.9306558
Processing individual 199 for 'tabpfn_fhs'...
fit 0.7106939
fit 0.74269855
fit 0.76977444
Total steps: 75
fitness 0.78029346
Processing individual 200 for 'tabpfn_fhs'...
fit 0.9380271
fit 0.95405173
fit 0.9617755
fit 0.9705534
fit 0.9724033
Total steps: 75
fitness 0.97446215
fitness 0.9779836
fitness 0.97805333
Processing individual 201 for 'tabpfn_fhs'...
fit 0.66957986
fit 0.7053129
fit 0.73626375
fit 0.78259456
fit 0.82055783
Total steps: 75
fitness 0.82061136
fitness 0.82536435
fitness 0.83332545
Processing individual 202 for 'tabpfn_fhs'...
fit 0.9041784
fit 0.9388333
fit 0.95656514
fit 0.962828
Total steps: 75
fitness 0.9644337
fitness 0.9691238
fitness 0.96994424
Processing individual 203 for 'tabpfn_fhs'...
fit 0.8077582
fit 0.83030415
fit 0.86675835
Total steps: 75
fitness 0.8804684
Processing individual 204 for 'tabpfn_fhs'...
fit 0.88394505
fit 0.9021565
fit 0.909784
fit 0.935237
fit 0.9414197
Total steps: 75
fitness 0.9439684
fitness 0.95236635
fitness 0.9548955
Processing individual 205 for 'tabpfn_fhs'...
fit 0.7678645
fit 0.79050016
fit 0.82387275
Total steps: 75
fitness 0.8410098
Processing individual 206 for 'tabpfn_fhs'...
fit 0.9481112
fit 0.9583212
fit 0.9674767
fit 0.972845
fit 0.9747505
Total steps: 75
fitness 0.9790957
fitness 0.9801509
Processing individual 207 for 'tabpfn_fhs'...
fit 0.8654835
fit 0.87783945
fit 0.8892132
fit 0.91979724
fit 0.9261971
Total steps: 75
fitness 0.9287922
fitness 0.94311756
fitness 0.94506484
Processing individual 208 for 'tabpfn_fhs'...
fit 0.61596763
fit 0.63267124
fit 0.6780986
fit 0.7418403
fit 0.7726231
Total steps: 75
fitness 0.77279866
fitness 0.7825533
Processing individual 209 for 'tabpfn_fhs'...
fit 0.84623724
fit 0.8543851
fit 0.8795641
fit 0.90715724
Total steps: 75
fitness 0.9075457
fitness 0.91646373
Processing individual 210 for 'tabpfn_fhs'...
fit 0.93232787
fit 0.9482945
fit 0.9539791
fit 0.96397465
fit 0.9681384
Total steps: 75
fitness 0.97393703
fitness 0.97507834
Processing individual 211 for 'tabpfn_fhs'...
fit 0.7612295
fit 0.82925713
fit 0.873312
fit 0.9127489
Total steps: 75
fitness 0.9141775
fitness 0.9265554
fitness 0.9306558
Processing individual 212 for 'tabpfn_fhs'...
fit 0.9041784
fit 0.9388333
fit 0.95656514
fit 0.962828
Total steps: 75
fitness 0.9644337
fitness 0.9691238
fitness 0.96994424
Processing individual 213 for 'tabpfn_fhs'...
fit 0.91320825
fit 0.9341744
fit 0.9389479
fit 0.95477563
fit 0.958992
Total steps: 75
fitness 0.96025026
fitness 0.960927
fitness 0.9672204
fitness 0.9678343
Processing individual 214 for 'tabpfn_fhs'...
fit 0.95751894
fit 0.96496314
fit 0.97277915
fit 0.9773608
fit 0.97793096
Total steps: 75
fitness 0.97820914
fitness 0.978642
fitness 0.9818225
fitness 0.9828642
Processing individual 215 for 'tabpfn_fhs'...
fit 0.6917547
fit 0.73530155
fit 0.7490356
fit 0.8013215
fit 0.8387664
Total steps: 75
fitness 0.8413628
fitness 0.84576494
Processing individual 216 for 'tabpfn_fhs'...
fit 0.61596763
fit 0.63267124
fit 0.6780986
fit 0.7418403
fit 0.7726231
Total steps: 75
fitness 0.77279866
fitness 0.7825533
Processing individual 217 for 'tabpfn_fhs'...
fit 0.9380497
fit 0.95206344
fit 0.9582532
fit 0.9681602
fit 0.97059625
Total steps: 75
fitness 0.97076267
fitness 0.97082764
fitness 0.9757926
fitness 0.97596437
Processing individual 218 for 'tabpfn_fhs'...
fit 0.8195929
fit 0.82805204
fit 0.853505
fit 0.8823906
Total steps: 75
fitness 0.8841198
fitness 0.8938119
Processing individual 219 for 'tabpfn_fhs'...
fit 0.71765304
fit 0.7519814
fit 0.77526075
fit 0.82742953
fit 0.8600331
Total steps: 75
fitness 0.86018646
fitness 0.8615148
Processing individual 220 for 'tabpfn_fhs'...
fit 0.92847186
fit 0.954129
fit 0.957115
fit 0.96676004
fit 0.97015774
Total steps: 75
fitness 0.9718765
fitness 0.9751002
fitness 0.9756017
Processing individual 221 for 'tabpfn_fhs'...
fit 0.7267963
fit 0.7942619
fit 0.84446836
fit 0.8851123
Total steps: 75
fitness 0.8866217
fitness 0.8879018
fitness 0.9023758
fitness 0.9081793
Processing individual 222 for 'tabpfn_fhs'...
fit 0.5415118
fit 0.60223806
fit 0.6838961
fit 0.69538516
Total steps: 75
fitness 0.7017752
fitness 0.7103945
fitness 0.73374
Processing individual 223 for 'tabpfn_fhs'...
fit 0.5934917
fit 0.6254421
fit 0.6735977
fit 0.753882
fit 0.8010827
Total steps: 75
fitness 0.82030624
fitness 0.8310742
Processing individual 224 for 'tabpfn_fhs'...
fit 0.91320825
fit 0.9341744
fit 0.9389479
fit 0.95477563
fit 0.958992
Total steps: 75
fitness 0.96025026
fitness 0.960927
fitness 0.9672204
fitness 0.9678343
Processing individual 225 for 'tabpfn_fhs'...
fit 0.8593517
fit 0.87008417
fit 0.8848883
fit 0.9123551
fit 0.9222149
Total steps: 75
fitness 0.9227593
fitness 0.92484385
fitness 0.9385336
fitness 0.94068044
Processing individual 226 for 'tabpfn_fhs'...
fit 0.95285267
fit 0.9635216
fit 0.9700949
fit 0.97529733
fit 0.9759291
Total steps: 75
fitness 0.9763031
fitness 0.9766243
fitness 0.98036706
fitness 0.98099476
Processing individual 227 for 'tabpfn_fhs'...
fit 0.8593517
fit 0.87008417
fit 0.8848883
fit 0.9123551
fit 0.9222149
Total steps: 75
fitness 0.9227593
fitness 0.92484385
fitness 0.9385336
fitness 0.94068044
Processing individual 228 for 'tabpfn_fhs'...
fit 0.9067035
fit 0.92434865
fit 0.9314311
fit 0.94964916
fit 0.9550657
Total steps: 75
fitness 0.9568312
fitness 0.9629651
fitness 0.9645263
Processing individual 229 for 'tabpfn_fhs'...
fit 0.7798948
fit 0.80177915
fit 0.83774924
Total steps: 75
fitness 0.8548423
Processing individual 230 for 'tabpfn_fhs'...
fit 0.73027366
fit 0.7562601
fit 0.7865774
Total steps: 75
fitness 0.7866808
fitness 0.79926664
Processing individual 231 for 'tabpfn_fhs'...
fit 0.9275662
fit 0.94260246
fit 0.9490576
fit 0.96181697
fit 0.96510077
Total steps: 75
fitness 0.9654037
fitness 0.9660289
fitness 0.971282
fitness 0.9724516
Processing individual 232 for 'tabpfn_fhs'...
fit 0.89291143
fit 0.9345853
fit 0.95298547
fit 0.9603089
Total steps: 75
fitness 0.9611072
fitness 0.962054
fitness 0.96652013
fitness 0.96769977
Processing individual 233 for 'tabpfn_fhs'...
fit 0.8061282
fit 0.8308755
fit 0.8709756
Total steps: 75
fitness 0.88112485
Processing individual 234 for 'tabpfn_fhs'...
fit 0.72042024
fit 0.7617291
fit 0.7753291
fit 0.83254945
fit 0.87933
Total steps: 75
fitness 0.88146025
fitness 0.88174224
fitness 0.89711446
fitness 0.9036512
Processing individual 235 for 'tabpfn_fhs'...
fit 0.95751894
fit 0.96496314
fit 0.97277915
fit 0.9773608
fit 0.97793096
Total steps: 75
fitness 0.97820914
fitness 0.978642
fitness 0.9818225
fitness 0.9828642
Processing individual 236 for 'tabpfn_fhs'...
fit 0.80528593
fit 0.8208157
fit 0.8406828
fit 0.86804414
fit 0.8885472
Total steps: 75
fitness 0.899123
fitness 0.90533507
Processing individual 237 for 'tabpfn_fhs'...
fit 0.8735707
fit 0.90743655
fit 0.91540635
fit 0.94109267
Total steps: 75
fitness 0.94905454
Processing individual 238 for 'tabpfn_fhs'...
fit 0.78786194
fit 0.806882
fit 0.8445427
Total steps: 75
fitness 0.8595467
Processing individual 239 for 'tabpfn_fhs'...
fit 0.89110315
fit 0.91466814
fit 0.9194842
fit 0.93929994
fit 0.9450419
Total steps: 75
fitness 0.94777966
fitness 0.95606273
fitness 0.957956
Processing individual 240 for 'tabpfn_fhs'...
fit 0.80278236
fit 0.85965836
fit 0.89910436
fit 0.92757446
Total steps: 75
fitness 0.9278938
fitness 0.9378246
fitness 0.9410746
Processing individual 241 for 'tabpfn_fhs'...
fit 0.7596602
fit 0.81715095
fit 0.8636521
fit 0.90724456
Total steps: 75
fitness 0.9081471
fitness 0.9213389
fitness 0.9256937
Processing individual 242 for 'tabpfn_fhs'...
fit 0.7596602
fit 0.81715095
fit 0.8636521
fit 0.90724456
Total steps: 75
fitness 0.9081471
fitness 0.9213389
fitness 0.9256937
Processing individual 243 for 'tabpfn_fhs'...
fit 0.77408916
fit 0.7960612
fit 0.8322755
Total steps: 75
fitness 0.8459411
Processing individual 244 for 'tabpfn_fhs'...
fit 0.93232787
fit 0.9482945
fit 0.9539791
fit 0.96397465
fit 0.9681384
Total steps: 75
fitness 0.97393703
fitness 0.97507834
Processing individual 245 for 'tabpfn_fhs'...
fit 0.8127932
fit 0.81628466
fit 0.845933
fit 0.8740381
fit 0.8931992
Total steps: 75
fitness 0.90468514
fitness 0.90928036
Processing individual 246 for 'tabpfn_fhs'...
fit 0.80278236
fit 0.85965836
fit 0.89910436
fit 0.92757446
Total steps: 75
fitness 0.9278938
fitness 0.9378246
fitness 0.9410746
Processing individual 247 for 'tabpfn_fhs'...
fit 0.571387
fit 0.63709646
fit 0.7095786
fit 0.7322367
Total steps: 75
fitness 0.7358333
fitness 0.7394359
fitness 0.76034766
Processing individual 248 for 'tabpfn_fhs'...
fit 0.8980746
fit 0.9152133
fit 0.9237394
fit 0.9443437
fit 0.9495675
Total steps: 75
fitness 0.95162624
fitness 0.9518592
fitness 0.95999736
fitness 0.961093
Processing individual 249 for 'tabpfn_fhs'...
fit 0.8675285
fit 0.9174493
fit 0.93991834
fit 0.95254517
Total steps: 75
fitness 0.95566434
fitness 0.96134245
fitness 0.9631264
Processing individual 250 for 'tabpfn_fhs'...
fit 0.92021763
fit 0.9376594
fit 0.94529116
fit 0.9574318
fit 0.96202046
Total steps: 75
fitness 0.9622553
fitness 0.9624845
fitness 0.9692484
fitness 0.96999985
Processing individual 251 for 'tabpfn_fhs'...
fit 0.85955966
fit 0.90284944
fit 0.9326081
fit 0.95015407
Total steps: 75
fitness 0.9516384
fitness 0.95860344
fitness 0.96005964
Processing individual 252 for 'tabpfn_fhs'...
fit 0.82858455
fit 0.8364067
fit 0.85911083
fit 0.89062256
Total steps: 75
fitness 0.8911106
fitness 0.9007109
Processing individual 253 for 'tabpfn_fhs'...
fit 0.9481112
fit 0.9583212
fit 0.9674767
fit 0.972845
fit 0.9747505
Total steps: 75
fitness 0.9790957
fitness 0.9801509
Processing individual 254 for 'tabpfn_fhs'...
fit 0.9432576
fit 0.95421135
fit 0.96413124
fit 0.97042066
fit 0.9725088
Total steps: 75
fitness 0.9727349
fitness 0.97769356
fitness 0.97846574
Processing individual 255 for 'tabpfn_fhs'...
fit 0.8675285
fit 0.9174493
fit 0.93991834
fit 0.95254517
Total steps: 75
fitness 0.95566434
fitness 0.96134245
fitness 0.9631264
Processing individual 256 for 'tabpfn_fhs'...
fit 0.80278236
fit 0.85965836
fit 0.89910436
fit 0.92757446
Total steps: 75
fitness 0.9278938
fitness 0.9378246
fitness 0.9410746
Processing individual 257 for 'tabpfn_fhs'...
fit 0.5998045
fit 0.6272968
fit 0.6653692
fit 0.73309124
fit 0.7888186
Total steps: 75
fitness 0.80452013
fitness 0.8203488
Processing individual 258 for 'tabpfn_fhs'...
fit 0.8980746
fit 0.9152133
fit 0.9237394
fit 0.9443437
fit 0.9495675
Total steps: 75
fitness 0.95162624
fitness 0.9518592
fitness 0.95999736
fitness 0.961093
Processing individual 259 for 'tabpfn_fhs'...
fit 0.9067035
fit 0.92434865
fit 0.9314311
fit 0.94964916
fit 0.9550657
Total steps: 75
fitness 0.9568312
fitness 0.9629651
fitness 0.9645263
Processing individual 260 for 'tabpfn_fhs'...
fit 0.9275662
fit 0.94260246
fit 0.9490576
fit 0.96181697
fit 0.96510077
Total steps: 75
fitness 0.9654037
fitness 0.9660289
fitness 0.971282
fitness 0.9724516
Processing individual 261 for 'tabpfn_fhs'...
fit 0.9432576
fit 0.95421135
fit 0.96413124
fit 0.97042066
fit 0.9725088
Total steps: 75
fitness 0.9727349
fitness 0.97769356
fitness 0.97846574
Processing individual 262 for 'tabpfn_fhs'...
fit 0.79144466
fit 0.8027457
fit 0.82974046
fit 0.8556441
fit 0.8767428
Total steps: 75
fitness 0.8879011
fitness 0.8931729
Processing individual 263 for 'tabpfn_fhs'...
fit 0.9380497
fit 0.95206344
fit 0.9582532
fit 0.9681602
fit 0.97059625
Total steps: 75
fitness 0.97076267
fitness 0.97082764
fitness 0.9757926
fitness 0.97596437
Processing individual 264 for 'tabpfn_fhs'...
fit 0.92021763
fit 0.9376594
fit 0.94529116
fit 0.9574318
fit 0.96202046
Total steps: 75
fitness 0.9622553
fitness 0.9624845
fitness 0.9692484
fitness 0.96999985
Processing individual 265 for 'tabpfn_fhs'...
fit 0.6917547
fit 0.73530155
fit 0.7490356
fit 0.8013215
fit 0.8387664
Total steps: 75
fitness 0.8413628
fitness 0.84576494
Processing individual 266 for 'tabpfn_fhs'...
fit 0.70754266
fit 0.77658916
fit 0.82500654
fit 0.8676257
Total steps: 75
fitness 0.8738117
fitness 0.89136434
fitness 0.89768064
Processing individual 267 for 'tabpfn_fhs'...
fit 0.8213101
fit 0.8309982
fit 0.84960634
fit 0.8789451
fit 0.8971368
Total steps: 75
fitness 0.9098078
fitness 0.9136833
Processing individual 268 for 'tabpfn_fhs'...
fit 0.75864756
fit 0.7829794
fit 0.81861967
Total steps: 75
fitness 0.83245486
Processing individual 269 for 'tabpfn_fhs'...
fit 0.51628786
fit 0.5186957
fit 0.5896586
fit 0.6773633
fit 0.696535
Total steps: 75
fitness 0.70797205
fitness 0.7209686
Processing individual 270 for 'tabpfn_fhs'...
fit 0.9067035
fit 0.92434865
fit 0.9314311
fit 0.94964916
fit 0.9550657
Total steps: 75
fitness 0.9568312
fitness 0.9629651
fitness 0.9645263
Processing individual 271 for 'tabpfn_fhs'...
fit 0.851945
fit 0.88969654
fit 0.92629254
fit 0.9462867
Total steps: 75
fitness 0.94687057
fitness 0.9545937
fitness 0.9565874
Processing individual 272 for 'tabpfn_fhs'...
fit 0.82721496
fit 0.83808005
fit 0.85493535
fit 0.88445103
fit 0.90316945
Total steps: 75
fitness 0.91475606
fitness 0.9187955
Processing individual 273 for 'tabpfn_fhs'...
fit 0.5853628
fit 0.5954178
fit 0.6511022
fit 0.72472465
fit 0.7430581
Total steps: 75
fitness 0.7477931
fitness 0.76217645
Processing individual 274 for 'tabpfn_fhs'...
fit 0.9481112
fit 0.9583212
fit 0.9674767
fit 0.972845
fit 0.9747505
Total steps: 75
fitness 0.9790957
fitness 0.9801509
Processing individual 275 for 'tabpfn_fhs'...
fit 0.73027366
fit 0.7562601
fit 0.7865774
Total steps: 75
fitness 0.7866808
fitness 0.79926664
Processing individual 276 for 'tabpfn_fhs'...
fit 0.82721496
fit 0.83808005
fit 0.85493535
fit 0.88445103
fit 0.90316945
Total steps: 75
fitness 0.91475606
fitness 0.9187955
Processing individual 277 for 'tabpfn_fhs'...
fit 0.9380497
fit 0.95206344
fit 0.9582532
fit 0.9681602
fit 0.97059625
Total steps: 75
fitness 0.97076267
fitness 0.97082764
fitness 0.9757926
fitness 0.97596437
Processing individual 278 for 'tabpfn_fhs'...
fit 0.7942432
fit 0.81880546
fit 0.85171497
Total steps: 75
fitness 0.8660166
Processing individual 279 for 'tabpfn_fhs'...
fit 0.94895536
fit 0.9633437
fit 0.9692805
fit 0.9758265
fit 0.97745275
Total steps: 75
fitness 0.9795555
fitness 0.9814435
fitness 0.98193645
Processing individual 280 for 'tabpfn_fhs'...
fit 0.7798948
fit 0.80177915
fit 0.83774924
Total steps: 75
fitness 0.8548423
Processing individual 281 for 'tabpfn_fhs'...
fit 0.79908305
fit 0.8131979
fit 0.837059
fit 0.8607621
fit 0.8823371
Total steps: 75
fitness 0.8945877
fitness 0.89840174
Processing individual 282 for 'tabpfn_fhs'...
fit 0.9481112
fit 0.9583212
fit 0.9674767
fit 0.972845
fit 0.9747505
Total steps: 75
fitness 0.9790957
fitness 0.9801509
Processing individual 283 for 'tabpfn_fhs'...
fit 0.8202251
fit 0.8607128
fit 0.8630744
fit 0.9070785
fit 0.90903234
Total steps: 75
fitness 0.9151368
fitness 0.918212
Processing individual 284 for 'tabpfn_fhs'...
fit 0.6709129
fit 0.6986875
fit 0.72614247
Total steps: 75
fitness 0.74201417
Processing individual 285 for 'tabpfn_fhs'...
fit 0.9481112
fit 0.9583212
fit 0.9674767
fit 0.972845
fit 0.9747505
Total steps: 75
fitness 0.9790957
fitness 0.9801509
Processing individual 286 for 'tabpfn_fhs'...
fit 0.8122687
fit 0.8660463
fit 0.908753
fit 0.93403655
Total steps: 75
fitness 0.9358276
fitness 0.94429135
fitness 0.94684494
Processing individual 287 for 'tabpfn_fhs'...
fit 0.7267963
fit 0.7942619
fit 0.84446836
fit 0.8851123
Total steps: 75
fitness 0.8866217
fitness 0.8879018
fitness 0.9023758
fitness 0.9081793
Processing individual 288 for 'tabpfn_fhs'...
fit 0.8980746
fit 0.9152133
fit 0.9237394
fit 0.9443437
fit 0.9495675
Total steps: 75
fitness 0.95162624
fitness 0.9518592
fitness 0.95999736
fitness 0.961093
Processing individual 289 for 'tabpfn_fhs'...
fit 0.9432576
fit 0.95421135
fit 0.96413124
fit 0.97042066
fit 0.9725088
Total steps: 75
fitness 0.9727349
fitness 0.97769356
fitness 0.97846574
Processing individual 290 for 'tabpfn_fhs'...
fit 0.56345963
fit 0.6298463
fit 0.7022642
fit 0.7234182
Total steps: 75
fitness 0.7337676
fitness 0.74801946
Processing individual 291 for 'tabpfn_fhs'...
fit 0.78786194
fit 0.806882
fit 0.8445427
Total steps: 75
fitness 0.8595467
Processing individual 292 for 'tabpfn_fhs'...
fit 0.65004075
fit 0.6800895
fit 0.718466
fit 0.78615624
fit 0.8387521
Total steps: 75
fitness 0.856207
fitness 0.8626778
Processing individual 293 for 'tabpfn_fhs'...
fit 0.6395613
fit 0.6972332
fit 0.7137443
fit 0.77140373
fit 0.82792246
Total steps: 75
fitness 0.8301216
fitness 0.84895515
fitness 0.86135644
Processing individual 294 for 'tabpfn_fhs'...
fit 0.8252755
fit 0.8951334
fit 0.9154146
fit 0.93908674
Total steps: 75
fitness 0.94177306
fitness 0.9498859
fitness 0.95212555
Processing individual 295 for 'tabpfn_fhs'...
fit 0.7207963
fit 0.72539675
fit 0.76638466
Total steps: 75
fitness 0.77277464
fitness 0.773736
Processing individual 296 for 'tabpfn_fhs'...
fit 0.9275662
fit 0.94260246
fit 0.9490576
fit 0.96181697
fit 0.96510077
Total steps: 75
fitness 0.9654037
fitness 0.9660289
fitness 0.971282
fitness 0.9724516
Processing individual 297 for 'tabpfn_fhs'...
fit 0.7525417
fit 0.8004352
fit 0.8064135
fit 0.85906714
fit 0.90111864
Total steps: 75
fitness 0.9155673
fitness 0.9206591
Processing individual 298 for 'tabpfn_fhs'...
fit 0.8980746
fit 0.9152133
fit 0.9237394
fit 0.9443437
fit 0.9495675
Total steps: 75
fitness 0.95162624
fitness 0.9518592
fitness 0.95999736
fitness 0.961093
Processing individual 299 for 'tabpfn_fhs'...
fit 0.8593517
fit 0.87008417
fit 0.8848883
fit 0.9123551
fit 0.9222149
Total steps: 75
fitness 0.9227593
fitness 0.92484385
fitness 0.9385336
fitness 0.94068044
Processing individual 300 for 'tabpfn_fhs'...
fit 0.9432576
fit 0.95421135
fit 0.96413124
fit 0.97042066
fit 0.9725088
Total steps: 75
fitness 0.9727349
fitness 0.97769356
fitness 0.97846574
Processing individual 301 for 'tabpfn_fhs'...
fit 0.6984113
fit 0.7576367
fit 0.7601042
fit 0.8226913
fit 0.86473006
Total steps: 75
fitness 0.867617
fitness 0.8852322
fitness 0.8911878
Processing individual 302 for 'tabpfn_fhs'...
fit 0.9275662
fit 0.94260246
fit 0.9490576
fit 0.96181697
fit 0.96510077
Total steps: 75
fitness 0.9654037
fitness 0.9660289
fitness 0.971282
fitness 0.9724516
Processing individual 303 for 'tabpfn_fhs'...
fit 0.8413341
fit 0.85261625
fit 0.86560166
fit 0.8947542
fit 0.90993434
Total steps: 75
fitness 0.924844
fitness 0.9279936
Processing individual 304 for 'tabpfn_fhs'...
fit 0.6395613
fit 0.6972332
fit 0.7137443
fit 0.77140373
fit 0.82792246
Total steps: 75
fitness 0.8301216
fitness 0.84895515
fitness 0.86135644
Processing individual 305 for 'tabpfn_fhs'...
fit 0.80278236
fit 0.85965836
fit 0.89910436
fit 0.92757446
Total steps: 75
fitness 0.9278938
fitness 0.9378246
fitness 0.9410746
Processing individual 306 for 'tabpfn_fhs'...
fit 0.91220444
fit 0.9404784
fit 0.94432604
fit 0.9602816
fit 0.96539986
Total steps: 75
fitness 0.96673304
fitness 0.96679056
fitness 0.97129196
fitness 0.9717873
Processing individual 307 for 'tabpfn_fhs'...
fit 0.91320825
fit 0.9341744
fit 0.9389479
fit 0.95477563
fit 0.958992
Total steps: 75
fitness 0.96025026
fitness 0.960927
fitness 0.9672204
fitness 0.9678343
Processing individual 308 for 'tabpfn_fhs'...
fit 0.9668235
fit 0.9727191
fit 0.98061675
fit 0.983277
fit 0.9834271
Total steps: 75
fitness 0.98407847
fitness 0.9842199
fitness 0.98657614
fitness 0.9868396
Processing individual 309 for 'tabpfn_fhs'...
fit 0.8593517
fit 0.87008417
fit 0.8848883
fit 0.9123551
fit 0.9222149
Total steps: 75
fitness 0.9227593
fitness 0.92484385
fitness 0.9385336
fitness 0.94068044
Processing individual 310 for 'tabpfn_fhs'...
fit 0.9481112
fit 0.9583212
fit 0.9674767
fit 0.972845
fit 0.9747505
Total steps: 75
fitness 0.9790957
fitness 0.9801509
Processing individual 311 for 'tabpfn_fhs'...
fit 0.9111119
fit 0.9418762
fit 0.9464218
fit 0.9597903
fit 0.96607894
Total steps: 75
fitness 0.9716163
fitness 0.9728776
Processing individual 312 for 'tabpfn_fhs'...
fit 0.6984113
fit 0.7576367
fit 0.7601042
fit 0.8226913
fit 0.86473006
Total steps: 75
fitness 0.867617
fitness 0.8852322
fitness 0.8911878
Processing individual 313 for 'tabpfn_fhs'...
fit 0.7028487
fit 0.7448513
fit 0.7632892
fit 0.8181614
fit 0.85060716
Total steps: 75
fitness 0.85063636
fitness 0.85144466
fitness 0.85416657
Processing individual 314 for 'tabpfn_fhs'...
fit 0.7596602
fit 0.81715095
fit 0.8636521
fit 0.90724456
Total steps: 75
fitness 0.9081471
fitness 0.9213389
fitness 0.9256937
Processing individual 315 for 'tabpfn_fhs'...
fit 0.59490687
fit 0.60295266
fit 0.67059034
fit 0.7388394
fit 0.7628306
Total steps: 75
fitness 0.7655676
fitness 0.77880883
Processing individual 316 for 'tabpfn_fhs'...
fit 0.87096447
fit 0.8861143
fit 0.8953802
fit 0.92277056
fit 0.9315035
Total steps: 75
fitness 0.9344894
fitness 0.94603723
fitness 0.9482702
Processing individual 317 for 'tabpfn_fhs'...
fit 0.84623724
fit 0.8543851
fit 0.8795641
fit 0.90715724
Total steps: 75
fitness 0.9075457
fitness 0.91646373
Processing individual 318 for 'tabpfn_fhs'...
fit 0.8213101
fit 0.8309982
fit 0.84960634
fit 0.8789451
fit 0.8971368
Total steps: 75
fitness 0.9098078
fitness 0.9136833
Processing individual 319 for 'tabpfn_fhs'...
fit 0.7612295
fit 0.82925713
fit 0.873312
fit 0.9127489
Total steps: 75
fitness 0.9141775
fitness 0.9265554
fitness 0.9306558
Processing individual 320 for 'tabpfn_fhs'...
fit 0.89291143
fit 0.9345853
fit 0.95298547
fit 0.9603089
Total steps: 75
fitness 0.9611072
fitness 0.962054
fitness 0.96652013
fitness 0.96769977
Processing individual 321 for 'tabpfn_fhs'...
fit 0.88394505
fit 0.9021565
fit 0.909784
fit 0.935237
fit 0.9414197
Total steps: 75
fitness 0.9439684
fitness 0.95236635
fitness 0.9548955
Processing individual 322 for 'tabpfn_fhs'...
fit 0.85955966
fit 0.90284944
fit 0.9326081
fit 0.95015407
Total steps: 75
fitness 0.9516384
fitness 0.95860344
fitness 0.96005964
Processing individual 323 for 'tabpfn_fhs'...
fit 0.6224479
fit 0.6696737
fit 0.69504243
fit 0.7640161
fit 0.8163717
Total steps: 75
fitness 0.8437629
fitness 0.8475138
Processing individual 324 for 'tabpfn_fhs'...
fit 0.8888093
fit 0.90339196
fit 0.91866606
fit 0.93843305
Total steps: 75
fitness 0.939055
fitness 0.944751
Processing individual 325 for 'tabpfn_fhs'...
fit 0.78063715
fit 0.8500516
fit 0.88524985
fit 0.92135423
Total steps: 75
fitness 0.9326911
fitness 0.93622184
Processing individual 326 for 'tabpfn_fhs'...
fit 0.9380271
fit 0.95405173
fit 0.9617755
fit 0.9705534
fit 0.9724033
Total steps: 75
fitness 0.97446215
fitness 0.9779836
fitness 0.97805333
Processing individual 327 for 'tabpfn_fhs'...
fit 0.75013405
fit 0.75770617
fit 0.79946005
Total steps: 75
fitness 0.8073336
fitness 0.80765563
Processing individual 328 for 'tabpfn_fhs'...
fit 0.80528593
fit 0.8208157
fit 0.8406828
fit 0.86804414
fit 0.8885472
Total steps: 75
fitness 0.899123
fitness 0.90533507
Processing individual 329 for 'tabpfn_fhs'...
fit 0.89110315
fit 0.91466814
fit 0.9194842
fit 0.93929994
fit 0.9450419
Total steps: 75
fitness 0.94777966
fitness 0.95606273
fitness 0.957956
Processing individual 330 for 'tabpfn_fhs'...
fit 0.6851958
fit 0.71834713
fit 0.7453002
fit 0.80432665
fit 0.84960884
Total steps: 75
fitness 0.851522
fitness 0.85302275
fitness 0.87250656
fitness 0.8777403
Processing individual 331 for 'tabpfn_fhs'...
fit 0.8413341
fit 0.85261625
fit 0.86560166
fit 0.8947542
fit 0.90993434
Total steps: 75
fitness 0.924844
fitness 0.9279936
Processing individual 332 for 'tabpfn_fhs'...
fit 0.6883539
fit 0.73153687
fit 0.75077254
fit 0.811865
fit 0.86350596
Total steps: 75
fitness 0.87901735
fitness 0.8855962
Processing individual 333 for 'tabpfn_fhs'...
fit 0.95751894
fit 0.96496314
fit 0.97277915
fit 0.9773608
fit 0.97793096
Total steps: 75
fitness 0.97820914
fitness 0.978642
fitness 0.9818225
fitness 0.9828642
Processing individual 334 for 'tabpfn_fhs'...
fit 0.746697
fit 0.7886229
fit 0.7934905
fit 0.84762156
fit 0.89288557
Total steps: 75
fitness 0.8935484
fitness 0.89432925
fitness 0.90952694
fitness 0.914297
Processing individual 335 for 'tabpfn_fhs'...
fit 0.85955966
fit 0.90284944
fit 0.9326081
fit 0.95015407
Total steps: 75
fitness 0.9516384
fitness 0.95860344
fitness 0.96005964
Processing individual 336 for 'tabpfn_fhs'...
fit 0.7352761
fit 0.76144564
fit 0.7978756
Total steps: 75
fitness 0.80774564
Processing individual 337 for 'tabpfn_fhs'...
fit 0.797704
fit 0.8222787
fit 0.85998297
Total steps: 75
fitness 0.8728038
Processing individual 338 for 'tabpfn_fhs'...
fit 0.85955966
fit 0.90284944
fit 0.9326081
fit 0.95015407
Total steps: 75
fitness 0.9516384
fitness 0.95860344
fitness 0.96005964
Processing individual 339 for 'tabpfn_fhs'...
fit 0.9067035
fit 0.92434865
fit 0.9314311
fit 0.94964916
fit 0.9550657
Total steps: 75
fitness 0.9568312
fitness 0.9629651
fitness 0.9645263
Processing individual 340 for 'tabpfn_fhs'...
fit 0.84623724
fit 0.8543851
fit 0.8795641
fit 0.90715724
Total steps: 75
fitness 0.9075457
fitness 0.91646373
Processing individual 341 for 'tabpfn_fhs'...
fit 0.9275662
fit 0.94260246
fit 0.9490576
fit 0.96181697
fit 0.96510077
Total steps: 75
fitness 0.9654037
fitness 0.9660289
fitness 0.971282
fitness 0.9724516
Processing individual 342 for 'tabpfn_fhs'...
fit 0.89291143
fit 0.9345853
fit 0.95298547
fit 0.9603089
Total steps: 75
fitness 0.9611072
fitness 0.962054
fitness 0.96652013
fitness 0.96769977
Processing individual 343 for 'tabpfn_fhs'...
fit 0.9668235
fit 0.9727191
fit 0.98061675
fit 0.983277
fit 0.9834271
Total steps: 75
fitness 0.98407847
fitness 0.9842199
fitness 0.98657614
fitness 0.9868396
Processing individual 344 for 'tabpfn_fhs'...
fit 0.73027366
fit 0.7562601
fit 0.7865774
Total steps: 75
fitness 0.7866808
fitness 0.79926664
Processing individual 345 for 'tabpfn_fhs'...
fit 0.83491063
fit 0.87662506
fit 0.8842174
fit 0.9200816
Total steps: 75
fitness 0.93021816
Processing individual 346 for 'tabpfn_fhs'...
fit 0.87096447
fit 0.8861143
fit 0.8953802
fit 0.92277056
fit 0.9315035
Total steps: 75
fitness 0.9344894
fitness 0.94603723
fitness 0.9482702
Processing individual 347 for 'tabpfn_fhs'...
fit 0.6886674
fit 0.7009845
fit 0.7319749
Total steps: 75
fitness 0.7394396
fitness 0.74520516
Processing individual 348 for 'tabpfn_fhs'...
fit 0.59490687
fit 0.60295266
fit 0.67059034
fit 0.7388394
fit 0.7628306
Total steps: 75
fitness 0.7655676
fitness 0.77880883
Processing individual 349 for 'tabpfn_fhs'...
fit 0.89886236
fit 0.9199582
fit 0.9383176
fit 0.9516676
Total steps: 75
fitness 0.9524452
fitness 0.9577297
Processing individual 350 for 'tabpfn_fhs'...
fit 0.88394505
fit 0.9021565
fit 0.909784
fit 0.935237
fit 0.9414197
Total steps: 75
fitness 0.9439684
fitness 0.95236635
fitness 0.9548955
Processing individual 351 for 'tabpfn_fhs'...
fit 0.7612295
fit 0.82925713
fit 0.873312
fit 0.9127489
Total steps: 75
fitness 0.9141775
fitness 0.9265554
fitness 0.9306558
Processing individual 352 for 'tabpfn_fhs'...
fit 0.91320825
fit 0.9341744
fit 0.9389479
fit 0.95477563
fit 0.958992
Total steps: 75
fitness 0.96025026
fitness 0.960927
fitness 0.9672204
fitness 0.9678343
Processing individual 353 for 'tabpfn_fhs'...
fit 0.7352761
fit 0.76144564
fit 0.7978756
Total steps: 75
fitness 0.80774564
Processing individual 354 for 'tabpfn_fhs'...
fit 0.8413341
fit 0.85261625
fit 0.86560166
fit 0.8947542
fit 0.90993434
Total steps: 75
fitness 0.924844
fitness 0.9279936
Processing individual 355 for 'tabpfn_fhs'...
fit 0.7678645
fit 0.79050016
fit 0.82387275
Total steps: 75
fitness 0.8410098
Processing individual 356 for 'tabpfn_fhs'...
fit 0.7028487
fit 0.7448513
fit 0.7632892
fit 0.8181614
fit 0.85060716
Total steps: 75
fitness 0.85063636
fitness 0.85144466
fitness 0.85416657
Processing individual 357 for 'tabpfn_fhs'...
fit 0.851945
fit 0.88969654
fit 0.92629254
fit 0.9462867
Total steps: 75
fitness 0.94687057
fitness 0.9545937
fitness 0.9565874
Processing individual 358 for 'tabpfn_fhs'...
fit 0.93232787
fit 0.9482945
fit 0.9539791
fit 0.96397465
fit 0.9681384
Total steps: 75
fitness 0.97393703
fitness 0.97507834
Processing individual 359 for 'tabpfn_fhs'...
fit 0.93232787
fit 0.9482945
fit 0.9539791
fit 0.96397465
fit 0.9681384
Total steps: 75
fitness 0.97393703
fitness 0.97507834
Processing individual 360 for 'tabpfn_fhs'...
fit 0.86927503
fit 0.87942374
fit 0.9026709
fit 0.9255808
Total steps: 75
fitness 0.93292916
Processing individual 361 for 'tabpfn_fhs'...
fit 0.7596602
fit 0.81715095
fit 0.8636521
fit 0.90724456
Total steps: 75
fitness 0.9081471
fitness 0.9213389
fitness 0.9256937
Processing individual 362 for 'tabpfn_fhs'...
fit 0.92847186
fit 0.954129
fit 0.957115
fit 0.96676004
fit 0.97015774
Total steps: 75
fitness 0.9718765
fitness 0.9751002
fitness 0.9756017
Processing individual 363 for 'tabpfn_fhs'...
fit 0.92021763
fit 0.9376594
fit 0.94529116
fit 0.9574318
fit 0.96202046
Total steps: 75
fitness 0.9622553
fitness 0.9624845
fitness 0.9692484
fitness 0.96999985
Processing individual 364 for 'tabpfn_fhs'...
fit 0.7525417
fit 0.8004352
fit 0.8064135
fit 0.85906714
fit 0.90111864
Total steps: 75
fitness 0.9155673
fitness 0.9206591
Processing individual 365 for 'tabpfn_fhs'...
fit 0.89110315
fit 0.91466814
fit 0.9194842
fit 0.93929994
fit 0.9450419
Total steps: 75
fitness 0.94777966
fitness 0.95606273
fitness 0.957956
Processing individual 366 for 'tabpfn_fhs'...
fit 0.7678645
fit 0.79050016
fit 0.82387275
Total steps: 75
fitness 0.8410098
Processing individual 367 for 'tabpfn_fhs'...
fit 0.76087195
fit 0.77692145
fit 0.8044142
fit 0.82560974
fit 0.8471422
Total steps: 75
fitness 0.8586854
fitness 0.8650703
Processing individual 368 for 'tabpfn_fhs'...
fit 0.88394505
fit 0.9021565
fit 0.909784
fit 0.935237
fit 0.9414197
Total steps: 75
fitness 0.9439684
fitness 0.95236635
fitness 0.9548955
Processing individual 369 for 'tabpfn_fhs'...
fit 0.93232787
fit 0.9482945
fit 0.9539791
fit 0.96397465
fit 0.9681384
Total steps: 75
fitness 0.97393703
fitness 0.97507834
Processing individual 370 for 'tabpfn_fhs'...
fit 0.88028324
fit 0.92759454
fit 0.9463878
fit 0.956452
Total steps: 75
fitness 0.95843035
fitness 0.96414584
fitness 0.9654629
Processing individual 371 for 'tabpfn_fhs'...
fit 0.8252755
fit 0.8951334
fit 0.9154146
fit 0.93908674
Total steps: 75
fitness 0.94177306
fitness 0.9498859
fitness 0.95212555
Processing individual 372 for 'tabpfn_fhs'...
fit 0.8735707
fit 0.90743655
fit 0.91540635
fit 0.94109267
Total steps: 75
fitness 0.94905454
Processing individual 373 for 'tabpfn_fhs'...
fit 0.6984113
fit 0.7576367
fit 0.7601042
fit 0.8226913
fit 0.86473006
Total steps: 75
fitness 0.867617
fitness 0.8852322
fitness 0.8911878
Processing individual 374 for 'tabpfn_fhs'...
fit 0.92021763
fit 0.9376594
fit 0.94529116
fit 0.9574318
fit 0.96202046
Total steps: 75
fitness 0.9622553
fitness 0.9624845
fitness 0.9692484
fitness 0.96999985
Processing individual 375 for 'tabpfn_fhs'...
fit 0.84623724
fit 0.8543851
fit 0.8795641
fit 0.90715724
Total steps: 75
fitness 0.9075457
fitness 0.91646373
Processing individual 376 for 'tabpfn_fhs'...
fit 0.7464261
fit 0.7737161
fit 0.8027065
Total steps: 75
fitness 0.80321056
fitness 0.8178234
Processing individual 377 for 'tabpfn_fhs'...
fit 0.72042024
fit 0.7617291
fit 0.7753291
fit 0.83254945
fit 0.87933
Total steps: 75
fitness 0.88146025
fitness 0.88174224
fitness 0.89711446
fitness 0.9036512
Processing individual 378 for 'tabpfn_fhs'...
fit 0.7934747
fit 0.8235961
fit 0.84233224
fit 0.888883
fit 0.8954843
Total steps: 75
fitness 0.89807665
fitness 0.89962083
Processing individual 379 for 'tabpfn_fhs'...
fit 0.8983645
fit 0.907409
fit 0.9266297
fit 0.94409084
Total steps: 75
fitness 0.94485223
fitness 0.95117104
Processing individual 380 for 'tabpfn_fhs'...
fit 0.9275662
fit 0.94260246
fit 0.9490576
fit 0.96181697
fit 0.96510077
Total steps: 75
fitness 0.9654037
fitness 0.9660289
fitness 0.971282
fitness 0.9724516
Processing individual 381 for 'tabpfn_fhs'...
fit 0.9432576
fit 0.95421135
fit 0.96413124
fit 0.97042066
fit 0.9725088
Total steps: 75
fitness 0.9727349
fitness 0.97769356
fitness 0.97846574
Processing individual 382 for 'tabpfn_fhs'...
fit 0.95285267
fit 0.9635216
fit 0.9700949
fit 0.97529733
fit 0.9759291
Total steps: 75
fitness 0.9763031
fitness 0.9766243
fitness 0.98036706
fitness 0.98099476
Processing individual 383 for 'tabpfn_fhs'...
fit 0.82721496
fit 0.83808005
fit 0.85493535
fit 0.88445103
fit 0.90316945
Total steps: 75
fitness 0.91475606
fitness 0.9187955
Processing individual 384 for 'tabpfn_fhs'...
fit 0.6917547
fit 0.73530155
fit 0.7490356
fit 0.8013215
fit 0.8387664
Total steps: 75
fitness 0.8413628
fitness 0.84576494
Processing individual 385 for 'tabpfn_fhs'...
fit 0.9688321
fit 0.97311133
fit 0.981689
fit 0.98471445
fit 0.98523873
Total steps: 75
fitness 0.9874465
fitness 0.98773813
Processing individual 386 for 'tabpfn_fhs'...
fit 0.85955966
fit 0.90284944
fit 0.9326081
fit 0.95015407
Total steps: 75
fitness 0.9516384
fitness 0.95860344
fitness 0.96005964
Processing individual 387 for 'tabpfn_fhs'...
fit 0.8413341
fit 0.85261625
fit 0.86560166
fit 0.8947542
fit 0.90993434
Total steps: 75
fitness 0.924844
fitness 0.9279936
Processing individual 388 for 'tabpfn_fhs'...
fit 0.6984113
fit 0.7576367
fit 0.7601042
fit 0.8226913
fit 0.86473006
Total steps: 75
fitness 0.867617
fitness 0.8852322
fitness 0.8911878
Processing individual 389 for 'tabpfn_fhs'...
fit 0.93232787
fit 0.9482945
fit 0.9539791
fit 0.96397465
fit 0.9681384
Total steps: 75
fitness 0.97393703
fitness 0.97507834
Processing individual 390 for 'tabpfn_fhs'...
fit 0.91320825
fit 0.9341744
fit 0.9389479
fit 0.95477563
fit 0.958992
Total steps: 75
fitness 0.96025026
fitness 0.960927
fitness 0.9672204
fitness 0.9678343
Processing individual 391 for 'tabpfn_fhs'...
fit 0.6224479
fit 0.6696737
fit 0.69504243
fit 0.7640161
fit 0.8163717
Total steps: 75
fitness 0.8437629
fitness 0.8475138
Processing individual 392 for 'tabpfn_fhs'...
fit 0.8781043
fit 0.88899356
fit 0.9113683
fit 0.9312137
fit 0.93137103
Total steps: 75
fitness 0.9377745
Processing individual 393 for 'tabpfn_fhs'...
fit 0.92021763
fit 0.9376594
fit 0.94529116
fit 0.9574318
fit 0.96202046
Total steps: 75
fitness 0.9622553
fitness 0.9624845
fitness 0.9692484
fitness 0.96999985
Processing individual 394 for 'tabpfn_fhs'...
fit 0.86927503
fit 0.87942374
fit 0.9026709
fit 0.9255808
Total steps: 75
fitness 0.93292916
Processing individual 395 for 'tabpfn_fhs'...
fit 0.8283067
fit 0.83387613
fit 0.8531666
fit 0.88900155
fit 0.8962922
Total steps: 75
fitness 0.9119511
fitness 0.9166533
Processing individual 396 for 'tabpfn_fhs'...
fit 0.8202251
fit 0.8607128
fit 0.8630744
fit 0.9070785
fit 0.90903234
Total steps: 75
fitness 0.9151368
fitness 0.918212
Processing individual 397 for 'tabpfn_fhs'...
fit 0.9481112
fit 0.9583212
fit 0.9674767
fit 0.972845
fit 0.9747505
Total steps: 75
fitness 0.9790957
fitness 0.9801509
Processing individual 398 for 'tabpfn_fhs'...
fit 0.85955966
fit 0.90284944
fit 0.9326081
fit 0.95015407
Total steps: 75
fitness 0.9516384
fitness 0.95860344
fitness 0.96005964
Processing individual 399 for 'tabpfn_fhs'...
fit 0.7352761
fit 0.76144564
fit 0.7978756
Total steps: 75
fitness 0.80774564
Processing individual 400 for 'tabpfn_fhs'...
fit 0.9275662
fit 0.94260246
fit 0.9490576
fit 0.96181697
fit 0.96510077
Total steps: 75
fitness 0.9654037
fitness 0.9660289
fitness 0.971282
fitness 0.9724516
Processing individual 401 for 'tabpfn_fhs'...
fit 0.9606364
fit 0.96838945
fit 0.9760153
fit 0.97951955
fit 0.98046845
Total steps: 75
fitness 0.9805796
fitness 0.98081213
fitness 0.9838001
fitness 0.9842171
Processing individual 402 for 'tabpfn_fhs'...
fit 0.77408916
fit 0.7960612
fit 0.8322755
Total steps: 75
fitness 0.8459411
Processing individual 403 for 'tabpfn_fhs'...
fit 0.84739053
fit 0.8609688
fit 0.8713579
fit 0.9026493
fit 0.9158594
Total steps: 75
fitness 0.9294601
fitness 0.9325737
Processing individual 404 for 'tabpfn_fhs'...
fit 0.9067035
fit 0.92434865
fit 0.9314311
fit 0.94964916
fit 0.9550657
Total steps: 75
fitness 0.9568312
fitness 0.9629651
fitness 0.9645263
Processing individual 405 for 'tabpfn_fhs'...
fit 0.78063715
fit 0.8500516
fit 0.88524985
fit 0.92135423
Total steps: 75
fitness 0.9326911
fitness 0.93622184
Processing individual 406 for 'tabpfn_fhs'...
fit 0.95285267
fit 0.9635216
fit 0.9700949
fit 0.97529733
fit 0.9759291
Total steps: 75
fitness 0.9763031
fitness 0.9766243
fitness 0.98036706
fitness 0.98099476
Processing individual 407 for 'tabpfn_fhs'...
fit 0.9606364
fit 0.96838945
fit 0.9760153
fit 0.97951955
fit 0.98046845
Total steps: 75
fitness 0.9805796
fitness 0.98081213
fitness 0.9838001
fitness 0.9842171
Processing individual 408 for 'tabpfn_fhs'...
fit 0.84739053
fit 0.8609688
fit 0.8713579
fit 0.9026493
fit 0.9158594
Total steps: 75
fitness 0.9294601
fitness 0.9325737
Processing individual 409 for 'tabpfn_fhs'...
fit 0.89110315
fit 0.91466814
fit 0.9194842
fit 0.93929994
fit 0.9450419
Total steps: 75
fitness 0.94777966
fitness 0.95606273
fitness 0.957956
Processing individual 410 for 'tabpfn_fhs'...
fit 0.85674465
fit 0.873536
fit 0.8899842
fit 0.9147663
Total steps: 75
fitness 0.9164596
fitness 0.9244385
Processing individual 411 for 'tabpfn_fhs'...
fit 0.92847186
fit 0.954129
fit 0.957115
fit 0.96676004
fit 0.97015774
Total steps: 75
fitness 0.9718765
fitness 0.9751002
fitness 0.9756017
Processing individual 412 for 'tabpfn_fhs'...
fit 0.8252755
fit 0.8951334
fit 0.9154146
fit 0.93908674
Total steps: 75
fitness 0.94177306
fitness 0.9498859
fitness 0.95212555
Processing individual 413 for 'tabpfn_fhs'...
fit 0.8735707
fit 0.90743655
fit 0.91540635
fit 0.94109267
Total steps: 75
fitness 0.94905454
Processing individual 414 for 'tabpfn_fhs'...
fit 0.80278236
fit 0.85965836
fit 0.89910436
fit 0.92757446
Total steps: 75
fitness 0.9278938
fitness 0.9378246
fitness 0.9410746
Processing individual 415 for 'tabpfn_fhs'...
fit 0.9067035
fit 0.92434865
fit 0.9314311
fit 0.94964916
fit 0.9550657
Total steps: 75
fitness 0.9568312
fitness 0.9629651
fitness 0.9645263
Processing individual 416 for 'tabpfn_fhs'...
fit 0.85674465
fit 0.873536
fit 0.8899842
fit 0.9147663
Total steps: 75
fitness 0.9164596
fitness 0.9244385
Processing individual 417 for 'tabpfn_fhs'...
fit 0.9380271
fit 0.95405173
fit 0.9617755
fit 0.9705534
fit 0.9724033
Total steps: 75
fitness 0.97446215
fitness 0.9779836
fitness 0.97805333
Processing individual 418 for 'tabpfn_fhs'...
fit 0.8202251
fit 0.8607128
fit 0.8630744
fit 0.9070785
fit 0.90903234
Total steps: 75
fitness 0.9151368
fitness 0.918212
Processing individual 419 for 'tabpfn_fhs'...
fit 0.7464261
fit 0.7737161
fit 0.8027065
Total steps: 75
fitness 0.80321056
fitness 0.8178234
Processing individual 420 for 'tabpfn_fhs'...
fit 0.7934747
fit 0.8235961
fit 0.84233224
fit 0.888883
fit 0.8954843
Total steps: 75
fitness 0.89807665
fitness 0.89962083
Processing individual 421 for 'tabpfn_fhs'...
fit 0.8195929
fit 0.82805204
fit 0.853505
fit 0.8823906
Total steps: 75
fitness 0.8841198
fitness 0.8938119
Processing individual 422 for 'tabpfn_fhs'...
fit 0.9481112
fit 0.9583212
fit 0.9674767
fit 0.972845
fit 0.9747505
Total steps: 75
fitness 0.9790957
fitness 0.9801509
Processing individual 423 for 'tabpfn_fhs'...
fit 0.83517873
fit 0.84718144
fit 0.86032325
fit 0.8895162
fit 0.90692383
Total steps: 75
fitness 0.91954064
fitness 0.92519987
Processing individual 424 for 'tabpfn_fhs'...
fit 0.7798948
fit 0.80177915
fit 0.83774924
Total steps: 75
fitness 0.8548423
Processing individual 425 for 'tabpfn_fhs'...
fit 0.9067035
fit 0.92434865
fit 0.9314311
fit 0.94964916
fit 0.9550657
Total steps: 75
fitness 0.9568312
fitness 0.9629651
fitness 0.9645263
Processing individual 426 for 'tabpfn_fhs'...
fit 0.91320825
fit 0.9341744
fit 0.9389479
fit 0.95477563
fit 0.958992
Total steps: 75
fitness 0.96025026
fitness 0.960927
fitness 0.9672204
fitness 0.9678343
Processing individual 427 for 'tabpfn_fhs'...
fit 0.7352761
fit 0.76144564
fit 0.7978756
Total steps: 75
fitness 0.80774564
Processing individual 428 for 'tabpfn_fhs'...
fit 0.73027366
fit 0.7562601
fit 0.7865774
Total steps: 75
fitness 0.7866808
fitness 0.79926664
Processing individual 429 for 'tabpfn_fhs'...
fit 0.73027366
fit 0.7562601
fit 0.7865774
Total steps: 75
fitness 0.7866808
fitness 0.79926664
Processing individual 430 for 'tabpfn_fhs'...
fit 0.8675285
fit 0.9174493
fit 0.93991834
fit 0.95254517
Total steps: 75
fitness 0.95566434
fitness 0.96134245
fitness 0.9631264
Processing individual 431 for 'tabpfn_fhs'...
fit 0.7942432
fit 0.81880546
fit 0.85171497
Total steps: 75
fitness 0.8660166
Processing individual 432 for 'tabpfn_fhs'...
fit 0.5853628
fit 0.5954178
fit 0.6511022
fit 0.72472465
fit 0.7430581
Total steps: 75
fitness 0.7477931
fitness 0.76217645
Processing individual 433 for 'tabpfn_fhs'...
fit 0.9380271
fit 0.95405173
fit 0.9617755
fit 0.9705534
fit 0.9724033
Total steps: 75
fitness 0.97446215
fitness 0.9779836
fitness 0.97805333
Processing individual 434 for 'tabpfn_fhs'...
fit 0.8195929
fit 0.82805204
fit 0.853505
fit 0.8823906
Total steps: 75
fitness 0.8841198
fitness 0.8938119
Processing individual 435 for 'tabpfn_fhs'...
fit 0.73027366
fit 0.7562601
fit 0.7865774
Total steps: 75
fitness 0.7866808
fitness 0.79926664
Processing individual 436 for 'tabpfn_fhs'...
fit 0.8127932
fit 0.81628466
fit 0.845933
fit 0.8740381
fit 0.8931992
Total steps: 75
fitness 0.90468514
fitness 0.90928036
Processing individual 437 for 'tabpfn_fhs'...
fit 0.84739053
fit 0.8609688
fit 0.8713579
fit 0.9026493
fit 0.9158594
Total steps: 75
fitness 0.9294601
fitness 0.9325737
Processing individual 438 for 'tabpfn_fhs'...
fit 0.9481112
fit 0.9583212
fit 0.9674767
fit 0.972845
fit 0.9747505
Total steps: 75
fitness 0.9790957
fitness 0.9801509
Processing individual 439 for 'tabpfn_fhs'...
fit 0.92021763
fit 0.9376594
fit 0.94529116
fit 0.9574318
fit 0.96202046
Total steps: 75
fitness 0.9622553
fitness 0.9624845
fitness 0.9692484
fitness 0.96999985
Processing individual 440 for 'tabpfn_fhs'...
fit 0.8122687
fit 0.8660463
fit 0.908753
fit 0.93403655
Total steps: 75
fitness 0.9358276
fitness 0.94429135
fitness 0.94684494
Processing individual 441 for 'tabpfn_fhs'...
fit 0.9380497
fit 0.95206344
fit 0.9582532
fit 0.9681602
fit 0.97059625
Total steps: 75
fitness 0.97076267
fitness 0.97082764
fitness 0.9757926
fitness 0.97596437
Processing individual 442 for 'tabpfn_fhs'...
fit 0.8252755
fit 0.8951334
fit 0.9154146
fit 0.93908674
Total steps: 75
fitness 0.94177306
fitness 0.9498859
fitness 0.95212555
Processing individual 443 for 'tabpfn_fhs'...
fit 0.89110315
fit 0.91466814
fit 0.9194842
fit 0.93929994
fit 0.9450419
Total steps: 75
fitness 0.94777966
fitness 0.95606273
fitness 0.957956
Processing individual 444 for 'tabpfn_fhs'...
fit 0.89110315
fit 0.91466814
fit 0.9194842
fit 0.93929994
fit 0.9450419
Total steps: 75
fitness 0.94777966
fitness 0.95606273
fitness 0.957956
Processing individual 445 for 'tabpfn_fhs'...
fit 0.7525417
fit 0.8004352
fit 0.8064135
fit 0.85906714
fit 0.90111864
Total steps: 75
fitness 0.9155673
fitness 0.9206591
Processing individual 446 for 'tabpfn_fhs'...
fit 0.80528593
fit 0.8208157
fit 0.8406828
fit 0.86804414
fit 0.8885472
Total steps: 75
fitness 0.899123
fitness 0.90533507
Processing individual 447 for 'tabpfn_fhs'...
fit 0.8127932
fit 0.81628466
fit 0.845933
fit 0.8740381
fit 0.8931992
Total steps: 75
fitness 0.90468514
fitness 0.90928036
Processing individual 448 for 'tabpfn_fhs'...
fit 0.9432576
fit 0.95421135
fit 0.96413124
fit 0.97042066
fit 0.9725088
Total steps: 75
fitness 0.9727349
fitness 0.97769356
fitness 0.97846574
Processing individual 449 for 'tabpfn_fhs'...
fit 0.84739053
fit 0.8609688
fit 0.8713579
fit 0.9026493
fit 0.9158594
Total steps: 75
fitness 0.9294601
fitness 0.9325737
Processing individual 450 for 'tabpfn_fhs'...
fit 0.9380497
fit 0.95206344
fit 0.9582532
fit 0.9681602
fit 0.97059625
Total steps: 75
fitness 0.97076267
fitness 0.97082764
fitness 0.9757926
fitness 0.97596437
Processing individual 451 for 'tabpfn_fhs'...
fit 0.76087195
fit 0.77692145
fit 0.8044142
fit 0.82560974
fit 0.8471422
Total steps: 75
fitness 0.8586854
fitness 0.8650703
Processing individual 452 for 'tabpfn_fhs'...
fit 0.84623724
fit 0.8543851
fit 0.8795641
fit 0.90715724
Total steps: 75
fitness 0.9075457
fitness 0.91646373
Processing individual 453 for 'tabpfn_fhs'...
fit 0.9275662
fit 0.94260246
fit 0.9490576
fit 0.96181697
fit 0.96510077
Total steps: 75
fitness 0.9654037
fitness 0.9660289
fitness 0.971282
fitness 0.9724516
Processing individual 454 for 'tabpfn_fhs'...
fit 0.6919038
fit 0.7156878
fit 0.7453954
Total steps: 75
fitness 0.7468994
fitness 0.75671625
Processing individual 455 for 'tabpfn_fhs'...
fit 0.56345963
fit 0.6298463
fit 0.7022642
fit 0.7234182
Total steps: 75
fitness 0.7337676
fitness 0.74801946
Processing individual 456 for 'tabpfn_fhs'...
fit 0.9481112
fit 0.9583212
fit 0.9674767
fit 0.972845
fit 0.9747505
Total steps: 75
fitness 0.9790957
fitness 0.9801509
Processing individual 457 for 'tabpfn_fhs'...
fit 0.91320825
fit 0.9341744
fit 0.9389479
fit 0.95477563
fit 0.958992
Total steps: 75
fitness 0.96025026
fitness 0.960927
fitness 0.9672204
fitness 0.9678343
Processing individual 458 for 'tabpfn_fhs'...
fit 0.8980746
fit 0.9152133
fit 0.9237394
fit 0.9443437
fit 0.9495675
Total steps: 75
fitness 0.95162624
fitness 0.9518592
fitness 0.95999736
fitness 0.961093
Processing individual 459 for 'tabpfn_fhs'...
fit 0.8345624
fit 0.85204124
fit 0.8722099
fit 0.8974337
Total steps: 75
fitness 0.89985967
fitness 0.9094586
Processing individual 460 for 'tabpfn_fhs'...
fit 0.72042024
fit 0.7617291
fit 0.7753291
fit 0.83254945
fit 0.87933
Total steps: 75
fitness 0.88146025
fitness 0.88174224
fitness 0.89711446
fitness 0.9036512
Processing individual 461 for 'tabpfn_fhs'...
fit 0.89291143
fit 0.9345853
fit 0.95298547
fit 0.9603089
Total steps: 75
fitness 0.9611072
fitness 0.962054
fitness 0.96652013
fitness 0.96769977
Processing individual 462 for 'tabpfn_fhs'...
fit 0.8593517
fit 0.87008417
fit 0.8848883
fit 0.9123551
fit 0.9222149
Total steps: 75
fitness 0.9227593
fitness 0.92484385
fitness 0.9385336
fitness 0.94068044
Processing individual 463 for 'tabpfn_fhs'...
fit 0.8858259
fit 0.91434723
fit 0.9285772
fit 0.94748527
Total steps: 75
fitness 0.95226663
Processing individual 464 for 'tabpfn_fhs'...
fit 0.7352761
fit 0.76144564
fit 0.7978756
Total steps: 75
fitness 0.80774564
Processing individual 465 for 'tabpfn_fhs'...
fit 0.6047734
fit 0.67043495
fit 0.6840956
fit 0.7596613
fit 0.80202264
Total steps: 75
fitness 0.8060509
fitness 0.83490753
fitness 0.8444161
Processing individual 466 for 'tabpfn_fhs'...
fit 0.7267963
fit 0.7942619
fit 0.84446836
fit 0.8851123
Total steps: 75
fitness 0.8866217
fitness 0.8879018
fitness 0.9023758
fitness 0.9081793
Processing individual 467 for 'tabpfn_fhs'...
fit 0.91220444
fit 0.9404784
fit 0.94432604
fit 0.9602816
fit 0.96539986
Total steps: 75
fitness 0.96673304
fitness 0.96679056
fitness 0.97129196
fitness 0.9717873
Processing individual 468 for 'tabpfn_fhs'...
fit 0.85955966
fit 0.90284944
fit 0.9326081
fit 0.95015407
Total steps: 75
fitness 0.9516384
fitness 0.95860344
fitness 0.96005964
Processing individual 469 for 'tabpfn_fhs'...
fit 0.89110315
fit 0.91466814
fit 0.9194842
fit 0.93929994
fit 0.9450419
Total steps: 75
fitness 0.94777966
fitness 0.95606273
fitness 0.957956
Processing individual 470 for 'tabpfn_fhs'...
fit 0.74936426
fit 0.75347906
fit 0.7856792
fit 0.8087209
fit 0.8288478
Total steps: 75
fitness 0.8448804
fitness 0.8511525
Processing individual 471 for 'tabpfn_fhs'...
fit 0.87925994
fit 0.8923553
fit 0.9015475
fit 0.9292953
fit 0.9349795
Total steps: 75
fitness 0.94223464
fitness 0.94869494
fitness 0.95232004
Processing individual 472 for 'tabpfn_fhs'...
fit 0.9638549
fit 0.9695841
fit 0.97867537
fit 0.981755
fit 0.9818891
Total steps: 75
fitness 0.98236126
fitness 0.98249954
fitness 0.9825092
fitness 0.98529744
fitness 0.98565453
Processing individual 473 for 'tabpfn_fhs'...
fit 0.9481112
fit 0.9583212
fit 0.9674767
fit 0.972845
fit 0.9747505
Total steps: 75
fitness 0.9790957
fitness 0.9801509
Processing individual 474 for 'tabpfn_fhs'...
fit 0.7207963
fit 0.72539675
fit 0.76638466
Total steps: 75
fitness 0.77277464
fitness 0.773736
Processing individual 475 for 'tabpfn_fhs'...
fit 0.66957986
fit 0.7053129
fit 0.73626375
fit 0.78259456
fit 0.82055783
Total steps: 75
fitness 0.82061136
fitness 0.82536435
fitness 0.83332545
Processing individual 476 for 'tabpfn_fhs'...
fit 0.9380497
fit 0.95206344
fit 0.9582532
fit 0.9681602
fit 0.97059625
Total steps: 75
fitness 0.97076267
fitness 0.97082764
fitness 0.9757926
fitness 0.97596437
Processing individual 477 for 'tabpfn_fhs'...
fit 0.9275662
fit 0.94260246
fit 0.9490576
fit 0.96181697
fit 0.96510077
Total steps: 75
fitness 0.9654037
fitness 0.9660289
fitness 0.971282
fitness 0.9724516
Processing individual 478 for 'tabpfn_fhs'...
fit 0.9067035
fit 0.92434865
fit 0.9314311
fit 0.94964916
fit 0.9550657
Total steps: 75
fitness 0.9568312
fitness 0.9629651
fitness 0.9645263
Processing individual 479 for 'tabpfn_fhs'...
fit 0.8195929
fit 0.82805204
fit 0.853505
fit 0.8823906
Total steps: 75
fitness 0.8841198
fitness 0.8938119
Processing individual 480 for 'tabpfn_fhs'...
fit 0.8735707
fit 0.90743655
fit 0.91540635
fit 0.94109267
Total steps: 75
fitness 0.94905454
Processing individual 481 for 'tabpfn_fhs'...
fit 0.6778027
fit 0.7164905
fit 0.73908895
fit 0.7926212
fit 0.8329972
Total steps: 75
fitness 0.83306205
fitness 0.83712673
Processing individual 482 for 'tabpfn_fhs'...
fit 0.7106939
fit 0.74269855
fit 0.76977444
Total steps: 75
fitness 0.78029346
Processing individual 483 for 'tabpfn_fhs'...
fit 0.7864122
fit 0.7968059
fit 0.82417697
fit 0.84781045
fit 0.8705793
Total steps: 75
fitness 0.88248724
fitness 0.88817453
Processing individual 484 for 'tabpfn_fhs'...
fit 0.87096447
fit 0.8861143
fit 0.8953802
fit 0.92277056
fit 0.9315035
Total steps: 75
fitness 0.9344894
fitness 0.94603723
fitness 0.9482702
Processing individual 485 for 'tabpfn_fhs'...
fit 0.77408916
fit 0.7960612
fit 0.8322755
Total steps: 75
fitness 0.8459411
Processing individual 486 for 'tabpfn_fhs'...
fit 0.72042024
fit 0.7617291
fit 0.7753291
fit 0.83254945
fit 0.87933
Total steps: 75
fitness 0.88146025
fitness 0.88174224
fitness 0.89711446
fitness 0.9036512
Processing individual 487 for 'tabpfn_fhs'...
fit 0.8077582
fit 0.83030415
fit 0.86675835
Total steps: 75
fitness 0.8804684
Processing individual 488 for 'tabpfn_fhs'...
fit 0.93232787
fit 0.9482945
fit 0.9539791
fit 0.96397465
fit 0.9681384
Total steps: 75
fitness 0.97393703
fitness 0.97507834
Processing individual 489 for 'tabpfn_fhs'...
fit 0.88394505
fit 0.9021565
fit 0.909784
fit 0.935237
fit 0.9414197
Total steps: 75
fitness 0.9439684
fitness 0.95236635
fitness 0.9548955
Processing individual 490 for 'tabpfn_fhs'...
fit 0.7809013
fit 0.7849335
fit 0.816581
fit 0.838989
fit 0.86311257
Total steps: 75
fitness 0.87544906
fitness 0.880069
Processing individual 491 for 'tabpfn_fhs'...
fit 0.61276686
fit 0.6475985
fit 0.67808634
fit 0.7579492
fit 0.7991115
Total steps: 75
fitness 0.8194066
fitness 0.83478534
Processing individual 492 for 'tabpfn_fhs'...
fit 0.8654835
fit 0.87783945
fit 0.8892132
fit 0.91979724
fit 0.9261971
Total steps: 75
fitness 0.9287922
fitness 0.94311756
fitness 0.94506484
Processing individual 493 for 'tabpfn_fhs'...
fit 0.81213415
fit 0.819147
fit 0.8417618
fit 0.8747985
Total steps: 75
fitness 0.88934964
Processing individual 494 for 'tabpfn_fhs'...
fit 0.84739053
fit 0.8609688
fit 0.8713579
fit 0.9026493
fit 0.9158594
Total steps: 75
fitness 0.9294601
fitness 0.9325737
Processing individual 495 for 'tabpfn_fhs'...
fit 0.71039337
fit 0.7328855
fit 0.7621631
Total steps: 75
fitness 0.7622658
fitness 0.77279043
Processing individual 496 for 'tabpfn_fhs'...
fit 0.93232787
fit 0.9482945
fit 0.9539791
fit 0.96397465
fit 0.9681384
Total steps: 75
fitness 0.97393703
fitness 0.97507834
Processing individual 497 for 'tabpfn_fhs'...
fit 0.7934747
fit 0.8235961
fit 0.84233224
fit 0.888883
fit 0.8954843
Total steps: 75
fitness 0.89807665
fitness 0.89962083
Processing individual 498 for 'tabpfn_fhs'...
fit 0.9041784
fit 0.9388333
fit 0.95656514
fit 0.962828
Total steps: 75
fitness 0.9644337
fitness 0.9691238
fitness 0.96994424
Processing individual 499 for 'tabpfn_fhs'...
fit 0.8413341
fit 0.85261625
fit 0.86560166
fit 0.8947542
fit 0.90993434
Total steps: 75
fitness 0.924844
fitness 0.9279936
Processing individual 500 for 'tabpfn_fhs'...
fit 0.8980746
fit 0.9152133
fit 0.9237394
fit 0.9443437
fit 0.9495675
Total steps: 75
fitness 0.95162624
fitness 0.9518592
fitness 0.95999736
fitness 0.961093
Processing individual 501 for 'tabpfn_fhs'...
fit 0.8252755
fit 0.8951334
fit 0.9154146
fit 0.93908674
Total steps: 75
fitness 0.94177306
fitness 0.9498859
fitness 0.95212555
Processing individual 502 for 'tabpfn_fhs'...
fit 0.82721496
fit 0.83808005
fit 0.85493535
fit 0.88445103
fit 0.90316945
Total steps: 75
fitness 0.91475606
fitness 0.9187955
Processing individual 503 for 'tabpfn_fhs'...
fit 0.9481112
fit 0.9583212
fit 0.9674767
fit 0.972845
fit 0.9747505
Total steps: 75
fitness 0.9790957
fitness 0.9801509
Processing individual 504 for 'tabpfn_fhs'...
fit 0.89291143
fit 0.9345853
fit 0.95298547
fit 0.9603089
Total steps: 75
fitness 0.9611072
fitness 0.962054
fitness 0.96652013
fitness 0.96769977
Processing individual 505 for 'tabpfn_fhs'...
fit 0.9067035
fit 0.92434865
fit 0.9314311
fit 0.94964916
fit 0.9550657
Total steps: 75
fitness 0.9568312
fitness 0.9629651
fitness 0.9645263
Processing individual 506 for 'tabpfn_fhs'...
fit 0.8518986
fit 0.8635789
fit 0.87810355
fit 0.90578353
fit 0.9188018
Total steps: 75
fitness 0.919175
fitness 0.9337087
fitness 0.9372975
Processing individual 507 for 'tabpfn_fhs'...
fit 0.84739053
fit 0.8609688
fit 0.8713579
fit 0.9026493
fit 0.9158594
Total steps: 75
fitness 0.9294601
fitness 0.9325737
Processing individual 508 for 'tabpfn_fhs'...
fit 0.87096447
fit 0.8861143
fit 0.8953802
fit 0.92277056
fit 0.9315035
Total steps: 75
fitness 0.9344894
fitness 0.94603723
fitness 0.9482702
Processing individual 509 for 'tabpfn_fhs'...
fit 0.6984113
fit 0.7576367
fit 0.7601042
fit 0.8226913
fit 0.86473006
Total steps: 75
fitness 0.867617
fitness 0.8852322
fitness 0.8911878
Processing individual 510 for 'tabpfn_fhs'...
fit 0.8122687
fit 0.8660463
fit 0.908753
fit 0.93403655
Total steps: 75
fitness 0.9358276
fitness 0.94429135
fitness 0.94684494
Processing individual 511 for 'tabpfn_fhs'...
fit 0.9380497
fit 0.95206344
fit 0.9582532
fit 0.9681602
fit 0.97059625
Total steps: 75
fitness 0.97076267
fitness 0.97082764
fitness 0.9757926
fitness 0.97596437
Processing individual 512 for 'tabpfn_fhs'...
fit 0.7205915
fit 0.74797815
fit 0.7787803
Total steps: 75
fitness 0.78949386
Processing individual 513 for 'tabpfn_fhs'...
fit 0.6275766
fit 0.6289537
fit 0.6867853
fit 0.75173336
fit 0.7813887
Total steps: 75
fitness 0.7923985
Processing individual 514 for 'tabpfn_fhs'...
fit 0.95751894
fit 0.96496314
fit 0.97277915
fit 0.9773608
fit 0.97793096
Total steps: 75
fitness 0.97820914
fitness 0.978642
fitness 0.9818225
fitness 0.9828642
Processing individual 515 for 'tabpfn_fhs'...
fit 0.89291143
fit 0.9345853
fit 0.95298547
fit 0.9603089
Total steps: 75
fitness 0.9611072
fitness 0.962054
fitness 0.96652013
fitness 0.96769977
Processing individual 516 for 'tabpfn_fhs'...
fit 0.84739053
fit 0.8609688
fit 0.8713579
fit 0.9026493
fit 0.9158594
Total steps: 75
fitness 0.9294601
fitness 0.9325737
Processing individual 517 for 'tabpfn_fhs'...
fit 0.83517873
fit 0.84718144
fit 0.86032325
fit 0.8895162
fit 0.90692383
Total steps: 75
fitness 0.91954064
fitness 0.92519987
Processing individual 518 for 'tabpfn_fhs'...
fit 0.89291143
fit 0.9345853
fit 0.95298547
fit 0.9603089
Total steps: 75
fitness 0.9611072
fitness 0.962054
fitness 0.96652013
fitness 0.96769977
Processing individual 519 for 'tabpfn_fhs'...
fit 0.80278236
fit 0.85965836
fit 0.89910436
fit 0.92757446
Total steps: 75
fitness 0.9278938
fitness 0.9378246
fitness 0.9410746
Processing individual 520 for 'tabpfn_fhs'...
fit 0.7798948
fit 0.80177915
fit 0.83774924
Total steps: 75
fitness 0.8548423
Processing individual 521 for 'tabpfn_fhs'...
fit 0.78786194
fit 0.806882
fit 0.8445427
Total steps: 75
fitness 0.8595467
Processing individual 522 for 'tabpfn_fhs'...
fit 0.7929958
fit 0.8150042
fit 0.84994364
fit 0.8619573
Total steps: 75
fitness 0.8792906
fitness 0.8875531
Processing individual 523 for 'tabpfn_fhs'...
fit 0.797704
fit 0.8222787
fit 0.85998297
Total steps: 75
fitness 0.8728038
Processing individual 524 for 'tabpfn_fhs'...
fit 0.9380497
fit 0.95206344
fit 0.9582532
fit 0.9681602
fit 0.97059625
Total steps: 75
fitness 0.97076267
fitness 0.97082764
fitness 0.9757926
fitness 0.97596437
Processing individual 525 for 'tabpfn_fhs'...
fit 0.8675285
fit 0.9174493
fit 0.93991834
fit 0.95254517
Total steps: 75
fitness 0.95566434
fitness 0.96134245
fitness 0.9631264
Processing individual 526 for 'tabpfn_fhs'...
fit 0.9067035
fit 0.92434865
fit 0.9314311
fit 0.94964916
fit 0.9550657
Total steps: 75
fitness 0.9568312
fitness 0.9629651
fitness 0.9645263
Processing individual 527 for 'tabpfn_fhs'...
fit 0.4966187
fit 0.5647085
fit 0.6557563
Total steps: 75
fitness 0.66476655
fitness 0.6720257
Processing individual 528 for 'tabpfn_fhs'...
fit 0.8858259
fit 0.91434723
fit 0.9285772
fit 0.94748527
Total steps: 75
fitness 0.95226663
Processing individual 529 for 'tabpfn_fhs'...
fit 0.93232787
fit 0.9482945
fit 0.9539791
fit 0.96397465
fit 0.9681384
Total steps: 75
fitness 0.97393703
fitness 0.97507834
Processing individual 530 for 'tabpfn_fhs'...
fit 0.91320825
fit 0.9341744
fit 0.9389479
fit 0.95477563
fit 0.958992
Total steps: 75
fitness 0.96025026
fitness 0.960927
fitness 0.9672204
fitness 0.9678343
Processing individual 531 for 'tabpfn_fhs'...
fit 0.7106939
fit 0.74269855
fit 0.76977444
Total steps: 75
fitness 0.78029346
Processing individual 532 for 'tabpfn_fhs'...
fit 0.6604754
fit 0.70234543
fit 0.73229194
fit 0.79393715
fit 0.8382053
Total steps: 75
fitness 0.8390422
fitness 0.84172004
fitness 0.8623353
fitness 0.86604905
Processing individual 533 for 'tabpfn_fhs'...
fit 0.9380497
fit 0.95206344
fit 0.9582532
fit 0.9681602
fit 0.97059625
Total steps: 75
fitness 0.97076267
fitness 0.97082764
fitness 0.9757926
fitness 0.97596437
Processing individual 534 for 'tabpfn_fhs'...
fit 0.9481112
fit 0.9583212
fit 0.9674767
fit 0.972845
fit 0.9747505
Total steps: 75
fitness 0.9790957
fitness 0.9801509
Processing individual 535 for 'tabpfn_fhs'...
fit 0.87096447
fit 0.8861143
fit 0.8953802
fit 0.92277056
fit 0.9315035
Total steps: 75
fitness 0.9344894
fitness 0.94603723
fitness 0.9482702
Processing individual 536 for 'tabpfn_fhs'...
fit 0.9668235
fit 0.9727191
fit 0.98061675
fit 0.983277
fit 0.9834271
Total steps: 75
fitness 0.98407847
fitness 0.9842199
fitness 0.98657614
fitness 0.9868396
Processing individual 537 for 'tabpfn_fhs'...
fit 0.77408916
fit 0.7960612
fit 0.8322755
Total steps: 75
fitness 0.8459411
Processing individual 538 for 'tabpfn_fhs'...
fit 0.9210976
fit 0.9500331
fit 0.9501945
fit 0.96421313
fit 0.96788406
Total steps: 75
fitness 0.9695839
fitness 0.9732199
fitness 0.97395796
Processing individual 539 for 'tabpfn_fhs'...
fit 0.83491063
fit 0.87662506
fit 0.8842174
fit 0.9200816
Total steps: 75
fitness 0.93021816
Processing individual 540 for 'tabpfn_fhs'...
fit 0.9481112
fit 0.9583212
fit 0.9674767
fit 0.972845
fit 0.9747505
Total steps: 75
fitness 0.9790957
fitness 0.9801509
Processing individual 541 for 'tabpfn_fhs'...
fit 0.8980746
fit 0.9152133
fit 0.9237394
fit 0.9443437
fit 0.9495675
Total steps: 75
fitness 0.95162624
fitness 0.9518592
fitness 0.95999736
fitness 0.961093
Processing individual 542 for 'tabpfn_fhs'...
fit 0.8518986
fit 0.8635789
fit 0.87810355
fit 0.90578353
fit 0.9188018
Total steps: 75
fitness 0.919175
fitness 0.9337087
fitness 0.9372975
Processing individual 543 for 'tabpfn_fhs'...
fit 0.72042024
fit 0.7617291
fit 0.7753291
fit 0.83254945
fit 0.87933
Total steps: 75
fitness 0.88146025
fitness 0.88174224
fitness 0.89711446
fitness 0.9036512
Processing individual 544 for 'tabpfn_fhs'...
fit 0.8413341
fit 0.85261625
fit 0.86560166
fit 0.8947542
fit 0.90993434
Total steps: 75
fitness 0.924844
fitness 0.9279936
Processing individual 545 for 'tabpfn_fhs'...
fit 0.797704
fit 0.8222787
fit 0.85998297
Total steps: 75
fitness 0.8728038
Processing individual 546 for 'tabpfn_fhs'...
fit 0.88394505
fit 0.9021565
fit 0.909784
fit 0.935237
fit 0.9414197
Total steps: 75
fitness 0.9439684
fitness 0.95236635
fitness 0.9548955
Processing individual 547 for 'tabpfn_fhs'...
fit 0.92021763
fit 0.9376594
fit 0.94529116
fit 0.9574318
fit 0.96202046
Total steps: 75
fitness 0.9622553
fitness 0.9624845
fitness 0.9692484
fitness 0.96999985
Processing individual 548 for 'tabpfn_fhs'...
fit 0.851945
fit 0.88969654
fit 0.92629254
fit 0.9462867
Total steps: 75
fitness 0.94687057
fitness 0.9545937
fitness 0.9565874
Processing individual 549 for 'tabpfn_fhs'...
fit 0.7934747
fit 0.8235961
fit 0.84233224
fit 0.888883
fit 0.8954843
Total steps: 75
fitness 0.89807665
fitness 0.89962083
Processing individual 550 for 'tabpfn_fhs'...
fit 0.65432584
fit 0.6754265
fit 0.7123343
fit 0.7680966
fit 0.8103281
Total steps: 75
fitness 0.8107563
fitness 0.818233
Processing individual 551 for 'tabpfn_fhs'...
fit 0.84739053
fit 0.8609688
fit 0.8713579
fit 0.9026493
fit 0.9158594
Total steps: 75
fitness 0.9294601
fitness 0.9325737
Processing individual 552 for 'tabpfn_fhs'...
fit 0.6275766
fit 0.6289537
fit 0.6867853
fit 0.75173336
fit 0.7813887
Total steps: 75
fitness 0.7923985
Processing individual 553 for 'tabpfn_fhs'...
fit 0.7596602
fit 0.81715095
fit 0.8636521
fit 0.90724456
Total steps: 75
fitness 0.9081471
fitness 0.9213389
fitness 0.9256937
Processing individual 554 for 'tabpfn_fhs'...
fit 0.91320825
fit 0.9341744
fit 0.9389479
fit 0.95477563
fit 0.958992
Total steps: 75
fitness 0.96025026
fitness 0.960927
fitness 0.9672204
fitness 0.9678343
Processing individual 555 for 'tabpfn_fhs'...
fit 0.9481112
fit 0.9583212
fit 0.9674767
fit 0.972845
fit 0.9747505
Total steps: 75
fitness 0.9790957
fitness 0.9801509
Processing individual 556 for 'tabpfn_fhs'...
fit 0.7267963
fit 0.7942619
fit 0.84446836
fit 0.8851123
Total steps: 75
fitness 0.8866217
fitness 0.8879018
fitness 0.9023758
fitness 0.9081793
Processing individual 557 for 'tabpfn_fhs'...
fit 0.84739053
fit 0.8609688
fit 0.8713579
fit 0.9026493
fit 0.9158594
Total steps: 75
fitness 0.9294601
fitness 0.9325737
Processing individual 558 for 'tabpfn_fhs'...
fit 0.8213101
fit 0.8309982
fit 0.84960634
fit 0.8789451
fit 0.8971368
Total steps: 75
fitness 0.9098078
fitness 0.9136833
Processing individual 559 for 'tabpfn_fhs'...
fit 0.797704
fit 0.8222787
fit 0.85998297
Total steps: 75
fitness 0.8728038
Processing individual 560 for 'tabpfn_fhs'...
fit 0.81213415
fit 0.819147
fit 0.8417618
fit 0.8747985
Total steps: 75
fitness 0.88934964
Processing individual 561 for 'tabpfn_fhs'...
fit 0.6224479
fit 0.6696737
fit 0.69504243
fit 0.7640161
fit 0.8163717
Total steps: 75
fitness 0.8437629
fitness 0.8475138
Processing individual 562 for 'tabpfn_fhs'...
fit 0.65004075
fit 0.6800895
fit 0.718466
fit 0.78615624
fit 0.8387521
Total steps: 75
fitness 0.856207
fitness 0.8626778
Processing individual 563 for 'tabpfn_fhs'...
fit 0.73027366
fit 0.7562601
fit 0.7865774
Total steps: 75
fitness 0.7866808
fitness 0.79926664
Processing individual 564 for 'tabpfn_fhs'...
fit 0.9210976
fit 0.9500331
fit 0.9501945
fit 0.96421313
fit 0.96788406
Total steps: 75
fitness 0.9695839
fitness 0.9732199
fitness 0.97395796
Processing individual 565 for 'tabpfn_fhs'...
fit 0.9450307
fit 0.9600746
fit 0.9671579
fit 0.973431
fit 0.97548
Total steps: 75
fitness 0.97703874
fitness 0.97948664
fitness 0.98022884
Processing individual 566 for 'tabpfn_fhs'...
fit 0.8122687
fit 0.8660463
fit 0.908753
fit 0.93403655
Total steps: 75
fitness 0.9358276
fitness 0.94429135
fitness 0.94684494
Processing individual 567 for 'tabpfn_fhs'...
fit 0.7543912
fit 0.8058855
fit 0.8579802
fit 0.8786497
Total steps: 75
fitness 0.8786976
fitness 0.8807056
fitness 0.88216543
Processing individual 568 for 'tabpfn_fhs'...
fit 0.91320825
fit 0.9341744
fit 0.9389479
fit 0.95477563
fit 0.958992
Total steps: 75
fitness 0.96025026
fitness 0.960927
fitness 0.9672204
fitness 0.9678343
Processing individual 569 for 'tabpfn_fhs'...
fit 0.83517873
fit 0.84718144
fit 0.86032325
fit 0.8895162
fit 0.90692383
Total steps: 75
fitness 0.91954064
fitness 0.92519987
Processing individual 570 for 'tabpfn_fhs'...
fit 0.76759934
fit 0.78193665
fit 0.8090113
fit 0.83209866
fit 0.8539906
Total steps: 75
fitness 0.8665177
fitness 0.8719073
Processing individual 571 for 'tabpfn_fhs'...
fit 0.70754266
fit 0.77658916
fit 0.82500654
fit 0.8676257
Total steps: 75
fitness 0.8738117
fitness 0.89136434
fitness 0.89768064
Processing individual 572 for 'tabpfn_fhs'...
fit 0.8291332
fit 0.8668162
fit 0.89678335
Total steps: 75
fitness 0.9044399
Processing individual 573 for 'tabpfn_fhs'...
fit 0.9380497
fit 0.95206344
fit 0.9582532
fit 0.9681602
fit 0.97059625
Total steps: 75
fitness 0.97076267
fitness 0.97082764
fitness 0.9757926
fitness 0.97596437
Processing individual 574 for 'tabpfn_fhs'...
fit 0.78063715
fit 0.8500516
fit 0.88524985
fit 0.92135423
Total steps: 75
fitness 0.9326911
fitness 0.93622184
Processing individual 575 for 'tabpfn_fhs'...
fit 0.9275662
fit 0.94260246
fit 0.9490576
fit 0.96181697
fit 0.96510077
Total steps: 75
fitness 0.9654037
fitness 0.9660289
fitness 0.971282
fitness 0.9724516
Processing individual 576 for 'tabpfn_fhs'...
fit 0.6886674
fit 0.7009845
fit 0.7319749
Total steps: 75
fitness 0.7394396
fitness 0.74520516
Processing individual 577 for 'tabpfn_fhs'...
fit 0.7525417
fit 0.8004352
fit 0.8064135
fit 0.85906714
fit 0.90111864
Total steps: 75
fitness 0.9155673
fitness 0.9206591
Processing individual 578 for 'tabpfn_fhs'...
fit 0.91220444
fit 0.9404784
fit 0.94432604
fit 0.9602816
fit 0.96539986
Total steps: 75
fitness 0.96673304
fitness 0.96679056
fitness 0.97129196
fitness 0.9717873
Processing individual 579 for 'tabpfn_fhs'...
fit 0.7106939
fit 0.74269855
fit 0.76977444
Total steps: 75
fitness 0.78029346
Processing individual 580 for 'tabpfn_fhs'...
fit 0.9432576
fit 0.95421135
fit 0.96413124
fit 0.97042066
fit 0.9725088
Total steps: 75
fitness 0.9727349
fitness 0.97769356
fitness 0.97846574
Processing individual 581 for 'tabpfn_fhs'...
fit 0.65004075
fit 0.6800895
fit 0.718466
fit 0.78615624
fit 0.8387521
Total steps: 75
fitness 0.856207
fitness 0.8626778
Processing individual 582 for 'tabpfn_fhs'...
fit 0.78063715
fit 0.8500516
fit 0.88524985
fit 0.92135423
Total steps: 75
fitness 0.9326911
fitness 0.93622184
Processing individual 583 for 'tabpfn_fhs'...
fit 0.92847186
fit 0.954129
fit 0.957115
fit 0.96676004
fit 0.97015774
Total steps: 75
fitness 0.9718765
fitness 0.9751002
fitness 0.9756017
Processing individual 584 for 'tabpfn_fhs'...
fit 0.95751894
fit 0.96496314
fit 0.97277915
fit 0.9773608
fit 0.97793096
Total steps: 75
fitness 0.97820914
fitness 0.978642
fitness 0.9818225
fitness 0.9828642
Processing individual 585 for 'tabpfn_fhs'...
fit 0.78786194
fit 0.806882
fit 0.8445427
Total steps: 75
fitness 0.8595467
Processing individual 586 for 'tabpfn_fhs'...
fit 0.92021763
fit 0.9376594
fit 0.94529116
fit 0.9574318
fit 0.96202046
Total steps: 75
fitness 0.9622553
fitness 0.9624845
fitness 0.9692484
fitness 0.96999985
Processing individual 587 for 'tabpfn_fhs'...
fit 0.797704
fit 0.8222787
fit 0.85998297
Total steps: 75
fitness 0.8728038
Processing individual 588 for 'tabpfn_fhs'...
fit 0.87925994
fit 0.8923553
fit 0.9015475
fit 0.9292953
fit 0.9349795
Total steps: 75
fitness 0.94223464
fitness 0.94869494
fitness 0.95232004
Processing individual 589 for 'tabpfn_fhs'...
fit 0.84739053
fit 0.8609688
fit 0.8713579
fit 0.9026493
fit 0.9158594
Total steps: 75
fitness 0.9294601
fitness 0.9325737
Processing individual 590 for 'tabpfn_fhs'...
fit 0.6778027
fit 0.7164905
fit 0.73908895
fit 0.7926212
fit 0.8329972
Total steps: 75
fitness 0.83306205
fitness 0.83712673
Processing individual 591 for 'tabpfn_fhs'...
fit 0.80278236
fit 0.85965836
fit 0.89910436
fit 0.92757446
Total steps: 75
fitness 0.9278938
fitness 0.9378246
fitness 0.9410746
Processing individual 592 for 'tabpfn_fhs'...
fit 0.9041784
fit 0.9388333
fit 0.95656514
fit 0.962828
Total steps: 75
fitness 0.9644337
fitness 0.9691238
fitness 0.96994424
Processing individual 593 for 'tabpfn_fhs'...
fit 0.9432576
fit 0.95421135
fit 0.96413124
fit 0.97042066
fit 0.9725088
Total steps: 75
fitness 0.9727349
fitness 0.97769356
fitness 0.97846574
Processing individual 594 for 'tabpfn_fhs'...
fit 0.9481112
fit 0.9583212
fit 0.9674767
fit 0.972845
fit 0.9747505
Total steps: 75
fitness 0.9790957
fitness 0.9801509
Processing individual 595 for 'tabpfn_fhs'...
fit 0.87925994
fit 0.8923553
fit 0.9015475
fit 0.9292953
fit 0.9349795
Total steps: 75
fitness 0.94223464
fitness 0.94869494
fitness 0.95232004
Processing individual 596 for 'tabpfn_fhs'...
fit 0.82248205
fit 0.8477232
fit 0.879881
fit 0.89010364
Total steps: 75
fitness 0.90775675
fitness 0.9079428
Processing individual 597 for 'tabpfn_fhs'...
fit 0.9041784
fit 0.9388333
fit 0.95656514
fit 0.962828
Total steps: 75
fitness 0.9644337
fitness 0.9691238
fitness 0.96994424
Processing individual 598 for 'tabpfn_fhs'...
fit 0.85955966
fit 0.90284944
fit 0.9326081
fit 0.95015407
Total steps: 75
fitness 0.9516384
fitness 0.95860344
fitness 0.96005964
Processing individual 599 for 'tabpfn_fhs'...
fit 0.9067035
fit 0.92434865
fit 0.9314311
fit 0.94964916
fit 0.9550657
Total steps: 75
fitness 0.9568312
fitness 0.9629651
fitness 0.9645263
Processing individual 600 for 'tabpfn_fhs'...
fit 0.7525417
fit 0.8004352
fit 0.8064135
fit 0.85906714
fit 0.90111864
Total steps: 75
fitness 0.9155673
fitness 0.9206591
Processing individual 601 for 'tabpfn_fhs'...
fit 0.7809013
fit 0.7849335
fit 0.816581
fit 0.838989
fit 0.86311257
Total steps: 75
fitness 0.87544906
fitness 0.880069
Processing individual 602 for 'tabpfn_fhs'...
fit 0.81213415
fit 0.819147
fit 0.8417618
fit 0.8747985
Total steps: 75
fitness 0.88934964
Processing individual 603 for 'tabpfn_fhs'...
fit 0.90583265
fit 0.9284928
fit 0.94352746
fit 0.9576126
Total steps: 75
fitness 0.95849526
fitness 0.96172756
Processing individual 604 for 'tabpfn_fhs'...
fit 0.92847186
fit 0.954129
fit 0.957115
fit 0.96676004
fit 0.97015774
Total steps: 75
fitness 0.9718765
fitness 0.9751002
fitness 0.9756017
Processing individual 605 for 'tabpfn_fhs'...
fit 0.91220444
fit 0.9404784
fit 0.94432604
fit 0.9602816
fit 0.96539986
Total steps: 75
fitness 0.96673304
fitness 0.96679056
fitness 0.97129196
fitness 0.9717873
Processing individual 606 for 'tabpfn_fhs'...
fit 0.7864122
fit 0.7968059
fit 0.82417697
fit 0.84781045
fit 0.8705793
Total steps: 75
fitness 0.88248724
fitness 0.88817453
Processing individual 607 for 'tabpfn_fhs'...
fit 0.7352761
fit 0.76144564
fit 0.7978756
Total steps: 75
fitness 0.80774564
Processing individual 608 for 'tabpfn_fhs'...
fit 0.9380497
fit 0.95206344
fit 0.9582532
fit 0.9681602
fit 0.97059625
Total steps: 75
fitness 0.97076267
fitness 0.97082764
fitness 0.9757926
fitness 0.97596437
Processing individual 609 for 'tabpfn_fhs'...
fit 0.9275662
fit 0.94260246
fit 0.9490576
fit 0.96181697
fit 0.96510077
Total steps: 75
fitness 0.9654037
fitness 0.9660289
fitness 0.971282
fitness 0.9724516
Processing individual 610 for 'tabpfn_fhs'...
fit 0.80278236
fit 0.85965836
fit 0.89910436
fit 0.92757446
Total steps: 75
fitness 0.9278938
fitness 0.9378246
fitness 0.9410746
Processing individual 611 for 'tabpfn_fhs'...
fit 0.84739053
fit 0.8609688
fit 0.8713579
fit 0.9026493
fit 0.9158594
Total steps: 75
fitness 0.9294601
fitness 0.9325737
Processing individual 612 for 'tabpfn_fhs'...
fit 0.9481112
fit 0.9583212
fit 0.9674767
fit 0.972845
fit 0.9747505
Total steps: 75
fitness 0.9790957
fitness 0.9801509
Processing individual 613 for 'tabpfn_fhs'...
fit 0.9432576
fit 0.95421135
fit 0.96413124
fit 0.97042066
fit 0.9725088
Total steps: 75
fitness 0.9727349
fitness 0.97769356
fitness 0.97846574
Processing individual 614 for 'tabpfn_fhs'...
fit 0.73027366
fit 0.7562601
fit 0.7865774
Total steps: 75
fitness 0.7866808
fitness 0.79926664
Processing individual 615 for 'tabpfn_fhs'...
fit 0.62927806
fit 0.6405443
fit 0.6995007
fit 0.75711405
fit 0.7896131
Total steps: 75
fitness 0.79451716
fitness 0.79561394
fitness 0.7981787
Processing individual 616 for 'tabpfn_fhs'...
fit 0.95285267
fit 0.9635216
fit 0.9700949
fit 0.97529733
fit 0.9759291
Total steps: 75
fitness 0.9763031
fitness 0.9766243
fitness 0.98036706
fitness 0.98099476
Processing individual 617 for 'tabpfn_fhs'...
fit 0.79144466
fit 0.8027457
fit 0.82974046
fit 0.8556441
fit 0.8767428
Total steps: 75
fitness 0.8879011
fitness 0.8931729
Processing individual 618 for 'tabpfn_fhs'...
fit 0.851945
fit 0.88969654
fit 0.92629254
fit 0.9462867
Total steps: 75
fitness 0.94687057
fitness 0.9545937
fitness 0.9565874
Processing individual 619 for 'tabpfn_fhs'...
fit 0.70754266
fit 0.77658916
fit 0.82500654
fit 0.8676257
Total steps: 75
fitness 0.8738117
fitness 0.89136434
fitness 0.89768064
Processing individual 620 for 'tabpfn_fhs'...
fit 0.7864122
fit 0.7968059
fit 0.82417697
fit 0.84781045
fit 0.8705793
Total steps: 75
fitness 0.88248724
fitness 0.88817453
Processing individual 621 for 'tabpfn_fhs'...
fit 0.7525417
fit 0.8004352
fit 0.8064135
fit 0.85906714
fit 0.90111864
Total steps: 75
fitness 0.9155673
fitness 0.9206591
Processing individual 622 for 'tabpfn_fhs'...
fit 0.8593517
fit 0.87008417
fit 0.8848883
fit 0.9123551
fit 0.9222149
Total steps: 75
fitness 0.9227593
fitness 0.92484385
fitness 0.9385336
fitness 0.94068044
Processing individual 623 for 'tabpfn_fhs'...
fit 0.89291143
fit 0.9345853
fit 0.95298547
fit 0.9603089
Total steps: 75
fitness 0.9611072
fitness 0.962054
fitness 0.96652013
fitness 0.96769977
Processing individual 624 for 'tabpfn_fhs'...
fit 0.75864756
fit 0.7829794
fit 0.81861967
Total steps: 75
fitness 0.83245486
Processing individual 625 for 'tabpfn_fhs'...
fit 0.88028324
fit 0.92759454
fit 0.9463878
fit 0.956452
Total steps: 75
fitness 0.95843035
fitness 0.96414584
fitness 0.9654629
Processing individual 626 for 'tabpfn_fhs'...
fit 0.9432576
fit 0.95421135
fit 0.96413124
fit 0.97042066
fit 0.9725088
Total steps: 75
fitness 0.9727349
fitness 0.97769356
fitness 0.97846574
Processing individual 627 for 'tabpfn_fhs'...
fit 0.9041784
fit 0.9388333
fit 0.95656514
fit 0.962828
Total steps: 75
fitness 0.9644337
fitness 0.9691238
fitness 0.96994424
Processing individual 628 for 'tabpfn_fhs'...
fit 0.6778027
fit 0.7164905
fit 0.73908895
fit 0.7926212
fit 0.8329972
Total steps: 75
fitness 0.83306205
fitness 0.83712673
Processing individual 629 for 'tabpfn_fhs'...
fit 0.9606364
fit 0.96838945
fit 0.9760153
fit 0.97951955
fit 0.98046845
Total steps: 75
fitness 0.9805796
fitness 0.98081213
fitness 0.9838001
fitness 0.9842171
Processing individual 630 for 'tabpfn_fhs'...
fit 0.8345624
fit 0.85204124
fit 0.8722099
fit 0.8974337
Total steps: 75
fitness 0.89985967
fitness 0.9094586
Processing individual 631 for 'tabpfn_fhs'...
fit 0.7612295
fit 0.82925713
fit 0.873312
fit 0.9127489
Total steps: 75
fitness 0.9141775
fitness 0.9265554
fitness 0.9306558
Processing individual 632 for 'tabpfn_fhs'...
fit 0.7352761
fit 0.76144564
fit 0.7978756
Total steps: 75
fitness 0.80774564
Processing individual 633 for 'tabpfn_fhs'...
fit 0.9606364
fit 0.96838945
fit 0.9760153
fit 0.97951955
fit 0.98046845
Total steps: 75
fitness 0.9805796
fitness 0.98081213
fitness 0.9838001
fitness 0.9842171
Processing individual 634 for 'tabpfn_fhs'...
fit 0.9041784
fit 0.9388333
fit 0.95656514
fit 0.962828
Total steps: 75
fitness 0.9644337
fitness 0.9691238
fitness 0.96994424
Processing individual 635 for 'tabpfn_fhs'...
fit 0.7464261
fit 0.7737161
fit 0.8027065
Total steps: 75
fitness 0.80321056
fitness 0.8178234
Processing individual 636 for 'tabpfn_fhs'...
fit 0.9067035
fit 0.92434865
fit 0.9314311
fit 0.94964916
fit 0.9550657
Total steps: 75
fitness 0.9568312
fitness 0.9629651
fitness 0.9645263
Processing individual 637 for 'tabpfn_fhs'...
fit 0.8127932
fit 0.81628466
fit 0.845933
fit 0.8740381
fit 0.8931992
Total steps: 75
fitness 0.90468514
fitness 0.90928036
Processing individual 638 for 'tabpfn_fhs'...
fit 0.9275662
fit 0.94260246
fit 0.9490576
fit 0.96181697
fit 0.96510077
Total steps: 75
fitness 0.9654037
fitness 0.9660289
fitness 0.971282
fitness 0.9724516
Processing individual 639 for 'tabpfn_fhs'...
fit 0.81213415
fit 0.819147
fit 0.8417618
fit 0.8747985
Total steps: 75
fitness 0.88934964
Processing individual 640 for 'tabpfn_fhs'...
fit 0.91220444
fit 0.9404784
fit 0.94432604
fit 0.9602816
fit 0.96539986
Total steps: 75
fitness 0.96673304
fitness 0.96679056
fitness 0.97129196
fitness 0.9717873
Processing individual 641 for 'tabpfn_fhs'...
fit 0.8122687
fit 0.8660463
fit 0.908753
fit 0.93403655
Total steps: 75
fitness 0.9358276
fitness 0.94429135
fitness 0.94684494
Processing individual 642 for 'tabpfn_fhs'...
fit 0.9481112
fit 0.9583212
fit 0.9674767
fit 0.972845
fit 0.9747505
Total steps: 75
fitness 0.9790957
fitness 0.9801509
Processing individual 643 for 'tabpfn_fhs'...
fit 0.7874458
fit 0.8486573
fit 0.8652862
fit 0.9099713
fit 0.92206705
Total steps: 75
fitness 0.9316945
fitness 0.9336677
Processing individual 644 for 'tabpfn_fhs'...
fit 0.88028324
fit 0.92759454
fit 0.9463878
fit 0.956452
Total steps: 75
fitness 0.95843035
fitness 0.96414584
fitness 0.9654629
Processing individual 645 for 'tabpfn_fhs'...
fit 0.9210976
fit 0.9500331
fit 0.9501945
fit 0.96421313
fit 0.96788406
Total steps: 75
fitness 0.9695839
fitness 0.9732199
fitness 0.97395796
Processing individual 646 for 'tabpfn_fhs'...
fit 0.7275803
fit 0.75616306
fit 0.7868544
Total steps: 75
fitness 0.7995967
Processing individual 647 for 'tabpfn_fhs'...
fit 0.88028324
fit 0.92759454
fit 0.9463878
fit 0.956452
Total steps: 75
fitness 0.95843035
fitness 0.96414584
fitness 0.9654629
Processing individual 648 for 'tabpfn_fhs'...
fit 0.66957986
fit 0.7053129
fit 0.73626375
fit 0.78259456
fit 0.82055783
Total steps: 75
fitness 0.82061136
fitness 0.82536435
fitness 0.83332545
Processing individual 649 for 'tabpfn_fhs'...
fit 0.571387
fit 0.63709646
fit 0.7095786
fit 0.7322367
Total steps: 75
fitness 0.7358333
fitness 0.7394359
fitness 0.76034766
Processing individual 650 for 'tabpfn_fhs'...
fit 0.9275662
fit 0.94260246
fit 0.9490576
fit 0.96181697
fit 0.96510077
Total steps: 75
fitness 0.9654037
fitness 0.9660289
fitness 0.971282
fitness 0.9724516
Processing individual 651 for 'tabpfn_fhs'...
fit 0.851945
fit 0.88969654
fit 0.92629254
fit 0.9462867
Total steps: 75
fitness 0.94687057
fitness 0.9545937
fitness 0.9565874
Processing individual 652 for 'tabpfn_fhs'...
fit 0.7596602
fit 0.81715095
fit 0.8636521
fit 0.90724456
Total steps: 75
fitness 0.9081471
fitness 0.9213389
fitness 0.9256937
Processing individual 653 for 'tabpfn_fhs'...
fit 0.86927503
fit 0.87942374
fit 0.9026709
fit 0.9255808
Total steps: 75
fitness 0.93292916
Processing individual 654 for 'tabpfn_fhs'...
fit 0.92021763
fit 0.9376594
fit 0.94529116
fit 0.9574318
fit 0.96202046
Total steps: 75
fitness 0.9622553
fitness 0.9624845
fitness 0.9692484
fitness 0.96999985
Processing individual 655 for 'tabpfn_fhs'...
fit 0.6508867
fit 0.66214406
fit 0.7079546
fit 0.76113296
fit 0.79884183
Total steps: 75
fitness 0.8008358
fitness 0.8083506
Processing individual 656 for 'tabpfn_fhs'...
fit 0.85955966
fit 0.90284944
fit 0.9326081
fit 0.95015407
Total steps: 75
fitness 0.9516384
fitness 0.95860344
fitness 0.96005964
Processing individual 657 for 'tabpfn_fhs'...
fit 0.571387
fit 0.63709646
fit 0.7095786
fit 0.7322367
Total steps: 75
fitness 0.7358333
fitness 0.7394359
fitness 0.76034766
Processing individual 658 for 'tabpfn_fhs'...
fit 0.7352761
fit 0.76144564
fit 0.7978756
Total steps: 75
fitness 0.80774564
Processing individual 659 for 'tabpfn_fhs'...
fit 0.9380271
fit 0.95405173
fit 0.9617755
fit 0.9705534
fit 0.9724033
Total steps: 75
fitness 0.97446215
fitness 0.9779836
fitness 0.97805333
Processing individual 660 for 'tabpfn_fhs'...
fit 0.7612295
fit 0.82925713
fit 0.873312
fit 0.9127489
Total steps: 75
fitness 0.9141775
fitness 0.9265554
fitness 0.9306558
Processing individual 661 for 'tabpfn_fhs'...
fit 0.9275662
fit 0.94260246
fit 0.9490576
fit 0.96181697
fit 0.96510077
Total steps: 75
fitness 0.9654037
fitness 0.9660289
fitness 0.971282
fitness 0.9724516
Processing individual 662 for 'tabpfn_fhs'...
fit 0.72042024
fit 0.7617291
fit 0.7753291
fit 0.83254945
fit 0.87933
Total steps: 75
fitness 0.88146025
fitness 0.88174224
fitness 0.89711446
fitness 0.9036512
Processing individual 663 for 'tabpfn_fhs'...
fit 0.8122687
fit 0.8660463
fit 0.908753
fit 0.93403655
Total steps: 75
fitness 0.9358276
fitness 0.94429135
fitness 0.94684494
Processing individual 664 for 'tabpfn_fhs'...
fit 0.78786194
fit 0.806882
fit 0.8445427
Total steps: 75
fitness 0.8595467
Processing individual 665 for 'tabpfn_fhs'...
fit 0.8291332
fit 0.8668162
fit 0.89678335
Total steps: 75
fitness 0.9044399
Processing individual 666 for 'tabpfn_fhs'...
fit 0.9041784
fit 0.9388333
fit 0.95656514
fit 0.962828
Total steps: 75
fitness 0.9644337
fitness 0.9691238
fitness 0.96994424
Processing individual 667 for 'tabpfn_fhs'...
fit 0.82858455
fit 0.8364067
fit 0.85911083
fit 0.89062256
Total steps: 75
fitness 0.8911106
fitness 0.9007109
Processing individual 668 for 'tabpfn_fhs'...
fit 0.9432576
fit 0.95421135
fit 0.96413124
fit 0.97042066
fit 0.9725088
Total steps: 75
fitness 0.9727349
fitness 0.97769356
fitness 0.97846574
Processing individual 669 for 'tabpfn_fhs'...
fit 0.78063715
fit 0.8500516
fit 0.88524985
fit 0.92135423
Total steps: 75
fitness 0.9326911
fitness 0.93622184
Processing individual 670 for 'tabpfn_fhs'...
fit 0.80278236
fit 0.85965836
fit 0.89910436
fit 0.92757446
Total steps: 75
fitness 0.9278938
fitness 0.9378246
fitness 0.9410746
Processing individual 671 for 'tabpfn_fhs'...
fit 0.94176304
fit 0.9493168
fit 0.96343565
fit 0.9702232
Total steps: 75
fitness 0.9708164
fitness 0.9730214
Processing individual 672 for 'tabpfn_fhs'...
fit 0.9301716
fit 0.9435397
fit 0.9587018
fit 0.96889865
Total steps: 75
fitness 0.9691829
fitness 0.9713663
Processing individual 673 for 'tabpfn_fhs'...
fit 0.851945
fit 0.88969654
fit 0.92629254
fit 0.9462867
Total steps: 75
fitness 0.94687057
fitness 0.9545937
fitness 0.9565874
Processing individual 674 for 'tabpfn_fhs'...
fit 0.8654835
fit 0.87783945
fit 0.8892132
fit 0.91979724
fit 0.9261971
Total steps: 75
fitness 0.9287922
fitness 0.94311756
fitness 0.94506484
Processing individual 675 for 'tabpfn_fhs'...
fit 0.80528593
fit 0.8208157
fit 0.8406828
fit 0.86804414
fit 0.8885472
Total steps: 75
fitness 0.899123
fitness 0.90533507
Processing individual 676 for 'tabpfn_fhs'...
fit 0.93232787
fit 0.9482945
fit 0.9539791
fit 0.96397465
fit 0.9681384
Total steps: 75
fitness 0.97393703
fitness 0.97507834
Processing individual 677 for 'tabpfn_fhs'...
fit 0.9041784
fit 0.9388333
fit 0.95656514
fit 0.962828
Total steps: 75
fitness 0.9644337
fitness 0.9691238
fitness 0.96994424
Processing individual 678 for 'tabpfn_fhs'...
fit 0.82858455
fit 0.8364067
fit 0.85911083
fit 0.89062256
Total steps: 75
fitness 0.8911106
fitness 0.9007109
Processing individual 679 for 'tabpfn_fhs'...
fit 0.6684693
fit 0.7077048
fit 0.7333828
fit 0.798852
fit 0.84531987
Total steps: 75
fitness 0.85184103
fitness 0.8686234
fitness 0.87514704
Processing individual 680 for 'tabpfn_fhs'...
fit 0.8781043
fit 0.88899356
fit 0.9113683
fit 0.9312137
fit 0.93137103
Total steps: 75
fitness 0.9377745
Processing individual 681 for 'tabpfn_fhs'...
fit 0.6984113
fit 0.7576367
fit 0.7601042
fit 0.8226913
fit 0.86473006
Total steps: 75
fitness 0.867617
fitness 0.8852322
fitness 0.8911878
Processing individual 682 for 'tabpfn_fhs'...
fit 0.7106939
fit 0.74269855
fit 0.76977444
Total steps: 75
fitness 0.78029346
Processing individual 683 for 'tabpfn_fhs'...
fit 0.9481112
fit 0.9583212
fit 0.9674767
fit 0.972845
fit 0.9747505
Total steps: 75
fitness 0.9790957
fitness 0.9801509
Processing individual 684 for 'tabpfn_fhs'...
fit 0.9067035
fit 0.92434865
fit 0.9314311
fit 0.94964916
fit 0.9550657
Total steps: 75
fitness 0.9568312
fitness 0.9629651
fitness 0.9645263
Processing individual 685 for 'tabpfn_fhs'...
fit 0.87925994
fit 0.8923553
fit 0.9015475
fit 0.9292953
fit 0.9349795
Total steps: 75
fitness 0.94223464
fitness 0.94869494
fitness 0.95232004
Processing individual 686 for 'tabpfn_fhs'...
fit 0.75284594
fit 0.77974546
fit 0.80904144
Total steps: 75
fitness 0.82115626
Processing individual 687 for 'tabpfn_fhs'...
fit 0.9380271
fit 0.95405173
fit 0.9617755
fit 0.9705534
fit 0.9724033
Total steps: 75
fitness 0.97446215
fitness 0.9779836
fitness 0.97805333
Processing individual 688 for 'tabpfn_fhs'...
fit 0.77408916
fit 0.7960612
fit 0.8322755
Total steps: 75
fitness 0.8459411
Processing individual 689 for 'tabpfn_fhs'...
fit 0.7464261
fit 0.7737161
fit 0.8027065
Total steps: 75
fitness 0.80321056
fitness 0.8178234
Processing individual 690 for 'tabpfn_fhs'...
fit 0.9606364
fit 0.96838945
fit 0.9760153
fit 0.97951955
fit 0.98046845
Total steps: 75
fitness 0.9805796
fitness 0.98081213
fitness 0.9838001
fitness 0.9842171
Processing individual 691 for 'tabpfn_fhs'...
fit 0.8980746
fit 0.9152133
fit 0.9237394
fit 0.9443437
fit 0.9495675
Total steps: 75
fitness 0.95162624
fitness 0.9518592
fitness 0.95999736
fitness 0.961093
Processing individual 692 for 'tabpfn_fhs'...
fit 0.80278236
fit 0.85965836
fit 0.89910436
fit 0.92757446
Total steps: 75
fitness 0.9278938
fitness 0.9378246
fitness 0.9410746
Processing individual 693 for 'tabpfn_fhs'...
fit 0.87096447
fit 0.8861143
fit 0.8953802
fit 0.92277056
fit 0.9315035
Total steps: 75
fitness 0.9344894
fitness 0.94603723
fitness 0.9482702
Processing individual 694 for 'tabpfn_fhs'...
fit 0.6917547
fit 0.73530155
fit 0.7490356
fit 0.8013215
fit 0.8387664
Total steps: 75
fitness 0.8413628
fitness 0.84576494
Processing individual 695 for 'tabpfn_fhs'...
fit 0.6778027
fit 0.7164905
fit 0.73908895
fit 0.7926212
fit 0.8329972
Total steps: 75
fitness 0.83306205
fitness 0.83712673
Processing individual 696 for 'tabpfn_fhs'...
fit 0.9432576
fit 0.95421135
fit 0.96413124
fit 0.97042066
fit 0.9725088
Total steps: 75
fitness 0.9727349
fitness 0.97769356
fitness 0.97846574
Processing individual 697 for 'tabpfn_fhs'...
fit 0.9067035
fit 0.92434865
fit 0.9314311
fit 0.94964916
fit 0.9550657
Total steps: 75
fitness 0.9568312
fitness 0.9629651
fitness 0.9645263
Processing individual 698 for 'tabpfn_fhs'...
fit 0.8654835
fit 0.87783945
fit 0.8892132
fit 0.91979724
fit 0.9261971
Total steps: 75
fitness 0.9287922
fitness 0.94311756
fitness 0.94506484
Processing individual 699 for 'tabpfn_fhs'...
fit 0.9606364
fit 0.96838945
fit 0.9760153
fit 0.97951955
fit 0.98046845
Total steps: 75
fitness 0.9805796
fitness 0.98081213
fitness 0.9838001
fitness 0.9842171
Processing individual 700 for 'tabpfn_fhs'...
fit 0.85955966
fit 0.90284944
fit 0.9326081
fit 0.95015407
Total steps: 75
fitness 0.9516384
fitness 0.95860344
fitness 0.96005964
Processing individual 701 for 'tabpfn_fhs'...
fit 0.9606364
fit 0.96838945
fit 0.9760153
fit 0.97951955
fit 0.98046845
Total steps: 75
fitness 0.9805796
fitness 0.98081213
fitness 0.9838001
fitness 0.9842171
Processing individual 702 for 'tabpfn_fhs'...
fit 0.95285267
fit 0.9635216
fit 0.9700949
fit 0.97529733
fit 0.9759291
Total steps: 75
fitness 0.9763031
fitness 0.9766243
fitness 0.98036706
fitness 0.98099476
Processing individual 703 for 'tabpfn_fhs'...
fit 0.7207963
fit 0.72539675
fit 0.76638466
Total steps: 75
fitness 0.77277464
fitness 0.773736
Processing individual 704 for 'tabpfn_fhs'...
fit 0.9041784
fit 0.9388333
fit 0.95656514
fit 0.962828
Total steps: 75
fitness 0.9644337
fitness 0.9691238
fitness 0.96994424
Processing individual 705 for 'tabpfn_fhs'...
fit 0.7352761
fit 0.76144564
fit 0.7978756
Total steps: 75
fitness 0.80774564
Processing individual 706 for 'tabpfn_fhs'...
fit 0.91220444
fit 0.9404784
fit 0.94432604
fit 0.9602816
fit 0.96539986
Total steps: 75
fitness 0.96673304
fitness 0.96679056
fitness 0.97129196
fitness 0.9717873
Processing individual 707 for 'tabpfn_fhs'...
fit 0.85674465
fit 0.873536
fit 0.8899842
fit 0.9147663
Total steps: 75
fitness 0.9164596
fitness 0.9244385
Processing individual 708 for 'tabpfn_fhs'...
fit 0.8518986
fit 0.8635789
fit 0.87810355
fit 0.90578353
fit 0.9188018
Total steps: 75
fitness 0.919175
fitness 0.9337087
fitness 0.9372975
Processing individual 709 for 'tabpfn_fhs'...
fit 0.88028324
fit 0.92759454
fit 0.9463878
fit 0.956452
Total steps: 75
fitness 0.95843035
fitness 0.96414584
fitness 0.9654629
Processing individual 710 for 'tabpfn_fhs'...
fit 0.8213101
fit 0.8309982
fit 0.84960634
fit 0.8789451
fit 0.8971368
Total steps: 75
fitness 0.9098078
fitness 0.9136833
Processing individual 711 for 'tabpfn_fhs'...
fit 0.6883539
fit 0.73153687
fit 0.75077254
fit 0.811865
fit 0.86350596
Total steps: 75
fitness 0.87901735
fitness 0.8855962
Processing individual 712 for 'tabpfn_fhs'...
fit 0.7612295
fit 0.82925713
fit 0.873312
fit 0.9127489
Total steps: 75
fitness 0.9141775
fitness 0.9265554
fitness 0.9306558
Processing individual 713 for 'tabpfn_fhs'...
fit 0.80278236
fit 0.85965836
fit 0.89910436
fit 0.92757446
Total steps: 75
fitness 0.9278938
fitness 0.9378246
fitness 0.9410746
Processing individual 714 for 'tabpfn_fhs'...
fit 0.7596602
fit 0.81715095
fit 0.8636521
fit 0.90724456
Total steps: 75
fitness 0.9081471
fitness 0.9213389
fitness 0.9256937
Processing individual 715 for 'tabpfn_fhs'...
fit 0.80056536
fit 0.8534894
fit 0.89742243
fit 0.90320617
Total steps: 75
fitness 0.90616983
fitness 0.90891844
Processing individual 716 for 'tabpfn_fhs'...
fit 0.6684693
fit 0.7077048
fit 0.7333828
fit 0.798852
fit 0.84531987
Total steps: 75
fitness 0.85184103
fitness 0.8686234
fitness 0.87514704
Processing individual 717 for 'tabpfn_fhs'...
fit 0.89110315
fit 0.91466814
fit 0.9194842
fit 0.93929994
fit 0.9450419
Total steps: 75
fitness 0.94777966
fitness 0.95606273
fitness 0.957956
Processing individual 718 for 'tabpfn_fhs'...
fit 0.9210976
fit 0.9500331
fit 0.9501945
fit 0.96421313
fit 0.96788406
Total steps: 75
fitness 0.9695839
fitness 0.9732199
fitness 0.97395796
Processing individual 719 for 'tabpfn_fhs'...
fit 0.88394505
fit 0.9021565
fit 0.909784
fit 0.935237
fit 0.9414197
Total steps: 75
fitness 0.9439684
fitness 0.95236635
fitness 0.9548955
Processing individual 720 for 'tabpfn_fhs'...
fit 0.91220444
fit 0.9404784
fit 0.94432604
fit 0.9602816
fit 0.96539986
Total steps: 75
fitness 0.96673304
fitness 0.96679056
fitness 0.97129196
fitness 0.9717873
Processing individual 721 for 'tabpfn_fhs'...
fit 0.80528593
fit 0.8208157
fit 0.8406828
fit 0.86804414
fit 0.8885472
Total steps: 75
fitness 0.899123
fitness 0.90533507
Processing individual 722 for 'tabpfn_fhs'...
fit 0.9698228
fit 0.97373784
fit 0.98276454
fit 0.98533434
fit 0.9854196
Total steps: 75
fitness 0.98552287
fitness 0.9857048
fitness 0.985833
fitness 0.9882046
fitness 0.98836917
Processing individual 723 for 'tabpfn_fhs'...
fit 0.62927806
fit 0.6405443
fit 0.6995007
fit 0.75711405
fit 0.7896131
Total steps: 75
fitness 0.79451716
fitness 0.79561394
fitness 0.7981787
Processing individual 724 for 'tabpfn_fhs'...
fit 0.7267963
fit 0.7942619
fit 0.84446836
fit 0.8851123
Total steps: 75
fitness 0.8866217
fitness 0.8879018
fitness 0.9023758
fitness 0.9081793
Processing individual 725 for 'tabpfn_fhs'...
fit 0.7205915
fit 0.74797815
fit 0.7787803
Total steps: 75
fitness 0.78949386
Processing individual 726 for 'tabpfn_fhs'...
fit 0.5853628
fit 0.5954178
fit 0.6511022
fit 0.72472465
fit 0.7430581
Total steps: 75
fitness 0.7477931
fitness 0.76217645
Processing individual 727 for 'tabpfn_fhs'...
fit 0.77004373
fit 0.8087529
fit 0.83078754
fit 0.87335753
fit 0.8875234
Total steps: 75
fitness 0.8878653
fitness 0.8904239
Processing individual 728 for 'tabpfn_fhs'...
fit 0.6883539
fit 0.73153687
fit 0.75077254
fit 0.811865
fit 0.86350596
Total steps: 75
fitness 0.87901735
fitness 0.8855962
Processing individual 729 for 'tabpfn_fhs'...
fit 0.9606364
fit 0.96838945
fit 0.9760153
fit 0.97951955
fit 0.98046845
Total steps: 75
fitness 0.9805796
fitness 0.98081213
fitness 0.9838001
fitness 0.9842171
Processing individual 730 for 'tabpfn_fhs'...
fit 0.88028324
fit 0.92759454
fit 0.9463878
fit 0.956452
Total steps: 75
fitness 0.95843035
fitness 0.96414584
fitness 0.9654629
Processing individual 731 for 'tabpfn_fhs'...
fit 0.6851958
fit 0.71834713
fit 0.7453002
fit 0.80432665
fit 0.84960884
Total steps: 75
fitness 0.851522
fitness 0.85302275
fitness 0.87250656
fitness 0.8777403
Processing individual 732 for 'tabpfn_fhs'...
fit 0.89110315
fit 0.91466814
fit 0.9194842
fit 0.93929994
fit 0.9450419
Total steps: 75
fitness 0.94777966
fitness 0.95606273
fitness 0.957956
Processing individual 733 for 'tabpfn_fhs'...
fit 0.9275662
fit 0.94260246
fit 0.9490576
fit 0.96181697
fit 0.96510077
Total steps: 75
fitness 0.9654037
fitness 0.9660289
fitness 0.971282
fitness 0.9724516
Processing individual 734 for 'tabpfn_fhs'...
fit 0.95285267
fit 0.9635216
fit 0.9700949
fit 0.97529733
fit 0.9759291
Total steps: 75
fitness 0.9763031
fitness 0.9766243
fitness 0.98036706
fitness 0.98099476
Processing individual 735 for 'tabpfn_fhs'...
fit 0.87096447
fit 0.8861143
fit 0.8953802
fit 0.92277056
fit 0.9315035
Total steps: 75
fitness 0.9344894
fitness 0.94603723
fitness 0.9482702
Processing individual 736 for 'tabpfn_fhs'...
fit 0.92847186
fit 0.954129
fit 0.957115
fit 0.96676004
fit 0.97015774
Total steps: 75
fitness 0.9718765
fitness 0.9751002
fitness 0.9756017
Processing individual 737 for 'tabpfn_fhs'...
fit 0.66957986
fit 0.7053129
fit 0.73626375
fit 0.78259456
fit 0.82055783
Total steps: 75
fitness 0.82061136
fitness 0.82536435
fitness 0.83332545
Processing individual 738 for 'tabpfn_fhs'...
fit 0.8122687
fit 0.8660463
fit 0.908753
fit 0.93403655
Total steps: 75
fitness 0.9358276
fitness 0.94429135
fitness 0.94684494
Processing individual 739 for 'tabpfn_fhs'...
fit 0.71765304
fit 0.7519814
fit 0.77526075
fit 0.82742953
fit 0.8600331
Total steps: 75
fitness 0.86018646
fitness 0.8615148
Processing individual 740 for 'tabpfn_fhs'...
fit 0.73027366
fit 0.7562601
fit 0.7865774
Total steps: 75
fitness 0.7866808
fitness 0.79926664
Processing individual 741 for 'tabpfn_fhs'...
fit 0.9210976
fit 0.9500331
fit 0.9501945
fit 0.96421313
fit 0.96788406
Total steps: 75
fitness 0.9695839
fitness 0.9732199
fitness 0.97395796
Processing individual 742 for 'tabpfn_fhs'...
fit 0.571387
fit 0.63709646
fit 0.7095786
fit 0.7322367
Total steps: 75
fitness 0.7358333
fitness 0.7394359
fitness 0.76034766
Processing individual 743 for 'tabpfn_fhs'...
fit 0.8518986
fit 0.8635789
fit 0.87810355
fit 0.90578353
fit 0.9188018
Total steps: 75
fitness 0.919175
fitness 0.9337087
fitness 0.9372975
Processing individual 744 for 'tabpfn_fhs'...
fit 0.9041784
fit 0.9388333
fit 0.95656514
fit 0.962828
Total steps: 75
fitness 0.9644337
fitness 0.9691238
fitness 0.96994424
Processing individual 745 for 'tabpfn_fhs'...
fit 0.8195929
fit 0.82805204
fit 0.853505
fit 0.8823906
Total steps: 75
fitness 0.8841198
fitness 0.8938119
Processing individual 746 for 'tabpfn_fhs'...
fit 0.9606364
fit 0.96838945
fit 0.9760153
fit 0.97951955
fit 0.98046845
Total steps: 75
fitness 0.9805796
fitness 0.98081213
fitness 0.9838001
fitness 0.9842171
Processing individual 747 for 'tabpfn_fhs'...
fit 0.5415118
fit 0.60223806
fit 0.6838961
fit 0.69538516
Total steps: 75
fitness 0.7017752
fitness 0.7103945
fitness 0.73374
Processing individual 748 for 'tabpfn_fhs'...
fit 0.95751894
fit 0.96496314
fit 0.97277915
fit 0.9773608
fit 0.97793096
Total steps: 75
fitness 0.97820914
fitness 0.978642
fitness 0.9818225
fitness 0.9828642
Processing individual 749 for 'tabpfn_fhs'...
fit 0.87096447
fit 0.8861143
fit 0.8953802
fit 0.92277056
fit 0.9315035
Total steps: 75
fitness 0.9344894
fitness 0.94603723
fitness 0.9482702
Processing individual 750 for 'tabpfn_fhs'...
fit 0.8413341
fit 0.85261625
fit 0.86560166
fit 0.8947542
fit 0.90993434
Total steps: 75
fitness 0.924844
fitness 0.9279936
Processing individual 751 for 'tabpfn_fhs'...
fit 0.70754266
fit 0.77658916
fit 0.82500654
fit 0.8676257
Total steps: 75
fitness 0.8738117
fitness 0.89136434
fitness 0.89768064
Processing individual 752 for 'tabpfn_fhs'...
fit 0.9144931
fit 0.9265255
fit 0.94325346
fit 0.9552647
Total steps: 75
fitness 0.95572484
fitness 0.9595715
Processing individual 753 for 'tabpfn_fhs'...
fit 0.8781043
fit 0.88899356
fit 0.9113683
fit 0.9312137
fit 0.93137103
Total steps: 75
fitness 0.9377745
Processing individual 754 for 'tabpfn_fhs'...
fit 0.851945
fit 0.88969654
fit 0.92629254
fit 0.9462867
Total steps: 75
fitness 0.94687057
fitness 0.9545937
fitness 0.9565874
Processing individual 755 for 'tabpfn_fhs'...
fit 0.8639058
fit 0.8656729
fit 0.8995414
fit 0.92379814
Total steps: 75
fitness 0.9294503
Processing individual 756 for 'tabpfn_fhs'...
fit 0.56345963
fit 0.6298463
fit 0.7022642
fit 0.7234182
Total steps: 75
fitness 0.7337676
fitness 0.74801946
Processing individual 757 for 'tabpfn_fhs'...
fit 0.9067035
fit 0.92434865
fit 0.9314311
fit 0.94964916
fit 0.9550657
Total steps: 75
fitness 0.9568312
fitness 0.9629651
fitness 0.9645263
Processing individual 758 for 'tabpfn_fhs'...
fit 0.82858455
fit 0.8364067
fit 0.85911083
fit 0.89062256
Total steps: 75
fitness 0.8911106
fitness 0.9007109
Processing individual 759 for 'tabpfn_fhs'...
fit 0.78786194
fit 0.806882
fit 0.8445427
Total steps: 75
fitness 0.8595467
Processing individual 760 for 'tabpfn_fhs'...
fit 0.6851958
fit 0.71834713
fit 0.7453002
fit 0.80432665
fit 0.84960884
Total steps: 75
fitness 0.851522
fitness 0.85302275
fitness 0.87250656
fitness 0.8777403
Processing individual 761 for 'tabpfn_fhs'...
fit 0.8122687
fit 0.8660463
fit 0.908753
fit 0.93403655
Total steps: 75
fitness 0.9358276
fitness 0.94429135
fitness 0.94684494
Processing individual 762 for 'tabpfn_fhs'...
fit 0.88028324
fit 0.92759454
fit 0.9463878
fit 0.956452
Total steps: 75
fitness 0.95843035
fitness 0.96414584
fitness 0.9654629
Processing individual 763 for 'tabpfn_fhs'...
fit 0.6224479
fit 0.6696737
fit 0.69504243
fit 0.7640161
fit 0.8163717
Total steps: 75
fitness 0.8437629
fitness 0.8475138
Processing individual 764 for 'tabpfn_fhs'...
fit 0.9067035
fit 0.92434865
fit 0.9314311
fit 0.94964916
fit 0.9550657
Total steps: 75
fitness 0.9568312
fitness 0.9629651
fitness 0.9645263
Processing individual 765 for 'tabpfn_fhs'...
fit 0.6883539
fit 0.73153687
fit 0.75077254
fit 0.811865
fit 0.86350596
Total steps: 75
fitness 0.87901735
fitness 0.8855962
Processing individual 766 for 'tabpfn_fhs'...
fit 0.6684693
fit 0.7077048
fit 0.7333828
fit 0.798852
fit 0.84531987
Total steps: 75
fitness 0.85184103
fitness 0.8686234
fitness 0.87514704
Processing individual 767 for 'tabpfn_fhs'...
fit 0.746697
fit 0.7886229
fit 0.7934905
fit 0.84762156
fit 0.89288557
Total steps: 75
fitness 0.8935484
fitness 0.89432925
fitness 0.90952694
fitness 0.914297
Processing individual 768 for 'tabpfn_fhs'...
fit 0.6508867
fit 0.66214406
fit 0.7079546
fit 0.76113296
fit 0.79884183
Total steps: 75
fitness 0.8008358
fitness 0.8083506
Processing individual 769 for 'tabpfn_fhs'...
fit 0.8593517
fit 0.87008417
fit 0.8848883
fit 0.9123551
fit 0.9222149
Total steps: 75
fitness 0.9227593
fitness 0.92484385
fitness 0.9385336
fitness 0.94068044
Processing individual 770 for 'tabpfn_fhs'...
fit 0.89110315
fit 0.91466814
fit 0.9194842
fit 0.93929994
fit 0.9450419
Total steps: 75
fitness 0.94777966
fitness 0.95606273
fitness 0.957956
Processing individual 771 for 'tabpfn_fhs'...
fit 0.9638549
fit 0.9695841
fit 0.97867537
fit 0.981755
fit 0.9818891
Total steps: 75
fitness 0.98236126
fitness 0.98249954
fitness 0.9825092
fitness 0.98529744
fitness 0.98565453
Processing individual 772 for 'tabpfn_fhs'...
fit 0.9432576
fit 0.95421135
fit 0.96413124
fit 0.97042066
fit 0.9725088
Total steps: 75
fitness 0.9727349
fitness 0.97769356
fitness 0.97846574
Processing individual 773 for 'tabpfn_fhs'...
fit 0.80278236
fit 0.85965836
fit 0.89910436
fit 0.92757446
Total steps: 75
fitness 0.9278938
fitness 0.9378246
fitness 0.9410746
Processing individual 774 for 'tabpfn_fhs'...
fit 0.84739053
fit 0.8609688
fit 0.8713579
fit 0.9026493
fit 0.9158594
Total steps: 75
fitness 0.9294601
fitness 0.9325737
Processing individual 775 for 'tabpfn_fhs'...
fit 0.65432584
fit 0.6754265
fit 0.7123343
fit 0.7680966
fit 0.8103281
Total steps: 75
fitness 0.8107563
fitness 0.818233
Processing individual 776 for 'tabpfn_fhs'...
fit 0.7798948
fit 0.80177915
fit 0.83774924
Total steps: 75
fitness 0.8548423
Processing individual 777 for 'tabpfn_fhs'...
fit 0.92021763
fit 0.9376594
fit 0.94529116
fit 0.9574318
fit 0.96202046
Total steps: 75
fitness 0.9622553
fitness 0.9624845
fitness 0.9692484
fitness 0.96999985
Processing individual 778 for 'tabpfn_fhs'...
fit 0.9481112
fit 0.9583212
fit 0.9674767
fit 0.972845
fit 0.9747505
Total steps: 75
fitness 0.9790957
fitness 0.9801509
Processing individual 779 for 'tabpfn_fhs'...
fit 0.8213101
fit 0.8309982
fit 0.84960634
fit 0.8789451
fit 0.8971368
Total steps: 75
fitness 0.9098078
fitness 0.9136833
Processing individual 780 for 'tabpfn_fhs'...
fit 0.85955966
fit 0.90284944
fit 0.9326081
fit 0.95015407
Total steps: 75
fitness 0.9516384
fitness 0.95860344
fitness 0.96005964
Processing individual 781 for 'tabpfn_fhs'...
fit 0.8980746
fit 0.9152133
fit 0.9237394
fit 0.9443437
fit 0.9495675
Total steps: 75
fitness 0.95162624
fitness 0.9518592
fitness 0.95999736
fitness 0.961093
Processing individual 782 for 'tabpfn_fhs'...
fit 0.66957986
fit 0.7053129
fit 0.73626375
fit 0.78259456
fit 0.82055783
Total steps: 75
fitness 0.82061136
fitness 0.82536435
fitness 0.83332545
Processing individual 783 for 'tabpfn_fhs'...
fit 0.7331953
fit 0.7899708
fit 0.8546292
fit 0.89336854
Total steps: 75
fitness 0.9058228
fitness 0.9109226
Processing individual 784 for 'tabpfn_fhs'...
fit 0.8195929
fit 0.82805204
fit 0.853505
fit 0.8823906
Total steps: 75
fitness 0.8841198
fitness 0.8938119
Processing individual 785 for 'tabpfn_fhs'...
fit 0.61276686
fit 0.6475985
fit 0.67808634
fit 0.7579492
fit 0.7991115
Total steps: 75
fitness 0.8194066
fitness 0.83478534
Processing individual 786 for 'tabpfn_fhs'...
fit 0.80278236
fit 0.85965836
fit 0.89910436
fit 0.92757446
Total steps: 75
fitness 0.9278938
fitness 0.9378246
fitness 0.9410746
Processing individual 787 for 'tabpfn_fhs'...
fit 0.87096447
fit 0.8861143
fit 0.8953802
fit 0.92277056
fit 0.9315035
Total steps: 75
fitness 0.9344894
fitness 0.94603723
fitness 0.9482702
Processing individual 788 for 'tabpfn_fhs'...
fit 0.9067035
fit 0.92434865
fit 0.9314311
fit 0.94964916
fit 0.9550657
Total steps: 75
fitness 0.9568312
fitness 0.9629651
fitness 0.9645263
Processing individual 789 for 'tabpfn_fhs'...
fit 0.8518986
fit 0.8635789
fit 0.87810355
fit 0.90578353
fit 0.9188018
Total steps: 75
fitness 0.919175
fitness 0.9337087
fitness 0.9372975
Processing individual 790 for 'tabpfn_fhs'...
fit 0.87925994
fit 0.8923553
fit 0.9015475
fit 0.9292953
fit 0.9349795
Total steps: 75
fitness 0.94223464
fitness 0.94869494
fitness 0.95232004
Processing individual 791 for 'tabpfn_fhs'...
fit 0.8127932
fit 0.81628466
fit 0.845933
fit 0.8740381
fit 0.8931992
Total steps: 75
fitness 0.90468514
fitness 0.90928036
Processing individual 792 for 'tabpfn_fhs'...
fit 0.80528593
fit 0.8208157
fit 0.8406828
fit 0.86804414
fit 0.8885472
Total steps: 75
fitness 0.899123
fitness 0.90533507
Processing individual 793 for 'tabpfn_fhs'...
fit 0.87925994
fit 0.8923553
fit 0.9015475
fit 0.9292953
fit 0.9349795
Total steps: 75
fitness 0.94223464
fitness 0.94869494
fitness 0.95232004
Processing individual 794 for 'tabpfn_fhs'...
fit 0.9432576
fit 0.95421135
fit 0.96413124
fit 0.97042066
fit 0.9725088
Total steps: 75
fitness 0.9727349
fitness 0.97769356
fitness 0.97846574
Processing individual 795 for 'tabpfn_fhs'...
fit 0.8213101
fit 0.8309982
fit 0.84960634
fit 0.8789451
fit 0.8971368
Total steps: 75
fitness 0.9098078
fitness 0.9136833
Processing individual 796 for 'tabpfn_fhs'...
fit 0.597801
fit 0.60720444
fit 0.6569057
fit 0.72642636
fit 0.7521688
Total steps: 75
fitness 0.7530577
fitness 0.75748014
fitness 0.768578
Processing individual 797 for 'tabpfn_fhs'...
fit 0.9380497
fit 0.95206344
fit 0.9582532
fit 0.9681602
fit 0.97059625
Total steps: 75
fitness 0.97076267
fitness 0.97082764
fitness 0.9757926
fitness 0.97596437
Processing individual 798 for 'tabpfn_fhs'...
fit 0.8252755
fit 0.8951334
fit 0.9154146
fit 0.93908674
Total steps: 75
fitness 0.94177306
fitness 0.9498859
fitness 0.95212555
Processing individual 799 for 'tabpfn_fhs'...
fit 0.92847186
fit 0.954129
fit 0.957115
fit 0.96676004
fit 0.97015774
Total steps: 75
fitness 0.9718765
fitness 0.9751002
fitness 0.9756017
Processing individual 800 for 'tabpfn_fhs'...
fit 0.9432576
fit 0.95421135
fit 0.96413124
fit 0.97042066
fit 0.9725088
Total steps: 75
fitness 0.9727349
fitness 0.97769356
fitness 0.97846574
Processing individual 801 for 'tabpfn_fhs'...
fit 0.6606135
fit 0.6849219
fit 0.72185284
fit 0.7755176
fit 0.8154601
Total steps: 75
fitness 0.8163212
fitness 0.8238451
Processing individual 802 for 'tabpfn_fhs'...
fit 0.9067035
fit 0.92434865
fit 0.9314311
fit 0.94964916
fit 0.9550657
Total steps: 75
fitness 0.9568312
fitness 0.9629651
fitness 0.9645263
Processing individual 803 for 'tabpfn_fhs'...
fit 0.91320825
fit 0.9341744
fit 0.9389479
fit 0.95477563
fit 0.958992
Total steps: 75
fitness 0.96025026
fitness 0.960927
fitness 0.9672204
fitness 0.9678343
Processing individual 804 for 'tabpfn_fhs'...
fit 0.7205915
fit 0.74797815
fit 0.7787803
Total steps: 75
fitness 0.78949386
Processing individual 805 for 'tabpfn_fhs'...
fit 0.6231602
fit 0.68166584
fit 0.770035
fit 0.806697
Total steps: 75
fitness 0.83059263
fitness 0.83902246
Processing individual 806 for 'tabpfn_fhs'...
fit 0.80528593
fit 0.8208157
fit 0.8406828
fit 0.86804414
fit 0.8885472
Total steps: 75
fitness 0.899123
fitness 0.90533507
Processing individual 807 for 'tabpfn_fhs'...
fit 0.84739053
fit 0.8609688
fit 0.8713579
fit 0.9026493
fit 0.9158594
Total steps: 75
fitness 0.9294601
fitness 0.9325737
Processing individual 808 for 'tabpfn_fhs'...
fit 0.9210976
fit 0.9500331
fit 0.9501945
fit 0.96421313
fit 0.96788406
Total steps: 75
fitness 0.9695839
fitness 0.9732199
fitness 0.97395796
Processing individual 809 for 'tabpfn_fhs'...
fit 0.92021763
fit 0.9376594
fit 0.94529116
fit 0.9574318
fit 0.96202046
Total steps: 75
fitness 0.9622553
fitness 0.9624845
fitness 0.9692484
fitness 0.96999985
Processing individual 810 for 'tabpfn_fhs'...
fit 0.80278236
fit 0.85965836
fit 0.89910436
fit 0.92757446
Total steps: 75
fitness 0.9278938
fitness 0.9378246
fitness 0.9410746
Processing individual 811 for 'tabpfn_fhs'...
fit 0.80278236
fit 0.85965836
fit 0.89910436
fit 0.92757446
Total steps: 75
fitness 0.9278938
fitness 0.9378246
fitness 0.9410746
Processing individual 812 for 'tabpfn_fhs'...
fit 0.6883539
fit 0.73153687
fit 0.75077254
fit 0.811865
fit 0.86350596
Total steps: 75
fitness 0.87901735
fitness 0.8855962
Processing individual 813 for 'tabpfn_fhs'...
fit 0.9275662
fit 0.94260246
fit 0.9490576
fit 0.96181697
fit 0.96510077
Total steps: 75
fitness 0.9654037
fitness 0.9660289
fitness 0.971282
fitness 0.9724516
Processing individual 814 for 'tabpfn_fhs'...
fit 0.9041784
fit 0.9388333
fit 0.95656514
fit 0.962828
Total steps: 75
fitness 0.9644337
fitness 0.9691238
fitness 0.96994424
Processing individual 815 for 'tabpfn_fhs'...
fit 0.77723676
fit 0.7978853
fit 0.8376371
Total steps: 75
fitness 0.84966815
Processing individual 816 for 'tabpfn_fhs'...
fit 0.78786194
fit 0.806882
fit 0.8445427
Total steps: 75
fitness 0.8595467
Processing individual 817 for 'tabpfn_fhs'...
fit 0.77004373
fit 0.8087529
fit 0.83078754
fit 0.87335753
fit 0.8875234
Total steps: 75
fitness 0.8878653
fitness 0.8904239
Processing individual 818 for 'tabpfn_fhs'...
fit 0.87925994
fit 0.8923553
fit 0.9015475
fit 0.9292953
fit 0.9349795
Total steps: 75
fitness 0.94223464
fitness 0.94869494
fitness 0.95232004
Processing individual 819 for 'tabpfn_fhs'...
fit 0.8675285
fit 0.9174493
fit 0.93991834
fit 0.95254517
Total steps: 75
fitness 0.95566434
fitness 0.96134245
fitness 0.9631264
Processing individual 820 for 'tabpfn_fhs'...
fit 0.9481112
fit 0.9583212
fit 0.9674767
fit 0.972845
fit 0.9747505
Total steps: 75
fitness 0.9790957
fitness 0.9801509
Processing individual 821 for 'tabpfn_fhs'...
fit 0.91220444
fit 0.9404784
fit 0.94432604
fit 0.9602816
fit 0.96539986
Total steps: 75
fitness 0.96673304
fitness 0.96679056
fitness 0.97129196
fitness 0.9717873
Processing individual 822 for 'tabpfn_fhs'...
fit 0.71765304
fit 0.7519814
fit 0.77526075
fit 0.82742953
fit 0.8600331
Total steps: 75
fitness 0.86018646
fitness 0.8615148
Processing individual 823 for 'tabpfn_fhs'...
fit 0.95285267
fit 0.9635216
fit 0.9700949
fit 0.97529733
fit 0.9759291
Total steps: 75
fitness 0.9763031
fitness 0.9766243
fitness 0.98036706
fitness 0.98099476
Processing individual 824 for 'tabpfn_fhs'...
fit 0.91320825
fit 0.9341744
fit 0.9389479
fit 0.95477563
fit 0.958992
Total steps: 75
fitness 0.96025026
fitness 0.960927
fitness 0.9672204
fitness 0.9678343
Processing individual 825 for 'tabpfn_fhs'...
fit 0.8213101
fit 0.8309982
fit 0.84960634
fit 0.8789451
fit 0.8971368
Total steps: 75
fitness 0.9098078
fitness 0.9136833
Processing individual 826 for 'tabpfn_fhs'...
fit 0.8077582
fit 0.83030415
fit 0.86675835
Total steps: 75
fitness 0.8804684
Processing individual 827 for 'tabpfn_fhs'...
fit 0.88394505
fit 0.9021565
fit 0.909784
fit 0.935237
fit 0.9414197
Total steps: 75
fitness 0.9439684
fitness 0.95236635
fitness 0.9548955
Processing individual 828 for 'tabpfn_fhs'...
fit 0.5711329
fit 0.62951255
fit 0.65972406
fit 0.7232301
fit 0.7691127
Total steps: 75
fitness 0.7725216
fitness 0.79903954
fitness 0.81146497
Processing individual 829 for 'tabpfn_fhs'...
fit 0.9481112
fit 0.9583212
fit 0.9674767
fit 0.972845
fit 0.9747505
Total steps: 75
fitness 0.9790957
fitness 0.9801509
Processing individual 830 for 'tabpfn_fhs'...
fit 0.9432576
fit 0.95421135
fit 0.96413124
fit 0.97042066
fit 0.9725088
Total steps: 75
fitness 0.9727349
fitness 0.97769356
fitness 0.97846574
Processing individual 831 for 'tabpfn_fhs'...
fit 0.86927503
fit 0.87942374
fit 0.9026709
fit 0.9255808
Total steps: 75
fitness 0.93292916
Processing individual 832 for 'tabpfn_fhs'...
fit 0.9481112
fit 0.9583212
fit 0.9674767
fit 0.972845
fit 0.9747505
Total steps: 75
fitness 0.9790957
fitness 0.9801509
Processing individual 833 for 'tabpfn_fhs'...
fit 0.89291143
fit 0.9345853
fit 0.95298547
fit 0.9603089
Total steps: 75
fitness 0.9611072
fitness 0.962054
fitness 0.96652013
fitness 0.96769977
Processing individual 834 for 'tabpfn_fhs'...
fit 0.8654835
fit 0.87783945
fit 0.8892132
fit 0.91979724
fit 0.9261971
Total steps: 75
fitness 0.9287922
fitness 0.94311756
fitness 0.94506484
Processing individual 835 for 'tabpfn_fhs'...
fit 0.93232787
fit 0.9482945
fit 0.9539791
fit 0.96397465
fit 0.9681384
Total steps: 75
fitness 0.97393703
fitness 0.97507834
Processing individual 836 for 'tabpfn_fhs'...
fit 0.92021763
fit 0.9376594
fit 0.94529116
fit 0.9574318
fit 0.96202046
Total steps: 75
fitness 0.9622553
fitness 0.9624845
fitness 0.9692484
fitness 0.96999985
Processing individual 837 for 'tabpfn_fhs'...
fit 0.5853628
fit 0.5954178
fit 0.6511022
fit 0.72472465
fit 0.7430581
Total steps: 75
fitness 0.7477931
fitness 0.76217645
Processing individual 838 for 'tabpfn_fhs'...
fit 0.8654835
fit 0.87783945
fit 0.8892132
fit 0.91979724
fit 0.9261971
Total steps: 75
fitness 0.9287922
fitness 0.94311756
fitness 0.94506484
Processing individual 839 for 'tabpfn_fhs'...
fit 0.7323956
fit 0.78732806
fit 0.7889843
fit 0.84848905
fit 0.8683479
Total steps: 75
fitness 0.8691922
fitness 0.8701738
fitness 0.87547415
Processing individual 840 for 'tabpfn_fhs'...
fit 0.9380497
fit 0.95206344
fit 0.9582532
fit 0.9681602
fit 0.97059625
Total steps: 75
fitness 0.97076267
fitness 0.97082764
fitness 0.9757926
fitness 0.97596437
Processing individual 841 for 'tabpfn_fhs'...
fit 0.8675285
fit 0.9174493
fit 0.93991834
fit 0.95254517
Total steps: 75
fitness 0.95566434
fitness 0.96134245
fitness 0.9631264
Processing individual 842 for 'tabpfn_fhs'...
fit 0.8202251
fit 0.8607128
fit 0.8630744
fit 0.9070785
fit 0.90903234
Total steps: 75
fitness 0.9151368
fitness 0.918212
Processing individual 843 for 'tabpfn_fhs'...
fit 0.73027366
fit 0.7562601
fit 0.7865774
Total steps: 75
fitness 0.7866808
fitness 0.79926664
Processing individual 844 for 'tabpfn_fhs'...
fit 0.8213101
fit 0.8309982
fit 0.84960634
fit 0.8789451
fit 0.8971368
Total steps: 75
fitness 0.9098078
fitness 0.9136833
Processing individual 845 for 'tabpfn_fhs'...
fit 0.88394505
fit 0.9021565
fit 0.909784
fit 0.935237
fit 0.9414197
Total steps: 75
fitness 0.9439684
fitness 0.95236635
fitness 0.9548955
Processing individual 846 for 'tabpfn_fhs'...
fit 0.88394505
fit 0.9021565
fit 0.909784
fit 0.935237
fit 0.9414197
Total steps: 75
fitness 0.9439684
fitness 0.95236635
fitness 0.9548955
Processing individual 847 for 'tabpfn_fhs'...
fit 0.6047734
fit 0.67043495
fit 0.6840956
fit 0.7596613
fit 0.80202264
Total steps: 75
fitness 0.8060509
fitness 0.83490753
fitness 0.8444161
Saved: tabpfn_fhs_uniform_init25_iter100_fhs/counterfactuals.pkl
Completed tabpfn_fhs_uniform_init25_iter100_fhs in 1135 seconds

Running: python -u run_coala.py             --model /global/home/hpc5434/models/tabpfn_fhs.pkl             --reference /global/home/hpc5434/MAP-CF/nhane/X_test_tabpfn_fhs.csv             --train /global/home/hpc5434/MAP-CF/nhane/X_train_tabpfn_fhs.csv             --feature_cat "/global/home/hpc5434/MAP-CF/nhane/feature_categories_fhs.json"             --model_name tabpfn_fhs             --method uniform             --init_pop 25             --iter 1000             --output tabpfn_fhs_uniform_init25_iter1000_fhs

=== Running MAP-Elites for: tabpfn_fhs ===
CUDA available: True
Processing individual 0 for 'tabpfn_fhs'...
fit 0.8980746
fit 0.9152133
fit 0.9237394
fit 0.9443437
fit 0.9495675
Total steps: 975
fitness 0.9516524
fitness 0.95186585
fitness 0.96007156
fitness 0.9610886
fitness 0.96325535
fitness 0.9640598
fitness 0.9649041
fitness 0.9663312
fitness 0.96650696
fitness 0.9666814
fitness 0.96689487
Processing individual 1 for 'tabpfn_fhs'...
fit 0.72042024
fit 0.7617291
fit 0.7753291
fit 0.83254945
fit 0.87933
Total steps: 975
fitness 0.8811565
fitness 0.88173753
fitness 0.8971873
fitness 0.90373945
fitness 0.90523076
fitness 0.9057063
fitness 0.90761715
fitness 0.90793043
fitness 0.9087601
fitness 0.9115527
fitness 0.91641724
fitness 0.91647255
fitness 0.9170143
Processing individual 2 for 'tabpfn_fhs'...
fit 0.7942432
fit 0.81880546
fit 0.85171497
Total steps: 975
fitness 0.8659587
fitness 0.8704025
fitness 0.87163174
fitness 0.8721394
fitness 0.87627
fitness 0.8798456
fitness 0.8825249
fitness 0.8825483
fitness 0.88260615
fitness 0.88688123
Processing individual 3 for 'tabpfn_fhs'...
fit 0.88394505
fit 0.9021565
fit 0.909784
fit 0.935237
fit 0.9414197
Total steps: 975
fitness 0.94402844
fitness 0.9523419
fitness 0.9549239
fitness 0.9571078
fitness 0.95829666
fitness 0.9608616
fitness 0.96225727
fitness 0.96225876
fitness 0.962507
Processing individual 4 for 'tabpfn_fhs'...
fit 0.9210976
fit 0.9500331
fit 0.9501945
fit 0.96421313
fit 0.96788406
Total steps: 975
fitness 0.96958923
fitness 0.973213
fitness 0.97395456
fitness 0.97396135
fitness 0.9749239
fitness 0.9749813
fitness 0.9750915
fitness 0.97511953
fitness 0.9754174
fitness 0.9756586
fitness 0.97569156
fitness 0.9757528
fitness 0.9757624
fitness 0.97587645
Processing individual 5 for 'tabpfn_fhs'...
fit 0.82721496
fit 0.83808005
fit 0.85493535
fit 0.88445103
fit 0.90316945
Total steps: 975
fitness 0.9147705
fitness 0.91869575
fitness 0.9229651
fitness 0.92375267
fitness 0.9239683
fitness 0.9282855
fitness 0.9322176
fitness 0.9327377
Processing individual 6 for 'tabpfn_fhs'...
fit 0.89291143
fit 0.9345853
fit 0.95298547
fit 0.9603089
Total steps: 975
fitness 0.96111274
fitness 0.9620165
fitness 0.9664987
fitness 0.9677124
fitness 0.9700971
fitness 0.970609
fitness 0.97123045
fitness 0.97190356
Processing individual 7 for 'tabpfn_fhs'...
fit 0.75864756
fit 0.7829794
fit 0.81861967
Total steps: 975
fitness 0.83251745
fitness 0.8347725
fitness 0.8401566
fitness 0.84060097
Processing individual 8 for 'tabpfn_fhs'...
fit 0.8735707
fit 0.90743655
fit 0.91540635
fit 0.94109267
Total steps: 975
fitness 0.9489131
fitness 0.9523174
fitness 0.952369
fitness 0.95266724
fitness 0.9527396
fitness 0.952953
fitness 0.9530097
fitness 0.95308965
fitness 0.9531524
fitness 0.95380014
fitness 0.95429134
fitness 0.9543617
fitness 0.9544182
fitness 0.95459217
fitness 0.95630854
Processing individual 9 for 'tabpfn_fhs'...
fit 0.7678645
fit 0.79050016
fit 0.82387275
Total steps: 975
fitness 0.84097636
fitness 0.8415493
fitness 0.843048
fitness 0.8433706
fitness 0.84376574
fitness 0.8444401
fitness 0.8449148
fitness 0.8449907
fitness 0.8477167
fitness 0.85056597
fitness 0.852049
Processing individual 10 for 'tabpfn_fhs'...
fit 0.9275662
fit 0.94260246
fit 0.9490576
fit 0.96181697
fit 0.96510077
Total steps: 975
fitness 0.9654782
fitness 0.965974
fitness 0.9712863
fitness 0.97245634
fitness 0.9732014
fitness 0.9735687
fitness 0.97424
fitness 0.9746518
fitness 0.9749368
fitness 0.9752701
fitness 0.9758432
Processing individual 11 for 'tabpfn_fhs'...
fit 0.797704
fit 0.8222787
fit 0.85998297
Total steps: 975
fitness 0.87261826
fitness 0.874092
fitness 0.87944865
fitness 0.88077545
fitness 0.88318336
fitness 0.8841064
fitness 0.8845084
fitness 0.8869791
fitness 0.8881198
fitness 0.8889954
fitness 0.891819
Processing individual 12 for 'tabpfn_fhs'...
fit 0.7942432
fit 0.81880546
fit 0.85171497
Total steps: 975
fitness 0.8659587
fitness 0.8704025
fitness 0.87163174
fitness 0.8721394
fitness 0.87627
fitness 0.8798456
fitness 0.8825249
fitness 0.8825483
fitness 0.88260615
fitness 0.88688123
Processing individual 13 for 'tabpfn_fhs'...
fit 0.8858259
fit 0.91434723
fit 0.9285772
fit 0.94748527
Total steps: 975
fitness 0.9523761
fitness 0.9529811
fitness 0.9563079
fitness 0.9567691
fitness 0.95689857
fitness 0.9570496
fitness 0.9571651
fitness 0.9573037
fitness 0.957541
fitness 0.95992357
Processing individual 14 for 'tabpfn_fhs'...
fit 0.82721496
fit 0.83808005
fit 0.85493535
fit 0.88445103
fit 0.90316945
Total steps: 975
fitness 0.9147705
fitness 0.91869575
fitness 0.9229651
fitness 0.92375267
fitness 0.9239683
fitness 0.9282855
fitness 0.9322176
fitness 0.9327377
Processing individual 15 for 'tabpfn_fhs'...
fit 0.89291143
fit 0.9345853
fit 0.95298547
fit 0.9603089
Total steps: 975
fitness 0.96111274
fitness 0.9620165
fitness 0.9664987
fitness 0.9677124
fitness 0.9700971
fitness 0.970609
fitness 0.97123045
fitness 0.97190356
Processing individual 16 for 'tabpfn_fhs'...
fit 0.66957986
fit 0.7053129
fit 0.73626375
fit 0.78259456
fit 0.82055783
Total steps: 975
fitness 0.8206332
fitness 0.8251264
fitness 0.8333335
fitness 0.8427787
fitness 0.84743047
fitness 0.8487185
fitness 0.84905314
fitness 0.84912896
fitness 0.85024804
fitness 0.8513848
fitness 0.85312766
fitness 0.85345936
fitness 0.8548001
fitness 0.85838264
Processing individual 17 for 'tabpfn_fhs'...
fit 0.571387
fit 0.63709646
fit 0.7095786
fit 0.7322367
Total steps: 975
fitness 0.7358363
fitness 0.73932666
fitness 0.76070094
fitness 0.76748
fitness 0.7706148
fitness 0.7712608
fitness 0.7742828
fitness 0.7763502
fitness 0.78208673
Processing individual 18 for 'tabpfn_fhs'...
fit 0.91220444
fit 0.9404784
fit 0.94432604
fit 0.9602816
fit 0.96539986
Total steps: 975
fitness 0.9667622
fitness 0.96677625
fitness 0.9713212
fitness 0.9717744
fitness 0.97323775
fitness 0.9732404
fitness 0.97352654
fitness 0.973721
fitness 0.97434795
fitness 0.97442573
fitness 0.97492963
fitness 0.9752938
Processing individual 19 for 'tabpfn_fhs'...
fit 0.66957986
fit 0.7053129
fit 0.73626375
fit 0.78259456
fit 0.82055783
Total steps: 975
fitness 0.8206332
fitness 0.8251264
fitness 0.8333335
fitness 0.8427787
fitness 0.84743047
fitness 0.8487185
fitness 0.84905314
fitness 0.84912896
fitness 0.85024804
fitness 0.8513848
fitness 0.85312766
fitness 0.85345936
fitness 0.8548001
fitness 0.85838264
Processing individual 20 for 'tabpfn_fhs'...
fit 0.6047734
fit 0.67043495
fit 0.6840956
fit 0.7596613
fit 0.80202264
Total steps: 975
fitness 0.8060025
fitness 0.83494115
fitness 0.84430593
fitness 0.845529
fitness 0.84928155
fitness 0.85275507
fitness 0.85608673
Processing individual 21 for 'tabpfn_fhs'...
fit 0.56345963
fit 0.6298463
fit 0.7022642
fit 0.7234182
Total steps: 975
fitness 0.733742
fitness 0.74801946
fitness 0.75591683
fitness 0.75715965
fitness 0.7621627
fitness 0.7669827
fitness 0.7697345
fitness 0.77181464
fitness 0.7776894
Processing individual 22 for 'tabpfn_fhs'...
fit 0.71765304
fit 0.7519814
fit 0.77526075
fit 0.82742953
fit 0.8600331
Total steps: 975
fitness 0.86147916
fitness 0.8633222
fitness 0.8730811
fitness 0.8737273
fitness 0.87655073
fitness 0.8782905
fitness 0.87948906
fitness 0.87958175
Processing individual 23 for 'tabpfn_fhs'...
fit 0.77408916
fit 0.7960612
fit 0.8322755
Total steps: 975
fitness 0.845892
fitness 0.8495975
fitness 0.851169
fitness 0.8518621
fitness 0.8525056
fitness 0.8534291
fitness 0.8539359
fitness 0.8540406
fitness 0.85458547
fitness 0.85622114
fitness 0.85726684
fitness 0.8605842
Processing individual 24 for 'tabpfn_fhs'...
fit 0.8283067
fit 0.83387613
fit 0.8531666
fit 0.88900155
fit 0.8962922
Total steps: 975
fitness 0.91208816
fitness 0.9166495
fitness 0.91863424
fitness 0.9205906
fitness 0.9218507
fitness 0.92292666
fitness 0.92550033
fitness 0.9256579
fitness 0.926141
fitness 0.927546
Processing individual 25 for 'tabpfn_fhs'...
fit 0.7678645
fit 0.79050016
fit 0.82387275
Total steps: 975
fitness 0.84097636
fitness 0.8415493
fitness 0.843048
fitness 0.8433706
fitness 0.84376574
fitness 0.8444401
fitness 0.8449148
fitness 0.8449907
fitness 0.8477167
fitness 0.85056597
fitness 0.852049
Processing individual 26 for 'tabpfn_fhs'...
fit 0.6224479
fit 0.6696737
fit 0.69504243
fit 0.7640161
fit 0.8163717
Total steps: 975
fitness 0.8439576
fitness 0.84731644
fitness 0.851867
fitness 0.85843945
fitness 0.86208653
fitness 0.86212784
fitness 0.86516964
fitness 0.86561733
Processing individual 27 for 'tabpfn_fhs'...
fit 0.9173331
fit 0.934811
fit 0.9494854
fit 0.96226716
Total steps: 975
fitness 0.9629969
fitness 0.9657723
fitness 0.96596396
fitness 0.96726155
fitness 0.9673798
fitness 0.9675822
fitness 0.9676727
fitness 0.9678435
fitness 0.9678969
fitness 0.9679508
fitness 0.9682419
fitness 0.968267
fitness 0.9682802
fitness 0.9684427
fitness 0.9699607
Processing individual 28 for 'tabpfn_fhs'...
fit 0.77004373
fit 0.8087529
fit 0.83078754
fit 0.87335753
fit 0.8875234
Total steps: 975
fitness 0.88771844
fitness 0.8902239
fitness 0.8906101
fitness 0.8953003
fitness 0.8968405
fitness 0.8986608
fitness 0.8996431
fitness 0.9005689
fitness 0.90133905
fitness 0.90295124
Processing individual 29 for 'tabpfn_fhs'...
fit 0.9275662
fit 0.94260246
fit 0.9490576
fit 0.96181697
fit 0.96510077
Total steps: 975
fitness 0.9654782
fitness 0.965974
fitness 0.9712863
fitness 0.97245634
fitness 0.9732014
fitness 0.9735687
fitness 0.97424
fitness 0.9746518
fitness 0.9749368
fitness 0.9752701
fitness 0.9758432
Processing individual 30 for 'tabpfn_fhs'...
fit 0.78063715
fit 0.8500516
fit 0.88524985
fit 0.92135423
Total steps: 975
fitness 0.932732
fitness 0.93626773
fitness 0.9367169
fitness 0.93674105
fitness 0.9370736
fitness 0.93895596
fitness 0.93981147
fitness 0.9427244
fitness 0.94536257
fitness 0.9456274
fitness 0.94571126
Processing individual 31 for 'tabpfn_fhs'...
fit 0.65432584
fit 0.6754265
fit 0.7123343
fit 0.7680966
fit 0.8103281
Total steps: 975
fitness 0.8104974
fitness 0.8181978
fitness 0.8244608
fitness 0.8257136
fitness 0.83113366
fitness 0.83461225
fitness 0.8437974
fitness 0.8456989
Processing individual 32 for 'tabpfn_fhs'...
fit 0.83517873
fit 0.84718144
fit 0.86032325
fit 0.8895162
fit 0.90692383
Total steps: 975
fitness 0.91955996
fitness 0.92509246
fitness 0.9272753
fitness 0.9294494
fitness 0.9315826
fitness 0.9359307
fitness 0.93600947
fitness 0.9362134
fitness 0.9363359
fitness 0.9364843
fitness 0.9366568
Processing individual 33 for 'tabpfn_fhs'...
fit 0.571387
fit 0.63709646
fit 0.7095786
fit 0.7322367
Total steps: 975
fitness 0.7358363
fitness 0.73932666
fitness 0.76070094
fitness 0.76748
fitness 0.7706148
fitness 0.7712608
fitness 0.7742828
fitness 0.7763502
fitness 0.78208673
Processing individual 34 for 'tabpfn_fhs'...
fit 0.85674465
fit 0.873536
fit 0.8899842
fit 0.9147663
Total steps: 975
fitness 0.9164601
fitness 0.92446965
fitness 0.9254486
fitness 0.9275688
fitness 0.93350196
fitness 0.9336995
fitness 0.9340811
fitness 0.9346869
fitness 0.9361365
fitness 0.93698424
fitness 0.9382355
fitness 0.93957895
fitness 0.93961596
fitness 0.9396996
fitness 0.94039524
fitness 0.9422805
fitness 0.9426649
fitness 0.94354403
fitness 0.94450575
fitness 0.9464488
Processing individual 35 for 'tabpfn_fhs'...
fit 0.72042024
fit 0.7617291
fit 0.7753291
fit 0.83254945
fit 0.87933
Total steps: 975
fitness 0.8811565
fitness 0.88173753
fitness 0.8971873
fitness 0.90373945
fitness 0.90523076
fitness 0.9057063
fitness 0.90761715
fitness 0.90793043
fitness 0.9087601
fitness 0.9115527
fitness 0.91641724
fitness 0.91647255
fitness 0.9170143
Processing individual 36 for 'tabpfn_fhs'...
fit 0.6606135
fit 0.6849219
fit 0.72185284
fit 0.7755176
fit 0.8154601
Total steps: 975
fitness 0.8166644
fitness 0.8237103
fitness 0.8314124
fitness 0.8372987
fitness 0.84252876
fitness 0.8430969
fitness 0.843114
fitness 0.8434857
fitness 0.84675425
fitness 0.8479494
fitness 0.85139936
fitness 0.85275966
Processing individual 37 for 'tabpfn_fhs'...
fit 0.95751894
fit 0.96496314
fit 0.97277915
fit 0.9773608
fit 0.97793096
Total steps: 975
fitness 0.97822237
fitness 0.9786215
fitness 0.98181385
fitness 0.9828391
fitness 0.98297846
fitness 0.9829791
fitness 0.9833164
fitness 0.9837058
fitness 0.9839615
fitness 0.9840762
fitness 0.98432094
Processing individual 38 for 'tabpfn_fhs'...
fit 0.9606364
fit 0.96838945
fit 0.9760153
fit 0.97951955
fit 0.98046845
Total steps: 975
fitness 0.9805373
fitness 0.9807878
fitness 0.9837805
fitness 0.9841908
fitness 0.98459303
fitness 0.98470885
fitness 0.9847604
fitness 0.98484796
fitness 0.9851203
fitness 0.9854414
fitness 0.9854563
fitness 0.9855002
fitness 0.98553455
Processing individual 39 for 'tabpfn_fhs'...
fit 0.8980746
fit 0.9152133
fit 0.9237394
fit 0.9443437
fit 0.9495675
Total steps: 975
fitness 0.9516524
fitness 0.95186585
fitness 0.96007156
fitness 0.9610886
fitness 0.96325535
fitness 0.9640598
fitness 0.9649041
fitness 0.9663312
fitness 0.96650696
fitness 0.9666814
fitness 0.96689487
Processing individual 40 for 'tabpfn_fhs'...
fit 0.8858259
fit 0.91434723
fit 0.9285772
fit 0.94748527
Total steps: 975
fitness 0.9523761
fitness 0.9529811
fitness 0.9563079
fitness 0.9567691
fitness 0.95689857
fitness 0.9570496
fitness 0.9571651
fitness 0.9573037
fitness 0.957541
fitness 0.95992357
Processing individual 41 for 'tabpfn_fhs'...
fit 0.7352761
fit 0.76144564
fit 0.7978756
Total steps: 975
fitness 0.80758494
fitness 0.8088229
fitness 0.8088777
fitness 0.8106948
fitness 0.8168207
fitness 0.8190984
fitness 0.81910276
fitness 0.8191749
fitness 0.8193382
fitness 0.8230675
Processing individual 42 for 'tabpfn_fhs'...
fit 0.6778027
fit 0.7164905
fit 0.73908895
fit 0.7926212
fit 0.8329972
Total steps: 975
fitness 0.8369933
fitness 0.8485644
fitness 0.85014534
fitness 0.853536
fitness 0.85489476
fitness 0.8574728
fitness 0.8584156
fitness 0.85891306
fitness 0.85954237
fitness 0.85993564
fitness 0.8632287
Processing individual 43 for 'tabpfn_fhs'...
fit 0.87096447
fit 0.8861143
fit 0.8953802
fit 0.92277056
fit 0.9315035
Total steps: 975
fitness 0.9344536
fitness 0.946014
fitness 0.9481758
fitness 0.9510052
fitness 0.9512121
fitness 0.9519683
fitness 0.9538128
fitness 0.9547899
fitness 0.9575235
fitness 0.95762503
fitness 0.9579332
Processing individual 44 for 'tabpfn_fhs'...
fit 0.8654835
fit 0.87783945
fit 0.8892132
fit 0.91979724
fit 0.9261971
Total steps: 975
fitness 0.9288552
fitness 0.9431303
fitness 0.9450573
fitness 0.9473623
fitness 0.9477612
fitness 0.94822335
fitness 0.9496925
fitness 0.9515785
fitness 0.9545867
fitness 0.9553
fitness 0.95542514
Processing individual 45 for 'tabpfn_fhs'...
fit 0.9606364
fit 0.96838945
fit 0.9760153
fit 0.97951955
fit 0.98046845
Total steps: 975
fitness 0.9805373
fitness 0.9807878
fitness 0.9837805
fitness 0.9841908
fitness 0.98459303
fitness 0.98470885
fitness 0.9847604
fitness 0.98484796
fitness 0.9851203
fitness 0.9854414
fitness 0.9854563
fitness 0.9855002
fitness 0.98553455
Processing individual 46 for 'tabpfn_fhs'...
fit 0.85955966
fit 0.90284944
fit 0.9326081
fit 0.95015407
Total steps: 975
fitness 0.95154196
fitness 0.9586369
fitness 0.9599928
fitness 0.9612413
fitness 0.9616796
fitness 0.9622133
fitness 0.9624741
fitness 0.96397454
fitness 0.9650645
fitness 0.96551913
Processing individual 47 for 'tabpfn_fhs'...
fit 0.8593517
fit 0.87008417
fit 0.8848883
fit 0.9123551
fit 0.9222149
Total steps: 975
fitness 0.9227315
fitness 0.92479837
fitness 0.93849885
fitness 0.9408415
fitness 0.94341236
fitness 0.94380254
fitness 0.94598174
fitness 0.9477785
fitness 0.9514585
fitness 0.9515249
fitness 0.95184636
Processing individual 48 for 'tabpfn_fhs'...
fit 0.84739053
fit 0.8609688
fit 0.8713579
fit 0.9026493
fit 0.9158594
Total steps: 975
fitness 0.9295026
fitness 0.93259805
fitness 0.93524545
fitness 0.9353824
fitness 0.9382317
fitness 0.9406345
fitness 0.944371
fitness 0.94512624
fitness 0.9455403
Processing individual 49 for 'tabpfn_fhs'...
fit 0.6224479
fit 0.6696737
fit 0.69504243
fit 0.7640161
fit 0.8163717
Total steps: 975
fitness 0.8439576
fitness 0.84731644
fitness 0.851867
fitness 0.85843945
fitness 0.86208653
fitness 0.86212784
fitness 0.86516964
fitness 0.86561733
Processing individual 50 for 'tabpfn_fhs'...
fit 0.61596763
fit 0.63267124
fit 0.6780986
fit 0.7418403
fit 0.7726231
Total steps: 975
fitness 0.7729187
fitness 0.7826849
fitness 0.790792
fitness 0.79892194
fitness 0.80634004
fitness 0.8092528
fitness 0.8101771
fitness 0.8121865
fitness 0.81571114
fitness 0.816265
Processing individual 51 for 'tabpfn_fhs'...
fit 0.89110315
fit 0.91466814
fit 0.9194842
fit 0.93929994
fit 0.9450419
Total steps: 975
fitness 0.9477639
fitness 0.95602447
fitness 0.95797545
fitness 0.9603648
fitness 0.9611558
fitness 0.96246165
fitness 0.96468014
fitness 0.964722
Processing individual 52 for 'tabpfn_fhs'...
fit 0.91320825
fit 0.9341744
fit 0.9389479
fit 0.95477563
fit 0.958992
Total steps: 975
fitness 0.9602367
fitness 0.96094507
fitness 0.96718115
fitness 0.96787107
fitness 0.9695029
fitness 0.96953756
fitness 0.96970785
fitness 0.9705186
fitness 0.97121763
fitness 0.9720699
fitness 0.9722816
Processing individual 53 for 'tabpfn_fhs'...
fit 0.9432576
fit 0.95421135
fit 0.96413124
fit 0.97042066
fit 0.9725088
Total steps: 975
fitness 0.9727609
fitness 0.9777224
fitness 0.97845477
fitness 0.97912353
fitness 0.97924805
fitness 0.9795195
fitness 0.9798854
fitness 0.98040974
fitness 0.9804872
Processing individual 54 for 'tabpfn_fhs'...
fit 0.84623724
fit 0.8543851
fit 0.8795641
fit 0.90715724
Total steps: 975
fitness 0.90739036
fitness 0.9164365
fitness 0.9164484
fitness 0.9185136
fitness 0.9262945
fitness 0.92744106
fitness 0.928341
fitness 0.9298454
fitness 0.9324592
fitness 0.93302685
fitness 0.93303204
fitness 0.9340321
fitness 0.9346872
fitness 0.9349118
Processing individual 55 for 'tabpfn_fhs'...
fit 0.70754266
fit 0.77658916
fit 0.82500654
fit 0.8676257
Total steps: 975
fitness 0.873912
fitness 0.8913727
fitness 0.8976655
fitness 0.89859486
fitness 0.899299
fitness 0.89980245
fitness 0.8999042
fitness 0.9012405
fitness 0.90309656
fitness 0.9031706
fitness 0.9070803
fitness 0.91176707
fitness 0.91417015
Processing individual 56 for 'tabpfn_fhs'...
fit 0.9210976
fit 0.9500331
fit 0.9501945
fit 0.96421313
fit 0.96788406
Total steps: 975
fitness 0.96958923
fitness 0.973213
fitness 0.97395456
fitness 0.97396135
fitness 0.9749239
fitness 0.9749813
fitness 0.9750915
fitness 0.97511953
fitness 0.9754174
fitness 0.9756586
fitness 0.97569156
fitness 0.9757528
fitness 0.9757624
fitness 0.97587645
Processing individual 57 for 'tabpfn_fhs'...
fit 0.9432576
fit 0.95421135
fit 0.96413124
fit 0.97042066
fit 0.9725088
Total steps: 975
fitness 0.9727609
fitness 0.9777224
fitness 0.97845477
fitness 0.97912353
fitness 0.97924805
fitness 0.9795195
fitness 0.9798854
fitness 0.98040974
fitness 0.9804872
Processing individual 58 for 'tabpfn_fhs'...
fit 0.8980746
fit 0.9152133
fit 0.9237394
fit 0.9443437
fit 0.9495675
Total steps: 975
fitness 0.9516524
fitness 0.95186585
fitness 0.96007156
fitness 0.9610886
fitness 0.96325535
fitness 0.9640598
fitness 0.9649041
fitness 0.9663312
fitness 0.96650696
fitness 0.9666814
fitness 0.96689487
Processing individual 59 for 'tabpfn_fhs'...
fit 0.95751894
fit 0.96496314
fit 0.97277915
fit 0.9773608
fit 0.97793096
Total steps: 975
fitness 0.97822237
fitness 0.9786215
fitness 0.98181385
fitness 0.9828391
fitness 0.98297846
fitness 0.9829791
fitness 0.9833164
fitness 0.9837058
fitness 0.9839615
fitness 0.9840762
fitness 0.98432094
Processing individual 60 for 'tabpfn_fhs'...
fit 0.9275662
fit 0.94260246
fit 0.9490576
fit 0.96181697
fit 0.96510077
Total steps: 975
fitness 0.9654782
fitness 0.965974
fitness 0.9712863
fitness 0.97245634
fitness 0.9732014
fitness 0.9735687
fitness 0.97424
fitness 0.9746518
fitness 0.9749368
fitness 0.9752701
fitness 0.9758432
Processing individual 61 for 'tabpfn_fhs'...
fit 0.6851958
fit 0.71834713
fit 0.7453002
fit 0.80432665
fit 0.84960884
Total steps: 975
fitness 0.8515553
fitness 0.8528724
fitness 0.8726885
fitness 0.8777418
fitness 0.880534
fitness 0.8856306
fitness 0.88647085
fitness 0.8932486
fitness 0.89370584
fitness 0.8938035
fitness 0.8951576
fitness 0.89568514
Processing individual 62 for 'tabpfn_fhs'...
fit 0.7106939
fit 0.74269855
fit 0.76977444
Total steps: 975
fitness 0.7804385
fitness 0.78334814
fitness 0.7842675
fitness 0.7845311
fitness 0.7883934
fitness 0.79174316
fitness 0.7918794
fitness 0.7921887
fitness 0.79222155
Processing individual 63 for 'tabpfn_fhs'...
fit 0.7596602
fit 0.81715095
fit 0.8636521
fit 0.90724456
Total steps: 975
fitness 0.90802747
fitness 0.92136234
fitness 0.9257349
fitness 0.926727
fitness 0.92702603
fitness 0.9297446
fitness 0.93016
fitness 0.93220365
fitness 0.9366334
fitness 0.93706834
Processing individual 64 for 'tabpfn_fhs'...
fit 0.6851958
fit 0.71834713
fit 0.7453002
fit 0.80432665
fit 0.84960884
Total steps: 975
fitness 0.8515553
fitness 0.8528724
fitness 0.8726885
fitness 0.8777418
fitness 0.880534
fitness 0.8856306
fitness 0.88647085
fitness 0.8932486
fitness 0.89370584
fitness 0.8938035
fitness 0.8951576
fitness 0.89568514
Processing individual 65 for 'tabpfn_fhs'...
fit 0.851945
fit 0.88969654
fit 0.92629254
fit 0.9462867
Total steps: 975
fitness 0.9468931
fitness 0.9546701
fitness 0.95660007
fitness 0.95765024
fitness 0.9576711
fitness 0.95815814
fitness 0.9584505
fitness 0.9591923
fitness 0.9612287
fitness 0.96305335
fitness 0.9632487
fitness 0.96339905
fitness 0.9634875
fitness 0.9635664
Processing individual 66 for 'tabpfn_fhs'...
fit 0.9432576
fit 0.95421135
fit 0.96413124
fit 0.97042066
fit 0.9725088
Total steps: 975
fitness 0.9727609
fitness 0.9777224
fitness 0.97845477
fitness 0.97912353
fitness 0.97924805
fitness 0.9795195
fitness 0.9798854
fitness 0.98040974
fitness 0.9804872
Processing individual 67 for 'tabpfn_fhs'...
fit 0.9638549
fit 0.9695841
fit 0.97867537
fit 0.981755
fit 0.9818891
Total steps: 975
fitness 0.98238325
fitness 0.9825168
fitness 0.9852797
fitness 0.9856727
fitness 0.98597866
fitness 0.986066
fitness 0.9862454
fitness 0.9862862
fitness 0.98633814
fitness 0.9863739
fitness 0.9864111
fitness 0.98664194
fitness 0.9866938
fitness 0.9869307
Processing individual 68 for 'tabpfn_fhs'...
fit 0.91320825
fit 0.9341744
fit 0.9389479
fit 0.95477563
fit 0.958992
Total steps: 975
fitness 0.9602367
fitness 0.96094507
fitness 0.96718115
fitness 0.96787107
fitness 0.9695029
fitness 0.96953756
fitness 0.96970785
fitness 0.9705186
fitness 0.97121763
fitness 0.9720699
fitness 0.9722816
Processing individual 69 for 'tabpfn_fhs'...
fit 0.80056536
fit 0.8534894
fit 0.89742243
fit 0.90320617
Total steps: 975
fitness 0.90618193
fitness 0.90880525
fitness 0.9100354
fitness 0.91173303
fitness 0.9121086
fitness 0.9151239
fitness 0.9188817
fitness 0.92409873
fitness 0.92553073
fitness 0.92882526
Processing individual 70 for 'tabpfn_fhs'...
fit 0.88394505
fit 0.9021565
fit 0.909784
fit 0.935237
fit 0.9414197
Total steps: 975
fitness 0.94402844
fitness 0.9523419
fitness 0.9549239
fitness 0.9571078
fitness 0.95829666
fitness 0.9608616
fitness 0.96225727
fitness 0.96225876
fitness 0.962507
Processing individual 71 for 'tabpfn_fhs'...
fit 0.84739053
fit 0.8609688
fit 0.8713579
fit 0.9026493
fit 0.9158594
Total steps: 975
fitness 0.9295026
fitness 0.93259805
fitness 0.93524545
fitness 0.9353824
fitness 0.9382317
fitness 0.9406345
fitness 0.944371
fitness 0.94512624
fitness 0.9455403
Processing individual 72 for 'tabpfn_fhs'...
fit 0.95285267
fit 0.9635216
fit 0.9700949
fit 0.97529733
fit 0.9759291
Total steps: 975
fitness 0.97635436
fitness 0.9766043
fitness 0.9803549
fitness 0.98099226
fitness 0.98118395
fitness 0.98130244
fitness 0.9813035
fitness 0.98175406
fitness 0.9818205
fitness 0.9819231
fitness 0.98199797
fitness 0.9820101
fitness 0.98232484
fitness 0.98268867
fitness 0.98279965
fitness 0.98286134
Processing individual 73 for 'tabpfn_fhs'...
fit 0.87096447
fit 0.8861143
fit 0.8953802
fit 0.92277056
fit 0.9315035
Total steps: 975
fitness 0.9344536
fitness 0.946014
fitness 0.9481758
fitness 0.9510052
fitness 0.9512121
fitness 0.9519683
fitness 0.9538128
fitness 0.9547899
fitness 0.9575235
fitness 0.95762503
fitness 0.9579332
Processing individual 74 for 'tabpfn_fhs'...
fit 0.7612295
fit 0.82925713
fit 0.873312
fit 0.9127489
Total steps: 975
fitness 0.91416353
fitness 0.9263578
fitness 0.930619
fitness 0.9323061
fitness 0.93353236
fitness 0.93458915
fitness 0.9373602
fitness 0.94149107
Processing individual 75 for 'tabpfn_fhs'...
fit 0.6851958
fit 0.71834713
fit 0.7453002
fit 0.80432665
fit 0.84960884
Total steps: 975
fitness 0.8515553
fitness 0.8528724
fitness 0.8726885
fitness 0.8777418
fitness 0.880534
fitness 0.8856306
fitness 0.88647085
fitness 0.8932486
fitness 0.89370584
fitness 0.8938035
fitness 0.8951576
fitness 0.89568514
Processing individual 76 for 'tabpfn_fhs'...
fit 0.8195929
fit 0.82805204
fit 0.853505
fit 0.8823906
Total steps: 975
fitness 0.8842186
fitness 0.89372766
fitness 0.89382154
fitness 0.8952569
fitness 0.9034072
fitness 0.90428174
fitness 0.9052374
fitness 0.9093118
fitness 0.9097619
fitness 0.91311777
fitness 0.9142876
fitness 0.9148298
Processing individual 77 for 'tabpfn_fhs'...
fit 0.91220444
fit 0.9404784
fit 0.94432604
fit 0.9602816
fit 0.96539986
Total steps: 975
fitness 0.9667622
fitness 0.96677625
fitness 0.9713212
fitness 0.9717744
fitness 0.97323775
fitness 0.9732404
fitness 0.97352654
fitness 0.973721
fitness 0.97434795
fitness 0.97442573
fitness 0.97492963
fitness 0.9752938
Processing individual 78 for 'tabpfn_fhs'...
fit 0.85674465
fit 0.873536
fit 0.8899842
fit 0.9147663
Total steps: 975
fitness 0.9164601
fitness 0.92446965
fitness 0.9254486
fitness 0.9275688
fitness 0.93350196
fitness 0.9336995
fitness 0.9340811
fitness 0.9346869
fitness 0.9361365
fitness 0.93698424
fitness 0.9382355
fitness 0.93957895
fitness 0.93961596
fitness 0.9396996
fitness 0.94039524
fitness 0.9422805
fitness 0.9426649
fitness 0.94354403
fitness 0.94450575
fitness 0.9464488
Processing individual 79 for 'tabpfn_fhs'...
fit 0.8610686
fit 0.8943088
fit 0.9062738
fit 0.9342416
Total steps: 975
fitness 0.94376546
fitness 0.9481267
fitness 0.94828176
fitness 0.94896406
fitness 0.9496612
fitness 0.9505302
fitness 0.95082116
fitness 0.95094347
fitness 0.95097804
fitness 0.9517855
fitness 0.95180184
Processing individual 80 for 'tabpfn_fhs'...
fit 0.71039337
fit 0.7328855
fit 0.7621631
Total steps: 975
fitness 0.76225984
fitness 0.77268595
fitness 0.7777227
fitness 0.7810465
fitness 0.7827218
fitness 0.7830394
fitness 0.7835611
fitness 0.785534
fitness 0.78617465
fitness 0.78809065
fitness 0.78932023
Processing individual 81 for 'tabpfn_fhs'...
fit 0.6851958
fit 0.71834713
fit 0.7453002
fit 0.80432665
fit 0.84960884
Total steps: 975
fitness 0.8515553
fitness 0.8528724
fitness 0.8726885
fitness 0.8777418
fitness 0.880534
fitness 0.8856306
fitness 0.88647085
fitness 0.8932486
fitness 0.89370584
fitness 0.8938035
fitness 0.8951576
fitness 0.89568514
Processing individual 82 for 'tabpfn_fhs'...
fit 0.9380271
fit 0.95405173
fit 0.9617755
fit 0.9705534
fit 0.9724033
Total steps: 975
fitness 0.974486
fitness 0.9779469
fitness 0.9780499
fitness 0.9788218
fitness 0.9790344
fitness 0.9794253
fitness 0.9796937
fitness 0.9797395
fitness 0.9797875
fitness 0.9799009
fitness 0.98008174
Processing individual 83 for 'tabpfn_fhs'...
fit 0.7942432
fit 0.81880546
fit 0.85171497
Total steps: 975
fitness 0.8659587
fitness 0.8704025
fitness 0.87163174
fitness 0.8721394
fitness 0.87627
fitness 0.8798456
fitness 0.8825249
fitness 0.8825483
fitness 0.88260615
fitness 0.88688123
Processing individual 84 for 'tabpfn_fhs'...
fit 0.80528593
fit 0.8208157
fit 0.8406828
fit 0.86804414
fit 0.8885472
Total steps: 975
fitness 0.89922917
fitness 0.9054909
fitness 0.90741175
fitness 0.90758276
fitness 0.9106248
fitness 0.9127225
fitness 0.91304445
fitness 0.91724753
fitness 0.917465
fitness 0.9182793
Processing individual 85 for 'tabpfn_fhs'...
fit 0.80056536
fit 0.8534894
fit 0.89742243
fit 0.90320617
Total steps: 975
fitness 0.90618193
fitness 0.90880525
fitness 0.9100354
fitness 0.91173303
fitness 0.9121086
fitness 0.9151239
fitness 0.9188817
fitness 0.92409873
fitness 0.92553073
fitness 0.92882526
Processing individual 86 for 'tabpfn_fhs'...
fit 0.9067035
fit 0.92434865
fit 0.9314311
fit 0.94964916
fit 0.9550657
Total steps: 975
fitness 0.95683485
fitness 0.9629775
fitness 0.96456754
fitness 0.9662689
fitness 0.9665916
fitness 0.9671564
fitness 0.96737903
fitness 0.9674286
fitness 0.96853715
fitness 0.96943945
fitness 0.96963114
fitness 0.9699644
Processing individual 87 for 'tabpfn_fhs'...
fit 0.88028324
fit 0.92759454
fit 0.9463878
fit 0.956452
Total steps: 975
fitness 0.9583139
fitness 0.9641237
fitness 0.965449
fitness 0.96682465
fitness 0.9671514
fitness 0.967257
fitness 0.9683868
fitness 0.9684852
fitness 0.96877027
fitness 0.96894926
fitness 0.96948355
fitness 0.969976
Processing individual 88 for 'tabpfn_fhs'...
fit 0.83517873
fit 0.84718144
fit 0.86032325
fit 0.8895162
fit 0.90692383
Total steps: 975
fitness 0.91955996
fitness 0.92509246
fitness 0.9272753
fitness 0.9294494
fitness 0.9315826
fitness 0.9359307
fitness 0.93600947
fitness 0.9362134
fitness 0.9363359
fitness 0.9364843
fitness 0.9366568
Processing individual 89 for 'tabpfn_fhs'...
fit 0.71087515
fit 0.7235206
fit 0.75727135
Total steps: 975
fitness 0.7623513
fitness 0.7639732
fitness 0.7746316
fitness 0.77503484
fitness 0.7752107
fitness 0.7769087
fitness 0.77921504
fitness 0.7841814
fitness 0.7864973
fitness 0.78902483
fitness 0.7890522
fitness 0.79182243
Processing individual 90 for 'tabpfn_fhs'...
fit 0.7864122
fit 0.7968059
fit 0.82417697
fit 0.84781045
fit 0.8705793
Total steps: 975
fitness 0.8825393
fitness 0.8881761
fitness 0.89221644
fitness 0.8925005
fitness 0.8932394
fitness 0.89517725
fitness 0.896081
fitness 0.9006247
fitness 0.9012892
fitness 0.9013206
Processing individual 91 for 'tabpfn_fhs'...
fit 0.95285267
fit 0.9635216
fit 0.9700949
fit 0.97529733
fit 0.9759291
Total steps: 975
fitness 0.97635436
fitness 0.9766043
fitness 0.9803549
fitness 0.98099226
fitness 0.98118395
fitness 0.98130244
fitness 0.9813035
fitness 0.98175406
fitness 0.9818205
fitness 0.9819231
fitness 0.98199797
fitness 0.9820101
fitness 0.98232484
fitness 0.98268867
fitness 0.98279965
fitness 0.98286134
Processing individual 92 for 'tabpfn_fhs'...
fit 0.71039337
fit 0.7328855
fit 0.7621631
Total steps: 975
fitness 0.76225984
fitness 0.77268595
fitness 0.7777227
fitness 0.7810465
fitness 0.7827218
fitness 0.7830394
fitness 0.7835611
fitness 0.785534
fitness 0.78617465
fitness 0.78809065
fitness 0.78932023
Processing individual 93 for 'tabpfn_fhs'...
fit 0.6883539
fit 0.73153687
fit 0.75077254
fit 0.811865
fit 0.86350596
Total steps: 975
fitness 0.8790401
fitness 0.88551915
fitness 0.8858438
fitness 0.8872056
fitness 0.887702
fitness 0.8905859
fitness 0.89059097
fitness 0.8943801
fitness 0.89904803
fitness 0.90014726
fitness 0.9004071
Processing individual 94 for 'tabpfn_fhs'...
fit 0.9067035
fit 0.92434865
fit 0.9314311
fit 0.94964916
fit 0.9550657
Total steps: 975
fitness 0.95683485
fitness 0.9629775
fitness 0.96456754
fitness 0.9662689
fitness 0.9665916
fitness 0.9671564
fitness 0.96737903
fitness 0.9674286
fitness 0.96853715
fitness 0.96943945
fitness 0.96963114
fitness 0.9699644
Processing individual 95 for 'tabpfn_fhs'...
fit 0.851945
fit 0.88969654
fit 0.92629254
fit 0.9462867
Total steps: 975
fitness 0.9468931
fitness 0.9546701
fitness 0.95660007
fitness 0.95765024
fitness 0.9576711
fitness 0.95815814
fitness 0.9584505
fitness 0.9591923
fitness 0.9612287
fitness 0.96305335
fitness 0.9632487
fitness 0.96339905
fitness 0.9634875
fitness 0.9635664
Processing individual 96 for 'tabpfn_fhs'...
fit 0.8980746
fit 0.9152133
fit 0.9237394
fit 0.9443437
fit 0.9495675
Total steps: 975
fitness 0.9516524
fitness 0.95186585
fitness 0.96007156
fitness 0.9610886
fitness 0.96325535
fitness 0.9640598
fitness 0.9649041
fitness 0.9663312
fitness 0.96650696
fitness 0.9666814
fitness 0.96689487
Processing individual 97 for 'tabpfn_fhs'...
fit 0.85955966
fit 0.90284944
fit 0.9326081
fit 0.95015407
Total steps: 975
fitness 0.95154196
fitness 0.9586369
fitness 0.9599928
fitness 0.9612413
fitness 0.9616796
fitness 0.9622133
fitness 0.9624741
fitness 0.96397454
fitness 0.9650645
fitness 0.96551913
Processing individual 98 for 'tabpfn_fhs'...
fit 0.79144466
fit 0.8027457
fit 0.82974046
fit 0.8556441
fit 0.8767428
Total steps: 975
fitness 0.8880283
fitness 0.89311105
fitness 0.8992659
fitness 0.9004301
fitness 0.9016139
fitness 0.9070005
fitness 0.907199
fitness 0.9075722
fitness 0.90881324
Processing individual 99 for 'tabpfn_fhs'...
fit 0.88394505
fit 0.9021565
fit 0.909784
fit 0.935237
fit 0.9414197
Total steps: 975
fitness 0.94402844
fitness 0.9523419
fitness 0.9549239
fitness 0.9571078
fitness 0.95829666
fitness 0.9608616
fitness 0.96225727
fitness 0.96225876
fitness 0.962507
Processing individual 100 for 'tabpfn_fhs'...
fit 0.80278236
fit 0.85965836
fit 0.89910436
fit 0.92757446
Total steps: 975
fitness 0.9279629
fitness 0.9378289
fitness 0.9411126
fitness 0.94211274
fitness 0.9422073
fitness 0.9442059
fitness 0.9443954
fitness 0.9448254
fitness 0.94731134
fitness 0.94992423
fitness 0.95007324
fitness 0.9503873
fitness 0.9505889
Processing individual 101 for 'tabpfn_fhs'...
fit 0.6851958
fit 0.71834713
fit 0.7453002
fit 0.80432665
fit 0.84960884
Total steps: 975
fitness 0.8515553
fitness 0.8528724
fitness 0.8726885
fitness 0.8777418
fitness 0.880534
fitness 0.8856306
fitness 0.88647085
fitness 0.8932486
fitness 0.89370584
fitness 0.8938035
fitness 0.8951576
fitness 0.89568514
Processing individual 102 for 'tabpfn_fhs'...
fit 0.91220444
fit 0.9404784
fit 0.94432604
fit 0.9602816
fit 0.96539986
Total steps: 975
fitness 0.9667622
fitness 0.96677625
fitness 0.9713212
fitness 0.9717744
fitness 0.97323775
fitness 0.9732404
fitness 0.97352654
fitness 0.973721
fitness 0.97434795
fitness 0.97442573
fitness 0.97492963
fitness 0.9752938
Processing individual 103 for 'tabpfn_fhs'...
fit 0.80056536
fit 0.8534894
fit 0.89742243
fit 0.90320617
Total steps: 975
fitness 0.90618193
fitness 0.90880525
fitness 0.9100354
fitness 0.91173303
fitness 0.9121086
fitness 0.9151239
fitness 0.9188817
fitness 0.92409873
fitness 0.92553073
fitness 0.92882526
Processing individual 104 for 'tabpfn_fhs'...
fit 0.8858259
fit 0.91434723
fit 0.9285772
fit 0.94748527
Total steps: 975
fitness 0.9523761
fitness 0.9529811
fitness 0.9563079
fitness 0.9567691
fitness 0.95689857
fitness 0.9570496
fitness 0.9571651
fitness 0.9573037
fitness 0.957541
fitness 0.95992357
Processing individual 105 for 'tabpfn_fhs'...
fit 0.93232787
fit 0.9482945
fit 0.9539791
fit 0.96397465
fit 0.9681384
Total steps: 975
fitness 0.9739593
fitness 0.97505486
fitness 0.97604203
fitness 0.97671616
fitness 0.97677696
fitness 0.97685575
fitness 0.9776045
fitness 0.9778677
Processing individual 106 for 'tabpfn_fhs'...
fit 0.85955966
fit 0.90284944
fit 0.9326081
fit 0.95015407
Total steps: 975
fitness 0.95154196
fitness 0.9586369
fitness 0.9599928
fitness 0.9612413
fitness 0.9616796
fitness 0.9622133
fitness 0.9624741
fitness 0.96397454
fitness 0.9650645
fitness 0.96551913
Processing individual 107 for 'tabpfn_fhs'...
fit 0.7464261
fit 0.7737161
fit 0.8027065
Total steps: 975
fitness 0.80316484
fitness 0.817786
fitness 0.8182156
fitness 0.8213369
fitness 0.8221491
fitness 0.8225841
fitness 0.8227036
fitness 0.82321787
fitness 0.82464117
Processing individual 108 for 'tabpfn_fhs'...
fit 0.87096447
fit 0.8861143
fit 0.8953802
fit 0.92277056
fit 0.9315035
Total steps: 975
fitness 0.9344536
fitness 0.946014
fitness 0.9481758
fitness 0.9510052
fitness 0.9512121
fitness 0.9519683
fitness 0.9538128
fitness 0.9547899
fitness 0.9575235
fitness 0.95762503
fitness 0.9579332
Processing individual 109 for 'tabpfn_fhs'...
fit 0.597801
fit 0.60720444
fit 0.6569057
fit 0.72642636
fit 0.7521688
Total steps: 975
fitness 0.7528653
fitness 0.75744754
fitness 0.768578
fitness 0.774656
fitness 0.77614415
fitness 0.7770686
fitness 0.78402317
fitness 0.7871311
fitness 0.7883526
fitness 0.7906253
fitness 0.793776
fitness 0.7958052
fitness 0.797736
fitness 0.798187
fitness 0.7999
Processing individual 110 for 'tabpfn_fhs'...
fit 0.5236498
fit 0.5855458
fit 0.65824705
fit 0.6786178
Total steps: 975
fitness 0.6804988
fitness 0.6843068
fitness 0.7005819
fitness 0.7072189
fitness 0.7075377
fitness 0.71756303
fitness 0.7197184
fitness 0.73170066
Processing individual 111 for 'tabpfn_fhs'...
fit 0.8675285
fit 0.9174493
fit 0.93991834
fit 0.95254517
Total steps: 975
fitness 0.9556705
fitness 0.96140766
fitness 0.9631139
fitness 0.96372
fitness 0.9639308
fitness 0.96467364
fitness 0.9649548
fitness 0.96550107
fitness 0.9658043
fitness 0.9681618
Processing individual 112 for 'tabpfn_fhs'...
fit 0.81213415
fit 0.819147
fit 0.8417618
fit 0.8747985
Total steps: 975
fitness 0.8893378
fitness 0.8943646
fitness 0.8958928
fitness 0.8966112
fitness 0.896639
fitness 0.8969276
fitness 0.9013355
fitness 0.9020439
fitness 0.9029038
fitness 0.9029043
fitness 0.90409225
fitness 0.90423155
fitness 0.90691406
Processing individual 113 for 'tabpfn_fhs'...
fit 0.80278236
fit 0.85965836
fit 0.89910436
fit 0.92757446
Total steps: 975
fitness 0.9279629
fitness 0.9378289
fitness 0.9411126
fitness 0.94211274
fitness 0.9422073
fitness 0.9442059
fitness 0.9443954
fitness 0.9448254
fitness 0.94731134
fitness 0.94992423
fitness 0.95007324
fitness 0.9503873
fitness 0.9505889
Processing individual 114 for 'tabpfn_fhs'...
fit 0.7934747
fit 0.8235961
fit 0.84233224
fit 0.888883
fit 0.8954843
Total steps: 975
fitness 0.89817625
fitness 0.89968824
fitness 0.9022794
fitness 0.9024766
fitness 0.90251064
fitness 0.9027876
fitness 0.9032397
fitness 0.90394497
fitness 0.90577954
fitness 0.90818846
Processing individual 115 for 'tabpfn_fhs'...
fit 0.92021763
fit 0.9376594
fit 0.94529116
fit 0.9574318
fit 0.96202046
Total steps: 975
fitness 0.9622514
fitness 0.96250045
fitness 0.96919954
fitness 0.9700511
fitness 0.97136974
fitness 0.97145194
fitness 0.9714531
fitness 0.9719551
fitness 0.97228205
fitness 0.97290903
fitness 0.97291386
fitness 0.9729371
fitness 0.9729396
fitness 0.97301537
Processing individual 116 for 'tabpfn_fhs'...
fit 0.8654835
fit 0.87783945
fit 0.8892132
fit 0.91979724
fit 0.9261971
Total steps: 975
fitness 0.9288552
fitness 0.9431303
fitness 0.9450573
fitness 0.9473623
fitness 0.9477612
fitness 0.94822335
fitness 0.9496925
fitness 0.9515785
fitness 0.9545867
fitness 0.9553
fitness 0.95542514
Processing individual 117 for 'tabpfn_fhs'...
fit 0.78063715
fit 0.8500516
fit 0.88524985
fit 0.92135423
Total steps: 975
fitness 0.932732
fitness 0.93626773
fitness 0.9367169
fitness 0.93674105
fitness 0.9370736
fitness 0.93895596
fitness 0.93981147
fitness 0.9427244
fitness 0.94536257
fitness 0.9456274
fitness 0.94571126
Processing individual 118 for 'tabpfn_fhs'...
fit 0.6917547
fit 0.73530155
fit 0.7490356
fit 0.8013215
fit 0.8387664
Total steps: 975
fitness 0.84136456
fitness 0.84554464
fitness 0.85643333
fitness 0.8606509
fitness 0.8611907
fitness 0.86138606
fitness 0.86208016
fitness 0.8631981
fitness 0.8632951
fitness 0.86583143
fitness 0.8675004
Processing individual 119 for 'tabpfn_fhs'...
fit 0.8593517
fit 0.87008417
fit 0.8848883
fit 0.9123551
fit 0.9222149
Total steps: 975
fitness 0.9227315
fitness 0.92479837
fitness 0.93849885
fitness 0.9408415
fitness 0.94341236
fitness 0.94380254
fitness 0.94598174
fitness 0.9477785
fitness 0.9514585
fitness 0.9515249
fitness 0.95184636
Processing individual 120 for 'tabpfn_fhs'...
fit 0.85955966
fit 0.90284944
fit 0.9326081
fit 0.95015407
Total steps: 975
fitness 0.95154196
fitness 0.9586369
fitness 0.9599928
fitness 0.9612413
fitness 0.9616796
fitness 0.9622133
fitness 0.9624741
fitness 0.96397454
fitness 0.9650645
fitness 0.96551913
Processing individual 121 for 'tabpfn_fhs'...
fit 0.93232787
fit 0.9482945
fit 0.9539791
fit 0.96397465
fit 0.9681384
Total steps: 975
fitness 0.9739593
fitness 0.97505486
fitness 0.97604203
fitness 0.97671616
fitness 0.97677696
fitness 0.97685575
fitness 0.9776045
fitness 0.9778677
Processing individual 122 for 'tabpfn_fhs'...
fit 0.90583265
fit 0.9284928
fit 0.94352746
fit 0.9576126
Total steps: 975
fitness 0.9584746
fitness 0.96169674
fitness 0.96233684
fitness 0.9637111
fitness 0.96372056
fitness 0.9644075
fitness 0.9644305
fitness 0.9645469
fitness 0.96469676
fitness 0.96515846
fitness 0.966827
Processing individual 123 for 'tabpfn_fhs'...
fit 0.7464261
fit 0.7737161
fit 0.8027065
Total steps: 975
fitness 0.80316484
fitness 0.817786
fitness 0.8182156
fitness 0.8213369
fitness 0.8221491
fitness 0.8225841
fitness 0.8227036
fitness 0.82321787
fitness 0.82464117
Processing individual 124 for 'tabpfn_fhs'...
fit 0.5721029
fit 0.61664987
fit 0.64749247
fit 0.7223407
fit 0.76091486
Total steps: 975
fitness 0.783098
fitness 0.80126774
fitness 0.8117398
fitness 0.8117409
fitness 0.81380427
fitness 0.81654453
Processing individual 125 for 'tabpfn_fhs'...
fit 0.7525417
fit 0.8004352
fit 0.8064135
fit 0.85906714
fit 0.90111864
Total steps: 975
fitness 0.91557896
fitness 0.9206817
fitness 0.9216527
fitness 0.9220304
fitness 0.92446625
fitness 0.92660403
fitness 0.93237746
fitness 0.93259865
Processing individual 126 for 'tabpfn_fhs'...
fit 0.7596602
fit 0.81715095
fit 0.8636521
fit 0.90724456
Total steps: 975
fitness 0.90802747
fitness 0.92136234
fitness 0.9257349
fitness 0.926727
fitness 0.92702603
fitness 0.9297446
fitness 0.93016
fitness 0.93220365
fitness 0.9366334
fitness 0.93706834
Processing individual 127 for 'tabpfn_fhs'...
fit 0.8546013
fit 0.8676673
fit 0.885608
fit 0.91704035
fit 0.92056274
Total steps: 975
fitness 0.9355289
fitness 0.9369304
fitness 0.9372308
fitness 0.9390799
fitness 0.939271
fitness 0.9395687
fitness 0.94019777
fitness 0.94069105
fitness 0.9412485
fitness 0.9424293
fitness 0.9425716
fitness 0.9425782
fitness 0.9426846
Processing individual 128 for 'tabpfn_fhs'...
fit 0.95751894
fit 0.96496314
fit 0.97277915
fit 0.9773608
fit 0.97793096
Total steps: 975
fitness 0.97822237
fitness 0.9786215
fitness 0.98181385
fitness 0.9828391
fitness 0.98297846
fitness 0.9829791
fitness 0.9833164
fitness 0.9837058
fitness 0.9839615
fitness 0.9840762
fitness 0.98432094
Processing individual 129 for 'tabpfn_fhs'...
fit 0.8213101
fit 0.8309982
fit 0.84960634
fit 0.8789451
fit 0.8971368
Total steps: 975
fitness 0.9099064
fitness 0.91375303
fitness 0.91662383
fitness 0.916824
fitness 0.9170774
fitness 0.9193201
fitness 0.9207847
fitness 0.92245626
fitness 0.92667913
fitness 0.9268525
fitness 0.927939
fitness 0.928395
Processing individual 130 for 'tabpfn_fhs'...
fit 0.84623724
fit 0.8543851
fit 0.8795641
fit 0.90715724
Total steps: 975
fitness 0.90739036
fitness 0.9164365
fitness 0.9164484
fitness 0.9185136
fitness 0.9262945
fitness 0.92744106
fitness 0.928341
fitness 0.9298454
fitness 0.9324592
fitness 0.93302685
fitness 0.93303204
fitness 0.9340321
fitness 0.9346872
fitness 0.9349118
Processing individual 131 for 'tabpfn_fhs'...
fit 0.7596602
fit 0.81715095
fit 0.8636521
fit 0.90724456
Total steps: 975
fitness 0.90802747
fitness 0.92136234
fitness 0.9257349
fitness 0.926727
fitness 0.92702603
fitness 0.9297446
fitness 0.93016
fitness 0.93220365
fitness 0.9366334
fitness 0.93706834
Processing individual 132 for 'tabpfn_fhs'...
fit 0.92366844
fit 0.9318654
fit 0.9494444
fit 0.9585362
Total steps: 975
fitness 0.9607137
fitness 0.963576
fitness 0.9637649
fitness 0.9659253
fitness 0.9659952
fitness 0.9660593
fitness 0.966538
fitness 0.9665874
fitness 0.96659094
fitness 0.9666196
fitness 0.9669323
fitness 0.96719885
fitness 0.9678913
fitness 0.96847874
fitness 0.9699437
fitness 0.96998715
fitness 0.9702967
fitness 0.97053134
Processing individual 133 for 'tabpfn_fhs'...
fit 0.83517873
fit 0.84718144
fit 0.86032325
fit 0.8895162
fit 0.90692383
Total steps: 975
fitness 0.91955996
fitness 0.92509246
fitness 0.9272753
fitness 0.9294494
fitness 0.9315826
fitness 0.9359307
fitness 0.93600947
fitness 0.9362134
fitness 0.9363359
fitness 0.9364843
fitness 0.9366568
Processing individual 134 for 'tabpfn_fhs'...
fit 0.61596763
fit 0.63267124
fit 0.6780986
fit 0.7418403
fit 0.7726231
Total steps: 975
fitness 0.7729187
fitness 0.7826849
fitness 0.790792
fitness 0.79892194
fitness 0.80634004
fitness 0.8092528
fitness 0.8101771
fitness 0.8121865
fitness 0.81571114
fitness 0.816265
Processing individual 135 for 'tabpfn_fhs'...
fit 0.87096447
fit 0.8861143
fit 0.8953802
fit 0.92277056
fit 0.9315035
Total steps: 975
fitness 0.9344536
fitness 0.946014
fitness 0.9481758
fitness 0.9510052
fitness 0.9512121
fitness 0.9519683
fitness 0.9538128
fitness 0.9547899
fitness 0.9575235
fitness 0.95762503
fitness 0.9579332
Processing individual 136 for 'tabpfn_fhs'...
fit 0.8675285
fit 0.9174493
fit 0.93991834
fit 0.95254517
Total steps: 975
fitness 0.9556705
fitness 0.96140766
fitness 0.9631139
fitness 0.96372
fitness 0.9639308
fitness 0.96467364
fitness 0.9649548
fitness 0.96550107
fitness 0.9658043
fitness 0.9681618
Processing individual 137 for 'tabpfn_fhs'...
fit 0.89110315
fit 0.91466814
fit 0.9194842
fit 0.93929994
fit 0.9450419
Total steps: 975
fitness 0.9477639
fitness 0.95602447
fitness 0.95797545
fitness 0.9603648
fitness 0.9611558
fitness 0.96246165
fitness 0.96468014
fitness 0.964722
Processing individual 138 for 'tabpfn_fhs'...
fit 0.87925994
fit 0.8923553
fit 0.9015475
fit 0.9292953
fit 0.9349795
Total steps: 975
fitness 0.94227743
fitness 0.9486953
fitness 0.95235366
fitness 0.95447886
fitness 0.9545561
fitness 0.9561991
fitness 0.95761585
fitness 0.95972055
fitness 0.95988965
fitness 0.9602855
Processing individual 139 for 'tabpfn_fhs'...
fit 0.70754266
fit 0.77658916
fit 0.82500654
fit 0.8676257
Total steps: 975
fitness 0.873912
fitness 0.8913727
fitness 0.8976655
fitness 0.89859486
fitness 0.899299
fitness 0.89980245
fitness 0.8999042
fitness 0.9012405
fitness 0.90309656
fitness 0.9031706
fitness 0.9070803
fitness 0.91176707
fitness 0.91417015
Processing individual 140 for 'tabpfn_fhs'...
fit 0.6984113
fit 0.7576367
fit 0.7601042
fit 0.8226913
fit 0.86473006
Total steps: 975
fitness 0.8676957
fitness 0.8853917
fitness 0.8910356
fitness 0.8958541
fitness 0.89654917
fitness 0.8997317
fitness 0.9054773
fitness 0.90548545
fitness 0.9072614
Processing individual 141 for 'tabpfn_fhs'...
fit 0.9638549
fit 0.9695841
fit 0.97867537
fit 0.981755
fit 0.9818891
Total steps: 975
fitness 0.98238325
fitness 0.9825168
fitness 0.9852797
fitness 0.9856727
fitness 0.98597866
fitness 0.986066
fitness 0.9862454
fitness 0.9862862
fitness 0.98633814
fitness 0.9863739
fitness 0.9864111
fitness 0.98664194
fitness 0.9866938
fitness 0.9869307
Processing individual 142 for 'tabpfn_fhs'...
fit 0.7942432
fit 0.81880546
fit 0.85171497
Total steps: 975
fitness 0.8659587
fitness 0.8704025
fitness 0.87163174
fitness 0.8721394
fitness 0.87627
fitness 0.8798456
fitness 0.8825249
fitness 0.8825483
fitness 0.88260615
fitness 0.88688123
Processing individual 143 for 'tabpfn_fhs'...
fit 0.6883539
fit 0.73153687
fit 0.75077254
fit 0.811865
fit 0.86350596
Total steps: 975
fitness 0.8790401
fitness 0.88551915
fitness 0.8858438
fitness 0.8872056
fitness 0.887702
fitness 0.8905859
fitness 0.89059097
fitness 0.8943801
fitness 0.89904803
fitness 0.90014726
fitness 0.9004071
Processing individual 144 for 'tabpfn_fhs'...
fit 0.7864122
fit 0.7968059
fit 0.82417697
fit 0.84781045
fit 0.8705793
Total steps: 975
fitness 0.8825393
fitness 0.8881761
fitness 0.89221644
fitness 0.8925005
fitness 0.8932394
fitness 0.89517725
fitness 0.896081
fitness 0.9006247
fitness 0.9012892
fitness 0.9013206
Processing individual 145 for 'tabpfn_fhs'...
fit 0.8195929
fit 0.82805204
fit 0.853505
fit 0.8823906
Total steps: 975
fitness 0.8842186
fitness 0.89372766
fitness 0.89382154
fitness 0.8952569
fitness 0.9034072
fitness 0.90428174
fitness 0.9052374
fitness 0.9093118
fitness 0.9097619
fitness 0.91311777
fitness 0.9142876
fitness 0.9148298
Processing individual 146 for 'tabpfn_fhs'...
fit 0.746697
fit 0.7886229
fit 0.7934905
fit 0.84762156
fit 0.89288557
Total steps: 975
fitness 0.8934748
fitness 0.89431816
fitness 0.9095156
fitness 0.9143776
fitness 0.91658664
fitness 0.91689
fitness 0.9187295
fitness 0.91957045
fitness 0.9230634
fitness 0.92681444
fitness 0.9270979
fitness 0.9281447
Processing individual 147 for 'tabpfn_fhs'...
fit 0.8345624
fit 0.85204124
fit 0.8722099
fit 0.8974337
Total steps: 975
fitness 0.8998691
fitness 0.9093929
fitness 0.9098217
fitness 0.92022806
fitness 0.92209
fitness 0.92212546
fitness 0.92358077
fitness 0.92580295
fitness 0.927141
fitness 0.9272721
fitness 0.9273033
fitness 0.92735076
fitness 0.92758703
fitness 0.9280658
Processing individual 148 for 'tabpfn_fhs'...
fit 0.597801
fit 0.60720444
fit 0.6569057
fit 0.72642636
fit 0.7521688
Total steps: 975
fitness 0.7528653
fitness 0.75744754
fitness 0.768578
fitness 0.774656
fitness 0.77614415
fitness 0.7770686
fitness 0.78402317
fitness 0.7871311
fitness 0.7883526
fitness 0.7906253
fitness 0.793776
fitness 0.7958052
fitness 0.797736
fitness 0.798187
fitness 0.7999
Processing individual 149 for 'tabpfn_fhs'...
fit 0.9041784
fit 0.9388333
fit 0.95656514
fit 0.962828
Total steps: 975
fitness 0.9644401
fitness 0.9691479
fitness 0.96994525
fitness 0.9712172
fitness 0.9712467
fitness 0.9715481
fitness 0.9722568
fitness 0.97292626
fitness 0.9733736
fitness 0.9735518
Processing individual 150 for 'tabpfn_fhs'...
fit 0.6980731
fit 0.7311564
fit 0.75339645
Total steps: 975
fitness 0.7542907
fitness 0.7654389
fitness 0.7719304
fitness 0.77333343
fitness 0.77464503
fitness 0.77669215
fitness 0.7779098
fitness 0.7793076
fitness 0.7815295
Processing individual 151 for 'tabpfn_fhs'...
fit 0.6984113
fit 0.7576367
fit 0.7601042
fit 0.8226913
fit 0.86473006
Total steps: 975
fitness 0.8676957
fitness 0.8853917
fitness 0.8910356
fitness 0.8958541
fitness 0.89654917
fitness 0.8997317
fitness 0.9054773
fitness 0.90548545
fitness 0.9072614
Processing individual 152 for 'tabpfn_fhs'...
fit 0.8675285
fit 0.9174493
fit 0.93991834
fit 0.95254517
Total steps: 975
fitness 0.9556705
fitness 0.96140766
fitness 0.9631139
fitness 0.96372
fitness 0.9639308
fitness 0.96467364
fitness 0.9649548
fitness 0.96550107
fitness 0.9658043
fitness 0.9681618
Processing individual 153 for 'tabpfn_fhs'...
fit 0.7678645
fit 0.79050016
fit 0.82387275
Total steps: 975
fitness 0.84097636
fitness 0.8415493
fitness 0.843048
fitness 0.8433706
fitness 0.84376574
fitness 0.8444401
fitness 0.8449148
fitness 0.8449907
fitness 0.8477167
fitness 0.85056597
fitness 0.852049
Processing individual 154 for 'tabpfn_fhs'...
fit 0.8413341
fit 0.85261625
fit 0.86560166
fit 0.8947542
fit 0.90993434
Total steps: 975
fitness 0.9248254
fitness 0.92801297
fitness 0.93241584
fitness 0.9335466
fitness 0.9338682
fitness 0.9367394
fitness 0.9400588
fitness 0.9404007
fitness 0.9411902
Processing individual 155 for 'tabpfn_fhs'...
fit 0.72042024
fit 0.7617291
fit 0.7753291
fit 0.83254945
fit 0.87933
Total steps: 975
fitness 0.8811565
fitness 0.88173753
fitness 0.8971873
fitness 0.90373945
fitness 0.90523076
fitness 0.9057063
fitness 0.90761715
fitness 0.90793043
fitness 0.9087601
fitness 0.9115527
fitness 0.91641724
fitness 0.91647255
fitness 0.9170143
Processing individual 156 for 'tabpfn_fhs'...
fit 0.851945
fit 0.88969654
fit 0.92629254
fit 0.9462867
Total steps: 975
fitness 0.9468931
fitness 0.9546701
fitness 0.95660007
fitness 0.95765024
fitness 0.9576711
fitness 0.95815814
fitness 0.9584505
fitness 0.9591923
fitness 0.9612287
fitness 0.96305335
fitness 0.9632487
fitness 0.96339905
fitness 0.9634875
fitness 0.9635664
Processing individual 157 for 'tabpfn_fhs'...
fit 0.83491063
fit 0.87662506
fit 0.8842174
fit 0.9200816
Total steps: 975
fitness 0.9302842
fitness 0.9374566
fitness 0.93757653
fitness 0.9377392
fitness 0.9378324
fitness 0.9382988
fitness 0.93929154
fitness 0.9404189
fitness 0.94182837
fitness 0.94321966
fitness 0.9438532
fitness 0.94491625
Processing individual 158 for 'tabpfn_fhs'...
fit 0.95285267
fit 0.9635216
fit 0.9700949
fit 0.97529733
fit 0.9759291
Total steps: 975
fitness 0.97635436
fitness 0.9766043
fitness 0.9803549
fitness 0.98099226
fitness 0.98118395
fitness 0.98130244
fitness 0.9813035
fitness 0.98175406
fitness 0.9818205
fitness 0.9819231
fitness 0.98199797
fitness 0.9820101
fitness 0.98232484
fitness 0.98268867
fitness 0.98279965
fitness 0.98286134
Processing individual 159 for 'tabpfn_fhs'...
fit 0.89110315
fit 0.91466814
fit 0.9194842
fit 0.93929994
fit 0.9450419
Total steps: 975
fitness 0.9477639
fitness 0.95602447
fitness 0.95797545
fitness 0.9603648
fitness 0.9611558
fitness 0.96246165
fitness 0.96468014
fitness 0.964722
Processing individual 160 for 'tabpfn_fhs'...
fit 0.9275662
fit 0.94260246
fit 0.9490576
fit 0.96181697
fit 0.96510077
Total steps: 975
fitness 0.9654782
fitness 0.965974
fitness 0.9712863
fitness 0.97245634
fitness 0.9732014
fitness 0.9735687
fitness 0.97424
fitness 0.9746518
fitness 0.9749368
fitness 0.9752701
fitness 0.9758432
Processing individual 161 for 'tabpfn_fhs'...
fit 0.8077582
fit 0.83030415
fit 0.86675835
Total steps: 975
fitness 0.8805041
fitness 0.88161075
fitness 0.8882656
fitness 0.88832194
fitness 0.8883355
fitness 0.8943471
fitness 0.8951204
fitness 0.8977694
fitness 0.89829654
fitness 0.89853424
fitness 0.901517
Processing individual 162 for 'tabpfn_fhs'...
fit 0.9432576
fit 0.95421135
fit 0.96413124
fit 0.97042066
fit 0.9725088
Total steps: 975
fitness 0.9727609
fitness 0.9777224
fitness 0.97845477
fitness 0.97912353
fitness 0.97924805
fitness 0.9795195
fitness 0.9798854
fitness 0.98040974
fitness 0.9804872
Processing individual 163 for 'tabpfn_fhs'...
fit 0.9041784
fit 0.9388333
fit 0.95656514
fit 0.962828
Total steps: 975
fitness 0.9644401
fitness 0.9691479
fitness 0.96994525
fitness 0.9712172
fitness 0.9712467
fitness 0.9715481
fitness 0.9722568
fitness 0.97292626
fitness 0.9733736
fitness 0.9735518
Processing individual 164 for 'tabpfn_fhs'...
fit 0.75284594
fit 0.77974546
fit 0.80904144
Total steps: 975
fitness 0.82115626
fitness 0.8240639
fitness 0.8244748
fitness 0.8246873
fitness 0.8253815
fitness 0.8273363
fitness 0.8276913
fitness 0.82786065
fitness 0.8329983
fitness 0.8342302
fitness 0.83596843
fitness 0.839075
Processing individual 165 for 'tabpfn_fhs'...
fit 0.80528593
fit 0.8208157
fit 0.8406828
fit 0.86804414
fit 0.8885472
Total steps: 975
fitness 0.89922917
fitness 0.9054909
fitness 0.90741175
fitness 0.90758276
fitness 0.9106248
fitness 0.9127225
fitness 0.91304445
fitness 0.91724753
fitness 0.917465
fitness 0.9182793
Processing individual 166 for 'tabpfn_fhs'...
fit 0.53777796
fit 0.5451673
fit 0.62088436
fit 0.68448967
fit 0.7208709
Total steps: 975
fitness 0.72714674
fitness 0.73581696
fitness 0.74114597
fitness 0.748691
fitness 0.7495548
fitness 0.75179344
fitness 0.7529837
fitness 0.7535707
fitness 0.7577895
fitness 0.7620273
fitness 0.76933104
Processing individual 167 for 'tabpfn_fhs'...
fit 0.8413341
fit 0.85261625
fit 0.86560166
fit 0.8947542
fit 0.90993434
Total steps: 975
fitness 0.9248254
fitness 0.92801297
fitness 0.93241584
fitness 0.9335466
fitness 0.9338682
fitness 0.9367394
fitness 0.9400588
fitness 0.9404007
fitness 0.9411902
Processing individual 168 for 'tabpfn_fhs'...
fit 0.597801
fit 0.60720444
fit 0.6569057
fit 0.72642636
fit 0.7521688
Total steps: 975
fitness 0.7528653
fitness 0.75744754
fitness 0.768578
fitness 0.774656
fitness 0.77614415
fitness 0.7770686
fitness 0.78402317
fitness 0.7871311
fitness 0.7883526
fitness 0.7906253
fitness 0.793776
fitness 0.7958052
fitness 0.797736
fitness 0.798187
fitness 0.7999
Processing individual 169 for 'tabpfn_fhs'...
fit 0.8252755
fit 0.8951334
fit 0.9154146
fit 0.93908674
Total steps: 975
fitness 0.94181585
fitness 0.9498819
fitness 0.95216465
fitness 0.9529466
fitness 0.95298225
fitness 0.95309776
fitness 0.9539776
fitness 0.95649785
fitness 0.9590365
fitness 0.959602
Processing individual 170 for 'tabpfn_fhs'...
fit 0.9275662
fit 0.94260246
fit 0.9490576
fit 0.96181697
fit 0.96510077
Total steps: 975
fitness 0.9654782
fitness 0.965974
fitness 0.9712863
fitness 0.97245634
fitness 0.9732014
fitness 0.9735687
fitness 0.97424
fitness 0.9746518
fitness 0.9749368
fitness 0.9752701
fitness 0.9758432
Processing individual 171 for 'tabpfn_fhs'...
fit 0.8593517
fit 0.87008417
fit 0.8848883
fit 0.9123551
fit 0.9222149
Total steps: 975
fitness 0.9227315
fitness 0.92479837
fitness 0.93849885
fitness 0.9408415
fitness 0.94341236
fitness 0.94380254
fitness 0.94598174
fitness 0.9477785
fitness 0.9514585
fitness 0.9515249
fitness 0.95184636
Processing individual 172 for 'tabpfn_fhs'...
fit 0.8610686
fit 0.8943088
fit 0.9062738
fit 0.9342416
Total steps: 975
fitness 0.94376546
fitness 0.9481267
fitness 0.94828176
fitness 0.94896406
fitness 0.9496612
fitness 0.9505302
fitness 0.95082116
fitness 0.95094347
fitness 0.95097804
fitness 0.9517855
fitness 0.95180184
Processing individual 173 for 'tabpfn_fhs'...
fit 0.65004075
fit 0.6800895
fit 0.718466
fit 0.78615624
fit 0.8387521
Total steps: 975
fitness 0.85604006
fitness 0.8627014
fitness 0.8649057
fitness 0.86516154
fitness 0.86625224
fitness 0.87273145
fitness 0.8730367
fitness 0.8742627
fitness 0.88228667
Processing individual 174 for 'tabpfn_fhs'...
fit 0.851945
fit 0.88969654
fit 0.92629254
fit 0.9462867
Total steps: 975
fitness 0.9468931
fitness 0.9546701
fitness 0.95660007
fitness 0.95765024
fitness 0.9576711
fitness 0.95815814
fitness 0.9584505
fitness 0.9591923
fitness 0.9612287
fitness 0.96305335
fitness 0.9632487
fitness 0.96339905
fitness 0.9634875
fitness 0.9635664
Processing individual 175 for 'tabpfn_fhs'...
fit 0.89110315
fit 0.91466814
fit 0.9194842
fit 0.93929994
fit 0.9450419
Total steps: 975
fitness 0.9477639
fitness 0.95602447
fitness 0.95797545
fitness 0.9603648
fitness 0.9611558
fitness 0.96246165
fitness 0.96468014
fitness 0.964722
Processing individual 176 for 'tabpfn_fhs'...
fit 0.8127932
fit 0.81628466
fit 0.845933
fit 0.8740381
fit 0.8931992
Total steps: 975
fitness 0.9048571
fitness 0.9092596
fitness 0.9128432
fitness 0.91305894
fitness 0.9131162
fitness 0.9139386
fitness 0.91472423
fitness 0.91744065
fitness 0.9228745
fitness 0.9237881
Processing individual 177 for 'tabpfn_fhs'...
fit 0.8610686
fit 0.8943088
fit 0.9062738
fit 0.9342416
Total steps: 975
fitness 0.94376546
fitness 0.9481267
fitness 0.94828176
fitness 0.94896406
fitness 0.9496612
fitness 0.9505302
fitness 0.95082116
fitness 0.95094347
fitness 0.95097804
fitness 0.9517855
fitness 0.95180184
Processing individual 178 for 'tabpfn_fhs'...
fit 0.9210976
fit 0.9500331
fit 0.9501945
fit 0.96421313
fit 0.96788406
Total steps: 975
fitness 0.96958923
fitness 0.973213
fitness 0.97395456
fitness 0.97396135
fitness 0.9749239
fitness 0.9749813
fitness 0.9750915
fitness 0.97511953
fitness 0.9754174
fitness 0.9756586
fitness 0.97569156
fitness 0.9757528
fitness 0.9757624
fitness 0.97587645
Processing individual 179 for 'tabpfn_fhs'...
fit 0.77004373
fit 0.8087529
fit 0.83078754
fit 0.87335753
fit 0.8875234
Total steps: 975
fitness 0.88771844
fitness 0.8902239
fitness 0.8906101
fitness 0.8953003
fitness 0.8968405
fitness 0.8986608
fitness 0.8996431
fitness 0.9005689
fitness 0.90133905
fitness 0.90295124
Processing individual 180 for 'tabpfn_fhs'...
fit 0.92021763
fit 0.9376594
fit 0.94529116
fit 0.9574318
fit 0.96202046
Total steps: 975
fitness 0.9622514
fitness 0.96250045
fitness 0.96919954
fitness 0.9700511
fitness 0.97136974
fitness 0.97145194
fitness 0.9714531
fitness 0.9719551
fitness 0.97228205
fitness 0.97290903
fitness 0.97291386
fitness 0.9729371
fitness 0.9729396
fitness 0.97301537
Processing individual 181 for 'tabpfn_fhs'...
fit 0.86927503
fit 0.87942374
fit 0.9026709
fit 0.9255808
Total steps: 975
fitness 0.93296075
fitness 0.93297106
fitness 0.9347163
fitness 0.9402344
fitness 0.94027257
fitness 0.94064474
fitness 0.9419662
fitness 0.9424162
fitness 0.94275516
fitness 0.94470865
fitness 0.94531405
fitness 0.9454001
fitness 0.946083
fitness 0.9465858
fitness 0.9468138
fitness 0.94854283
fitness 0.94920343
fitness 0.9505297
fitness 0.95099175
Processing individual 182 for 'tabpfn_fhs'...
fit 0.8675285
fit 0.9174493
fit 0.93991834
fit 0.95254517
Total steps: 975
fitness 0.9556705
fitness 0.96140766
fitness 0.9631139
fitness 0.96372
fitness 0.9639308
fitness 0.96467364
fitness 0.9649548
fitness 0.96550107
fitness 0.9658043
fitness 0.9681618
Processing individual 183 for 'tabpfn_fhs'...
fit 0.797704
fit 0.8222787
fit 0.85998297
Total steps: 975
fitness 0.87261826
fitness 0.874092
fitness 0.87944865
fitness 0.88077545
fitness 0.88318336
fitness 0.8841064
fitness 0.8845084
fitness 0.8869791
fitness 0.8881198
fitness 0.8889954
fitness 0.891819
Processing individual 184 for 'tabpfn_fhs'...
fit 0.88028324
fit 0.92759454
fit 0.9463878
fit 0.956452
Total steps: 975
fitness 0.9583139
fitness 0.9641237
fitness 0.965449
fitness 0.96682465
fitness 0.9671514
fitness 0.967257
fitness 0.9683868
fitness 0.9684852
fitness 0.96877027
fitness 0.96894926
fitness 0.96948355
fitness 0.969976
Processing individual 185 for 'tabpfn_fhs'...
fit 0.76759934
fit 0.78193665
fit 0.8090113
fit 0.83209866
fit 0.8539906
Total steps: 975
fitness 0.8665049
fitness 0.8720032
fitness 0.878207
fitness 0.8791149
fitness 0.8791612
fitness 0.88177395
fitness 0.8851577
fitness 0.8870703
Processing individual 186 for 'tabpfn_fhs'...
fit 0.91320825
fit 0.9341744
fit 0.9389479
fit 0.95477563
fit 0.958992
Total steps: 975
fitness 0.9602367
fitness 0.96094507
fitness 0.96718115
fitness 0.96787107
fitness 0.9695029
fitness 0.96953756
fitness 0.96970785
fitness 0.9705186
fitness 0.97121763
fitness 0.9720699
fitness 0.9722816
Processing individual 187 for 'tabpfn_fhs'...
fit 0.79144466
fit 0.8027457
fit 0.82974046
fit 0.8556441
fit 0.8767428
Total steps: 975
fitness 0.8880283
fitness 0.89311105
fitness 0.8992659
fitness 0.9004301
fitness 0.9016139
fitness 0.9070005
fitness 0.907199
fitness 0.9075722
fitness 0.90881324
Processing individual 188 for 'tabpfn_fhs'...
fit 0.8980746
fit 0.9152133
fit 0.9237394
fit 0.9443437
fit 0.9495675
Total steps: 975
fitness 0.9516524
fitness 0.95186585
fitness 0.96007156
fitness 0.9610886
fitness 0.96325535
fitness 0.9640598
fitness 0.9649041
fitness 0.9663312
fitness 0.96650696
fitness 0.9666814
fitness 0.96689487
Processing individual 189 for 'tabpfn_fhs'...
fit 0.8654835
fit 0.87783945
fit 0.8892132
fit 0.91979724
fit 0.9261971
Total steps: 975
fitness 0.9288552
fitness 0.9431303
fitness 0.9450573
fitness 0.9473623
fitness 0.9477612
fitness 0.94822335
fitness 0.9496925
fitness 0.9515785
fitness 0.9545867
fitness 0.9553
fitness 0.95542514
Processing individual 190 for 'tabpfn_fhs'...
fit 0.92847186
fit 0.954129
fit 0.957115
fit 0.96676004
fit 0.97015774
Total steps: 975
fitness 0.97187006
fitness 0.97513473
fitness 0.9755789
fitness 0.9766738
fitness 0.97677046
fitness 0.97699356
fitness 0.9770932
fitness 0.97772014
fitness 0.9777498
fitness 0.9777995
fitness 0.97788143
fitness 0.97817975
Processing individual 191 for 'tabpfn_fhs'...
fit 0.9210976
fit 0.9500331
fit 0.9501945
fit 0.96421313
fit 0.96788406
Total steps: 975
fitness 0.96958923
fitness 0.973213
fitness 0.97395456
fitness 0.97396135
fitness 0.9749239
fitness 0.9749813
fitness 0.9750915
fitness 0.97511953
fitness 0.9754174
fitness 0.9756586
fitness 0.97569156
fitness 0.9757528
fitness 0.9757624
fitness 0.97587645
Processing individual 192 for 'tabpfn_fhs'...
fit 0.9606364
fit 0.96838945
fit 0.9760153
fit 0.97951955
fit 0.98046845
Total steps: 975
fitness 0.9805373
fitness 0.9807878
fitness 0.9837805
fitness 0.9841908
fitness 0.98459303
fitness 0.98470885
fitness 0.9847604
fitness 0.98484796
fitness 0.9851203
fitness 0.9854414
fitness 0.9854563
fitness 0.9855002
fitness 0.98553455
Processing individual 193 for 'tabpfn_fhs'...
fit 0.95751894
fit 0.96496314
fit 0.97277915
fit 0.9773608
fit 0.97793096
Total steps: 975
fitness 0.97822237
fitness 0.9786215
fitness 0.98181385
fitness 0.9828391
fitness 0.98297846
fitness 0.9829791
fitness 0.9833164
fitness 0.9837058
fitness 0.9839615
fitness 0.9840762
fitness 0.98432094
Processing individual 194 for 'tabpfn_fhs'...
fit 0.78063715
fit 0.8500516
fit 0.88524985
fit 0.92135423
Total steps: 975
fitness 0.932732
fitness 0.93626773
fitness 0.9367169
fitness 0.93674105
fitness 0.9370736
fitness 0.93895596
fitness 0.93981147
fitness 0.9427244
fitness 0.94536257
fitness 0.9456274
fitness 0.94571126
Processing individual 195 for 'tabpfn_fhs'...
fit 0.92847186
fit 0.954129
fit 0.957115
fit 0.96676004
fit 0.97015774
Total steps: 975
fitness 0.97187006
fitness 0.97513473
fitness 0.9755789
fitness 0.9766738
fitness 0.97677046
fitness 0.97699356
fitness 0.9770932
fitness 0.97772014
fitness 0.9777498
fitness 0.9777995
fitness 0.97788143
fitness 0.97817975
Processing individual 196 for 'tabpfn_fhs'...
fit 0.79144466
fit 0.8027457
fit 0.82974046
fit 0.8556441
fit 0.8767428
Total steps: 975
fitness 0.8880283
fitness 0.89311105
fitness 0.8992659
fitness 0.9004301
fitness 0.9016139
fitness 0.9070005
fitness 0.907199
fitness 0.9075722
fitness 0.90881324
Processing individual 197 for 'tabpfn_fhs'...
fit 0.8654835
fit 0.87783945
fit 0.8892132
fit 0.91979724
fit 0.9261971
Total steps: 975
fitness 0.9288552
fitness 0.9431303
fitness 0.9450573
fitness 0.9473623
fitness 0.9477612
fitness 0.94822335
fitness 0.9496925
fitness 0.9515785
fitness 0.9545867
fitness 0.9553
fitness 0.95542514
Processing individual 198 for 'tabpfn_fhs'...
fit 0.7612295
fit 0.82925713
fit 0.873312
fit 0.9127489
Total steps: 975
fitness 0.91416353
fitness 0.9263578
fitness 0.930619
fitness 0.9323061
fitness 0.93353236
fitness 0.93458915
fitness 0.9373602
fitness 0.94149107
Processing individual 199 for 'tabpfn_fhs'...
fit 0.7106939
fit 0.74269855
fit 0.76977444
Total steps: 975
fitness 0.7804385
fitness 0.78334814
fitness 0.7842675
fitness 0.7845311
fitness 0.7883934
fitness 0.79174316
fitness 0.7918794
fitness 0.7921887
fitness 0.79222155
Processing individual 200 for 'tabpfn_fhs'...
fit 0.9380271
fit 0.95405173
fit 0.9617755
fit 0.9705534
fit 0.9724033
Total steps: 975
fitness 0.974486
fitness 0.9779469
fitness 0.9780499
fitness 0.9788218
fitness 0.9790344
fitness 0.9794253
fitness 0.9796937
fitness 0.9797395
fitness 0.9797875
fitness 0.9799009
fitness 0.98008174
Processing individual 201 for 'tabpfn_fhs'...
fit 0.66957986
fit 0.7053129
fit 0.73626375
fit 0.78259456
fit 0.82055783
Total steps: 975
fitness 0.8206332
fitness 0.8251264
fitness 0.8333335
fitness 0.8427787
fitness 0.84743047
fitness 0.8487185
fitness 0.84905314
fitness 0.84912896
fitness 0.85024804
fitness 0.8513848
fitness 0.85312766
fitness 0.85345936
fitness 0.8548001
fitness 0.85838264
Processing individual 202 for 'tabpfn_fhs'...
fit 0.9041784
fit 0.9388333
fit 0.95656514
fit 0.962828
Total steps: 975
fitness 0.9644401
fitness 0.9691479
fitness 0.96994525
fitness 0.9712172
fitness 0.9712467
fitness 0.9715481
fitness 0.9722568
fitness 0.97292626
fitness 0.9733736
fitness 0.9735518
Processing individual 203 for 'tabpfn_fhs'...
fit 0.8077582
fit 0.83030415
fit 0.86675835
Total steps: 975
fitness 0.8805041
fitness 0.88161075
fitness 0.8882656
fitness 0.88832194
fitness 0.8883355
fitness 0.8943471
fitness 0.8951204
fitness 0.8977694
fitness 0.89829654
fitness 0.89853424
fitness 0.901517
Processing individual 204 for 'tabpfn_fhs'...
fit 0.88394505
fit 0.9021565
fit 0.909784
fit 0.935237
fit 0.9414197
Total steps: 975
fitness 0.94402844
fitness 0.9523419
fitness 0.9549239
fitness 0.9571078
fitness 0.95829666
fitness 0.9608616
fitness 0.96225727
fitness 0.96225876
fitness 0.962507
Processing individual 205 for 'tabpfn_fhs'...
fit 0.7678645
fit 0.79050016
fit 0.82387275
Total steps: 975
fitness 0.84097636
fitness 0.8415493
fitness 0.843048
fitness 0.8433706
fitness 0.84376574
fitness 0.8444401
fitness 0.8449148
fitness 0.8449907
fitness 0.8477167
fitness 0.85056597
fitness 0.852049
Processing individual 206 for 'tabpfn_fhs'...
fit 0.9481112
fit 0.9583212
fit 0.9674767
fit 0.972845
fit 0.9747505
Total steps: 975
fitness 0.9791072
fitness 0.98018044
fitness 0.98037153
fitness 0.98038197
fitness 0.9805648
fitness 0.9811362
fitness 0.98114187
fitness 0.98174
fitness 0.98175794
fitness 0.98177844
fitness 0.9818002
Processing individual 207 for 'tabpfn_fhs'...
fit 0.8654835
fit 0.87783945
fit 0.8892132
fit 0.91979724
fit 0.9261971
Total steps: 975
fitness 0.9288552
fitness 0.9431303
fitness 0.9450573
fitness 0.9473623
fitness 0.9477612
fitness 0.94822335
fitness 0.9496925
fitness 0.9515785
fitness 0.9545867
fitness 0.9553
fitness 0.95542514
Processing individual 208 for 'tabpfn_fhs'...
fit 0.61596763
fit 0.63267124
fit 0.6780986
fit 0.7418403
fit 0.7726231
Total steps: 975
fitness 0.7729187
fitness 0.7826849
fitness 0.790792
fitness 0.79892194
fitness 0.80634004
fitness 0.8092528
fitness 0.8101771
fitness 0.8121865
fitness 0.81571114
fitness 0.816265
Processing individual 209 for 'tabpfn_fhs'...
fit 0.84623724
fit 0.8543851
fit 0.8795641
fit 0.90715724
Total steps: 975
fitness 0.90739036
fitness 0.9164365
fitness 0.9164484
fitness 0.9185136
fitness 0.9262945
fitness 0.92744106
fitness 0.928341
fitness 0.9298454
fitness 0.9324592
fitness 0.93302685
fitness 0.93303204
fitness 0.9340321
fitness 0.9346872
fitness 0.9349118
Processing individual 210 for 'tabpfn_fhs'...
fit 0.93232787
fit 0.9482945
fit 0.9539791
fit 0.96397465
fit 0.9681384
Total steps: 975
fitness 0.9739593
fitness 0.97505486
fitness 0.97604203
fitness 0.97671616
fitness 0.97677696
fitness 0.97685575
fitness 0.9776045
fitness 0.9778677
Processing individual 211 for 'tabpfn_fhs'...
fit 0.7612295
fit 0.82925713
fit 0.873312
fit 0.9127489
Total steps: 975
fitness 0.91416353
fitness 0.9263578
fitness 0.930619
fitness 0.9323061
fitness 0.93353236
fitness 0.93458915
fitness 0.9373602
fitness 0.94149107
Processing individual 212 for 'tabpfn_fhs'...
fit 0.9041784
fit 0.9388333
fit 0.95656514
fit 0.962828
Total steps: 975
fitness 0.9644401
fitness 0.9691479
fitness 0.96994525
fitness 0.9712172
fitness 0.9712467
fitness 0.9715481
fitness 0.9722568
fitness 0.97292626
fitness 0.9733736
fitness 0.9735518
Processing individual 213 for 'tabpfn_fhs'...
fit 0.91320825
fit 0.9341744
fit 0.9389479
fit 0.95477563
fit 0.958992
Total steps: 975
fitness 0.9602367
fitness 0.96094507
fitness 0.96718115
fitness 0.96787107
fitness 0.9695029
fitness 0.96953756
fitness 0.96970785
fitness 0.9705186
fitness 0.97121763
fitness 0.9720699
fitness 0.9722816
Processing individual 214 for 'tabpfn_fhs'...
fit 0.95751894
fit 0.96496314
fit 0.97277915
fit 0.9773608
fit 0.97793096
Total steps: 975
fitness 0.97822237
fitness 0.9786215
fitness 0.98181385
fitness 0.9828391
fitness 0.98297846
fitness 0.9829791
fitness 0.9833164
fitness 0.9837058
fitness 0.9839615
fitness 0.9840762
fitness 0.98432094
Processing individual 215 for 'tabpfn_fhs'...
fit 0.6917547
fit 0.73530155
fit 0.7490356
fit 0.8013215
fit 0.8387664
Total steps: 975
fitness 0.84136456
fitness 0.84554464
fitness 0.85643333
fitness 0.8606509
fitness 0.8611907
fitness 0.86138606
fitness 0.86208016
fitness 0.8631981
fitness 0.8632951
fitness 0.86583143
fitness 0.8675004
Processing individual 216 for 'tabpfn_fhs'...
fit 0.61596763
fit 0.63267124
fit 0.6780986
fit 0.7418403
fit 0.7726231
Total steps: 975
fitness 0.7729187
fitness 0.7826849
fitness 0.790792
fitness 0.79892194
fitness 0.80634004
fitness 0.8092528
fitness 0.8101771
fitness 0.8121865
fitness 0.81571114
fitness 0.816265
Processing individual 217 for 'tabpfn_fhs'...
fit 0.9380497
fit 0.95206344
fit 0.9582532
fit 0.9681602
fit 0.97059625
Total steps: 975
fitness 0.9707296
fitness 0.97084
fitness 0.9757929
fitness 0.97597146
fitness 0.9776169
fitness 0.97784203
fitness 0.9783922
fitness 0.97948563
Processing individual 218 for 'tabpfn_fhs'...
fit 0.8195929
fit 0.82805204
fit 0.853505
fit 0.8823906
Total steps: 975
fitness 0.8842186
fitness 0.89372766
fitness 0.89382154
fitness 0.8952569
fitness 0.9034072
fitness 0.90428174
fitness 0.9052374
fitness 0.9093118
fitness 0.9097619
fitness 0.91311777
fitness 0.9142876
fitness 0.9148298
Processing individual 219 for 'tabpfn_fhs'...
fit 0.71765304
fit 0.7519814
fit 0.77526075
fit 0.82742953
fit 0.8600331
Total steps: 975
fitness 0.86147916
fitness 0.8633222
fitness 0.8730811
fitness 0.8737273
fitness 0.87655073
fitness 0.8782905
fitness 0.87948906
fitness 0.87958175
Processing individual 220 for 'tabpfn_fhs'...
fit 0.92847186
fit 0.954129
fit 0.957115
fit 0.96676004
fit 0.97015774
Total steps: 975
fitness 0.97187006
fitness 0.97513473
fitness 0.9755789
fitness 0.9766738
fitness 0.97677046
fitness 0.97699356
fitness 0.9770932
fitness 0.97772014
fitness 0.9777498
fitness 0.9777995
fitness 0.97788143
fitness 0.97817975
Processing individual 221 for 'tabpfn_fhs'...
fit 0.7267963
fit 0.7942619
fit 0.84446836
fit 0.8851123
Total steps: 975
fitness 0.88656884
fitness 0.88775617
fitness 0.9023136
fitness 0.9083319
fitness 0.9102732
fitness 0.9107479
fitness 0.9111041
fitness 0.9134187
fitness 0.9144237
fitness 0.91761416
fitness 0.9223629
Processing individual 222 for 'tabpfn_fhs'...
fit 0.5415118
fit 0.60223806
fit 0.6838961
fit 0.69538516
Total steps: 975
fitness 0.70194626
fitness 0.710639
fitness 0.7337678
fitness 0.73389566
fitness 0.7344304
fitness 0.74163365
fitness 0.74225575
fitness 0.7471767
fitness 0.7494629
Processing individual 223 for 'tabpfn_fhs'...
fit 0.5934917
fit 0.6254421
fit 0.6735977
fit 0.753882
fit 0.8010827
Total steps: 975
fitness 0.820427
fitness 0.8311086
fitness 0.83861715
fitness 0.84456843
fitness 0.8463659
fitness 0.8470393
fitness 0.84721524
fitness 0.8483593
Processing individual 224 for 'tabpfn_fhs'...
fit 0.91320825
fit 0.9341744
fit 0.9389479
fit 0.95477563
fit 0.958992
Total steps: 975
fitness 0.9602367
fitness 0.96094507
fitness 0.96718115
fitness 0.96787107
fitness 0.9695029
fitness 0.96953756
fitness 0.96970785
fitness 0.9705186
fitness 0.97121763
fitness 0.9720699
fitness 0.9722816
Processing individual 225 for 'tabpfn_fhs'...
fit 0.8593517
fit 0.87008417
fit 0.8848883
fit 0.9123551
fit 0.9222149
Total steps: 975
fitness 0.9227315
fitness 0.92479837
fitness 0.93849885
fitness 0.9408415
fitness 0.94341236
fitness 0.94380254
fitness 0.94598174
fitness 0.9477785
fitness 0.9514585
fitness 0.9515249
fitness 0.95184636
Processing individual 226 for 'tabpfn_fhs'...
fit 0.95285267
fit 0.9635216
fit 0.9700949
fit 0.97529733
fit 0.9759291
Total steps: 975
fitness 0.97635436
fitness 0.9766043
fitness 0.9803549
fitness 0.98099226
fitness 0.98118395
fitness 0.98130244
fitness 0.9813035
fitness 0.98175406
fitness 0.9818205
fitness 0.9819231
fitness 0.98199797
fitness 0.9820101
fitness 0.98232484
fitness 0.98268867
fitness 0.98279965
fitness 0.98286134
Processing individual 227 for 'tabpfn_fhs'...
fit 0.8593517
fit 0.87008417
fit 0.8848883
fit 0.9123551
fit 0.9222149
Total steps: 975
fitness 0.9227315
fitness 0.92479837
fitness 0.93849885
fitness 0.9408415
fitness 0.94341236
fitness 0.94380254
fitness 0.94598174
fitness 0.9477785
fitness 0.9514585
fitness 0.9515249
fitness 0.95184636
Processing individual 228 for 'tabpfn_fhs'...
fit 0.9067035
fit 0.92434865
fit 0.9314311
fit 0.94964916
fit 0.9550657
Total steps: 975
fitness 0.95683485
fitness 0.9629775
fitness 0.96456754
fitness 0.9662689
fitness 0.9665916
fitness 0.9671564
fitness 0.96737903
fitness 0.9674286
fitness 0.96853715
fitness 0.96943945
fitness 0.96963114
fitness 0.9699644
Processing individual 229 for 'tabpfn_fhs'...
fit 0.7798948
fit 0.80177915
fit 0.83774924
Total steps: 975
fitness 0.85466254
fitness 0.8547998
fitness 0.85608625
fitness 0.8577237
fitness 0.859262
fitness 0.8599399
fitness 0.86417615
fitness 0.86443484
fitness 0.8682618
Processing individual 230 for 'tabpfn_fhs'...
fit 0.73027366
fit 0.7562601
fit 0.7865774
Total steps: 975
fitness 0.78668493
fitness 0.7990514
fitness 0.79945713
fitness 0.8010937
fitness 0.8011632
fitness 0.802457
fitness 0.804444
fitness 0.80473024
fitness 0.8060891
Processing individual 231 for 'tabpfn_fhs'...
fit 0.9275662
fit 0.94260246
fit 0.9490576
fit 0.96181697
fit 0.96510077
Total steps: 975
fitness 0.9654782
fitness 0.965974
fitness 0.9712863
fitness 0.97245634
fitness 0.9732014
fitness 0.9735687
fitness 0.97424
fitness 0.9746518
fitness 0.9749368
fitness 0.9752701
fitness 0.9758432
Processing individual 232 for 'tabpfn_fhs'...
fit 0.89291143
fit 0.9345853
fit 0.95298547
fit 0.9603089
Total steps: 975
fitness 0.96111274
fitness 0.9620165
fitness 0.9664987
fitness 0.9677124
fitness 0.9700971
fitness 0.970609
fitness 0.97123045
fitness 0.97190356
Processing individual 233 for 'tabpfn_fhs'...
fit 0.8061282
fit 0.8308755
fit 0.8709756
Total steps: 975
fitness 0.88107854
fitness 0.8842346
fitness 0.8874619
fitness 0.8888723
fitness 0.88892466
fitness 0.89183474
fitness 0.89315367
fitness 0.89374477
fitness 0.8967106
fitness 0.89695
fitness 0.902654
Processing individual 234 for 'tabpfn_fhs'...
fit 0.72042024
fit 0.7617291
fit 0.7753291
fit 0.83254945
fit 0.87933
Total steps: 975
fitness 0.8811565
fitness 0.88173753
fitness 0.8971873
fitness 0.90373945
fitness 0.90523076
fitness 0.9057063
fitness 0.90761715
fitness 0.90793043
fitness 0.9087601
fitness 0.9115527
fitness 0.91641724
fitness 0.91647255
fitness 0.9170143
Processing individual 235 for 'tabpfn_fhs'...
fit 0.95751894
fit 0.96496314
fit 0.97277915
fit 0.9773608
fit 0.97793096
Total steps: 975
fitness 0.97822237
fitness 0.9786215
fitness 0.98181385
fitness 0.9828391
fitness 0.98297846
fitness 0.9829791
fitness 0.9833164
fitness 0.9837058
fitness 0.9839615
fitness 0.9840762
fitness 0.98432094
Processing individual 236 for 'tabpfn_fhs'...
fit 0.80528593
fit 0.8208157
fit 0.8406828
fit 0.86804414
fit 0.8885472
Total steps: 975
fitness 0.89922917
fitness 0.9054909
fitness 0.90741175
fitness 0.90758276
fitness 0.9106248
fitness 0.9127225
fitness 0.91304445
fitness 0.91724753
fitness 0.917465
fitness 0.9182793
Processing individual 237 for 'tabpfn_fhs'...
fit 0.8735707
fit 0.90743655
fit 0.91540635
fit 0.94109267
Total steps: 975
fitness 0.9489131
fitness 0.9523174
fitness 0.952369
fitness 0.95266724
fitness 0.9527396
fitness 0.952953
fitness 0.9530097
fitness 0.95308965
fitness 0.9531524
fitness 0.95380014
fitness 0.95429134
fitness 0.9543617
fitness 0.9544182
fitness 0.95459217
fitness 0.95630854
Processing individual 238 for 'tabpfn_fhs'...
fit 0.78786194
fit 0.806882
fit 0.8445427
Total steps: 975
fitness 0.8595495
fitness 0.8651661
fitness 0.8652694
fitness 0.87054443
fitness 0.8711217
fitness 0.8714587
fitness 0.8727778
fitness 0.87473035
fitness 0.8752723
fitness 0.8778942
Processing individual 239 for 'tabpfn_fhs'...
fit 0.89110315
fit 0.91466814
fit 0.9194842
fit 0.93929994
fit 0.9450419
Total steps: 975
fitness 0.9477639
fitness 0.95602447
fitness 0.95797545
fitness 0.9603648
fitness 0.9611558
fitness 0.96246165
fitness 0.96468014
fitness 0.964722
Processing individual 240 for 'tabpfn_fhs'...
fit 0.80278236
fit 0.85965836
fit 0.89910436
fit 0.92757446
Total steps: 975
fitness 0.9279629
fitness 0.9378289
fitness 0.9411126
fitness 0.94211274
fitness 0.9422073
fitness 0.9442059
fitness 0.9443954
fitness 0.9448254
fitness 0.94731134
fitness 0.94992423
fitness 0.95007324
fitness 0.9503873
fitness 0.9505889
Processing individual 241 for 'tabpfn_fhs'...
fit 0.7596602
fit 0.81715095
fit 0.8636521
fit 0.90724456
Total steps: 975
fitness 0.90802747
fitness 0.92136234
fitness 0.9257349
fitness 0.926727
fitness 0.92702603
fitness 0.9297446
fitness 0.93016
fitness 0.93220365
fitness 0.9366334
fitness 0.93706834
Processing individual 242 for 'tabpfn_fhs'...
fit 0.7596602
fit 0.81715095
fit 0.8636521
fit 0.90724456
Total steps: 975
fitness 0.90802747
fitness 0.92136234
fitness 0.9257349
fitness 0.926727
fitness 0.92702603
fitness 0.9297446
fitness 0.93016
fitness 0.93220365
fitness 0.9366334
fitness 0.93706834
Processing individual 243 for 'tabpfn_fhs'...
fit 0.77408916
fit 0.7960612
fit 0.8322755
Total steps: 975
fitness 0.845892
fitness 0.8495975
fitness 0.851169
fitness 0.8518621
fitness 0.8525056
fitness 0.8534291
fitness 0.8539359
fitness 0.8540406
fitness 0.85458547
fitness 0.85622114
fitness 0.85726684
fitness 0.8605842
Processing individual 244 for 'tabpfn_fhs'...
fit 0.93232787
fit 0.9482945
fit 0.9539791
fit 0.96397465
fit 0.9681384
Total steps: 975
fitness 0.9739593
fitness 0.97505486
fitness 0.97604203
fitness 0.97671616
fitness 0.97677696
fitness 0.97685575
fitness 0.9776045
fitness 0.9778677
Processing individual 245 for 'tabpfn_fhs'...
fit 0.8127932
fit 0.81628466
fit 0.845933
fit 0.8740381
fit 0.8931992
Total steps: 975
fitness 0.9048571
fitness 0.9092596
fitness 0.9128432
fitness 0.91305894
fitness 0.9131162
fitness 0.9139386
fitness 0.91472423
fitness 0.91744065
fitness 0.9228745
fitness 0.9237881
Processing individual 246 for 'tabpfn_fhs'...
fit 0.80278236
fit 0.85965836
fit 0.89910436
fit 0.92757446
Total steps: 975
fitness 0.9279629
fitness 0.9378289
fitness 0.9411126
fitness 0.94211274
fitness 0.9422073
fitness 0.9442059
fitness 0.9443954
fitness 0.9448254
fitness 0.94731134
fitness 0.94992423
fitness 0.95007324
fitness 0.9503873
fitness 0.9505889
Processing individual 247 for 'tabpfn_fhs'...
fit 0.571387
fit 0.63709646
fit 0.7095786
fit 0.7322367
Total steps: 975
fitness 0.7358363
fitness 0.73932666
fitness 0.76070094
fitness 0.76748
fitness 0.7706148
fitness 0.7712608
fitness 0.7742828
fitness 0.7763502
fitness 0.78208673
Processing individual 248 for 'tabpfn_fhs'...
fit 0.8980746
fit 0.9152133
fit 0.9237394
fit 0.9443437
fit 0.9495675
Total steps: 975
fitness 0.9516524
fitness 0.95186585
fitness 0.96007156
fitness 0.9610886
fitness 0.96325535
fitness 0.9640598
fitness 0.9649041
fitness 0.9663312
fitness 0.96650696
fitness 0.9666814
fitness 0.96689487
Processing individual 249 for 'tabpfn_fhs'...
fit 0.8675285
fit 0.9174493
fit 0.93991834
fit 0.95254517
Total steps: 975
fitness 0.9556705
fitness 0.96140766
fitness 0.9631139
fitness 0.96372
fitness 0.9639308
fitness 0.96467364
fitness 0.9649548
fitness 0.96550107
fitness 0.9658043
fitness 0.9681618
Processing individual 250 for 'tabpfn_fhs'...
fit 0.92021763
fit 0.9376594
fit 0.94529116
fit 0.9574318
fit 0.96202046
Total steps: 975
fitness 0.9622514
fitness 0.96250045
fitness 0.96919954
fitness 0.9700511
fitness 0.97136974
fitness 0.97145194
fitness 0.9714531
fitness 0.9719551
fitness 0.97228205
fitness 0.97290903
fitness 0.97291386
fitness 0.9729371
fitness 0.9729396
fitness 0.97301537
Processing individual 251 for 'tabpfn_fhs'...
fit 0.85955966
fit 0.90284944
fit 0.9326081
fit 0.95015407
Total steps: 975
fitness 0.95154196
fitness 0.9586369
fitness 0.9599928
fitness 0.9612413
fitness 0.9616796
fitness 0.9622133
fitness 0.9624741
fitness 0.96397454
fitness 0.9650645
fitness 0.96551913
Processing individual 252 for 'tabpfn_fhs'...
fit 0.82858455
fit 0.8364067
fit 0.85911083
fit 0.89062256
Total steps: 975
fitness 0.8912062
fitness 0.9007789
fitness 0.90132976
fitness 0.9042335
fitness 0.9115089
fitness 0.9129108
fitness 0.91413456
fitness 0.9152879
fitness 0.9176458
fitness 0.9193409
fitness 0.9204995
fitness 0.9210315
fitness 0.92216384
Processing individual 253 for 'tabpfn_fhs'...
fit 0.9481112
fit 0.9583212
fit 0.9674767
fit 0.972845
fit 0.9747505
Total steps: 975
fitness 0.9791072
fitness 0.98018044
fitness 0.98037153
fitness 0.98038197
fitness 0.9805648
fitness 0.9811362
fitness 0.98114187
fitness 0.98174
fitness 0.98175794
fitness 0.98177844
fitness 0.9818002
Processing individual 254 for 'tabpfn_fhs'...
fit 0.9432576
fit 0.95421135
fit 0.96413124
fit 0.97042066
fit 0.9725088
Total steps: 975
fitness 0.9727609
fitness 0.9777224
fitness 0.97845477
fitness 0.97912353
fitness 0.97924805
fitness 0.9795195
fitness 0.9798854
fitness 0.98040974
fitness 0.9804872
Processing individual 255 for 'tabpfn_fhs'...
fit 0.8675285
fit 0.9174493
fit 0.93991834
fit 0.95254517
Total steps: 975
fitness 0.9556705
fitness 0.96140766
fitness 0.9631139
fitness 0.96372
fitness 0.9639308
fitness 0.96467364
fitness 0.9649548
fitness 0.96550107
fitness 0.9658043
fitness 0.9681618
Processing individual 256 for 'tabpfn_fhs'...
fit 0.80278236
fit 0.85965836
fit 0.89910436
fit 0.92757446
Total steps: 975
fitness 0.9279629
fitness 0.9378289
fitness 0.9411126
fitness 0.94211274
fitness 0.9422073
fitness 0.9442059
fitness 0.9443954
fitness 0.9448254
fitness 0.94731134
fitness 0.94992423
fitness 0.95007324
fitness 0.9503873
fitness 0.9505889
Processing individual 257 for 'tabpfn_fhs'...
fit 0.5998045
fit 0.6272968
fit 0.6653692
fit 0.73309124
fit 0.7888186
Total steps: 975
fitness 0.80460477
fitness 0.8202614
fitness 0.8265545
fitness 0.8268379
fitness 0.8280748
fitness 0.83209
fitness 0.8321459
fitness 0.83402
fitness 0.8356869
fitness 0.8406386
fitness 0.84195584
Processing individual 258 for 'tabpfn_fhs'...
fit 0.8980746
fit 0.9152133
fit 0.9237394
fit 0.9443437
fit 0.9495675
Total steps: 975
fitness 0.9516524
fitness 0.95186585
fitness 0.96007156
fitness 0.9610886
fitness 0.96325535
fitness 0.9640598
fitness 0.9649041
fitness 0.9663312
fitness 0.96650696
fitness 0.9666814
fitness 0.96689487
Processing individual 259 for 'tabpfn_fhs'...
fit 0.9067035
fit 0.92434865
fit 0.9314311
fit 0.94964916
fit 0.9550657
Total steps: 975
fitness 0.95683485
fitness 0.9629775
fitness 0.96456754
fitness 0.9662689
fitness 0.9665916
fitness 0.9671564
fitness 0.96737903
fitness 0.9674286
fitness 0.96853715
fitness 0.96943945
fitness 0.96963114
fitness 0.9699644
Processing individual 260 for 'tabpfn_fhs'...
fit 0.9275662
fit 0.94260246
fit 0.9490576
fit 0.96181697
fit 0.96510077
Total steps: 975
fitness 0.9654782
fitness 0.965974
fitness 0.9712863
fitness 0.97245634
fitness 0.9732014
fitness 0.9735687
fitness 0.97424
fitness 0.9746518
fitness 0.9749368
fitness 0.9752701
fitness 0.9758432
Processing individual 261 for 'tabpfn_fhs'...
fit 0.9432576
fit 0.95421135
fit 0.96413124
fit 0.97042066
fit 0.9725088
Total steps: 975
fitness 0.9727609
fitness 0.9777224
fitness 0.97845477
fitness 0.97912353
fitness 0.97924805
fitness 0.9795195
fitness 0.9798854
fitness 0.98040974
fitness 0.9804872
Processing individual 262 for 'tabpfn_fhs'...
fit 0.79144466
fit 0.8027457
fit 0.82974046
fit 0.8556441
fit 0.8767428
Total steps: 975
fitness 0.8880283
fitness 0.89311105
fitness 0.8992659
fitness 0.9004301
fitness 0.9016139
fitness 0.9070005
fitness 0.907199
fitness 0.9075722
fitness 0.90881324
Processing individual 263 for 'tabpfn_fhs'...
fit 0.9380497
fit 0.95206344
fit 0.9582532
fit 0.9681602
fit 0.97059625
Total steps: 975
fitness 0.9707296
fitness 0.97084
fitness 0.9757929
fitness 0.97597146
fitness 0.9776169
fitness 0.97784203
fitness 0.9783922
fitness 0.97948563
Processing individual 264 for 'tabpfn_fhs'...
fit 0.92021763
fit 0.9376594
fit 0.94529116
fit 0.9574318
fit 0.96202046
Total steps: 975
fitness 0.9622514
fitness 0.96250045
fitness 0.96919954
fitness 0.9700511
fitness 0.97136974
fitness 0.97145194
fitness 0.9714531
fitness 0.9719551
fitness 0.97228205
fitness 0.97290903
fitness 0.97291386
fitness 0.9729371
fitness 0.9729396
fitness 0.97301537
Processing individual 265 for 'tabpfn_fhs'...
fit 0.6917547
fit 0.73530155
fit 0.7490356
fit 0.8013215
fit 0.8387664
Total steps: 975
fitness 0.84136456
fitness 0.84554464
fitness 0.85643333
fitness 0.8606509
fitness 0.8611907
fitness 0.86138606
fitness 0.86208016
fitness 0.8631981
fitness 0.8632951
fitness 0.86583143
fitness 0.8675004
Processing individual 266 for 'tabpfn_fhs'...
fit 0.70754266
fit 0.77658916
fit 0.82500654
fit 0.8676257
Total steps: 975
fitness 0.873912
fitness 0.8913727
fitness 0.8976655
fitness 0.89859486
fitness 0.899299
fitness 0.89980245
fitness 0.8999042
fitness 0.9012405
fitness 0.90309656
fitness 0.9031706
fitness 0.9070803
fitness 0.91176707
fitness 0.91417015
Processing individual 267 for 'tabpfn_fhs'...
fit 0.8213101
fit 0.8309982
fit 0.84960634
fit 0.8789451
fit 0.8971368
Total steps: 975
fitness 0.9099064
fitness 0.91375303
fitness 0.91662383
fitness 0.916824
fitness 0.9170774
fitness 0.9193201
fitness 0.9207847
fitness 0.92245626
fitness 0.92667913
fitness 0.9268525
fitness 0.927939
fitness 0.928395
Processing individual 268 for 'tabpfn_fhs'...
fit 0.75864756
fit 0.7829794
fit 0.81861967
Total steps: 975
fitness 0.83251745
fitness 0.8347725
fitness 0.8401566
fitness 0.84060097
Processing individual 269 for 'tabpfn_fhs'...
fit 0.51628786
fit 0.5186957
fit 0.5896586
fit 0.6773633
fit 0.696535
Total steps: 975
fitness 0.70783365
fitness 0.7209767
fitness 0.7342498
fitness 0.7412112
fitness 0.74502766
Processing individual 270 for 'tabpfn_fhs'...
fit 0.9067035
fit 0.92434865
fit 0.9314311
fit 0.94964916
fit 0.9550657
Total steps: 975
fitness 0.95683485
fitness 0.9629775
fitness 0.96456754
fitness 0.9662689
fitness 0.9665916
fitness 0.9671564
fitness 0.96737903
fitness 0.9674286
fitness 0.96853715
fitness 0.96943945
fitness 0.96963114
fitness 0.9699644
Processing individual 271 for 'tabpfn_fhs'...
fit 0.851945
fit 0.88969654
fit 0.92629254
fit 0.9462867
Total steps: 975
fitness 0.9468931
fitness 0.9546701
fitness 0.95660007
fitness 0.95765024
fitness 0.9576711
fitness 0.95815814
fitness 0.9584505
fitness 0.9591923
fitness 0.9612287
fitness 0.96305335
fitness 0.9632487
fitness 0.96339905
fitness 0.9634875
fitness 0.9635664
Processing individual 272 for 'tabpfn_fhs'...
fit 0.82721496
fit 0.83808005
fit 0.85493535
fit 0.88445103
fit 0.90316945
Total steps: 975
fitness 0.9147705
fitness 0.91869575
fitness 0.9229651
fitness 0.92375267
fitness 0.9239683
fitness 0.9282855
fitness 0.9322176
fitness 0.9327377
Processing individual 273 for 'tabpfn_fhs'...
fit 0.5853628
fit 0.5954178
fit 0.6511022
fit 0.72472465
fit 0.7430581
Total steps: 975
fitness 0.7476697
fitness 0.7621162
fitness 0.7690145
fitness 0.779625
fitness 0.78471035
fitness 0.7857232
fitness 0.7895447
fitness 0.79184157
fitness 0.79714346
Processing individual 274 for 'tabpfn_fhs'...
fit 0.9481112
fit 0.9583212
fit 0.9674767
fit 0.972845
fit 0.9747505
Total steps: 975
fitness 0.9791072
fitness 0.98018044
fitness 0.98037153
fitness 0.98038197
fitness 0.9805648
fitness 0.9811362
fitness 0.98114187
fitness 0.98174
fitness 0.98175794
fitness 0.98177844
fitness 0.9818002
Processing individual 275 for 'tabpfn_fhs'...
fit 0.73027366
fit 0.7562601
fit 0.7865774
Total steps: 975
fitness 0.78668493
fitness 0.7990514
fitness 0.79945713
fitness 0.8010937
fitness 0.8011632
fitness 0.802457
fitness 0.804444
fitness 0.80473024
fitness 0.8060891
Processing individual 276 for 'tabpfn_fhs'...
fit 0.82721496
fit 0.83808005
fit 0.85493535
fit 0.88445103
fit 0.90316945
Total steps: 975
fitness 0.9147705
fitness 0.91869575
fitness 0.9229651
fitness 0.92375267
fitness 0.9239683
fitness 0.9282855
fitness 0.9322176
fitness 0.9327377
Processing individual 277 for 'tabpfn_fhs'...
fit 0.9380497
fit 0.95206344
fit 0.9582532
fit 0.9681602
fit 0.97059625
Total steps: 975
fitness 0.9707296
fitness 0.97084
fitness 0.9757929
fitness 0.97597146
fitness 0.9776169
fitness 0.97784203
fitness 0.9783922
fitness 0.97948563
Processing individual 278 for 'tabpfn_fhs'...
fit 0.7942432
fit 0.81880546
fit 0.85171497
Total steps: 975
fitness 0.8659587
fitness 0.8704025
fitness 0.87163174
fitness 0.8721394
fitness 0.87627
fitness 0.8798456
fitness 0.8825249
fitness 0.8825483
fitness 0.88260615
fitness 0.88688123
Processing individual 279 for 'tabpfn_fhs'...
fit 0.94895536
fit 0.9633437
fit 0.9692805
fit 0.9758265
fit 0.97745275
Total steps: 975
fitness 0.97955143
fitness 0.9814855
fitness 0.9819441
fitness 0.98240477
fitness 0.9827168
fitness 0.98304987
fitness 0.9830609
fitness 0.9832083
fitness 0.9833646
fitness 0.9834497
Processing individual 280 for 'tabpfn_fhs'...
fit 0.7798948
fit 0.80177915
fit 0.83774924
Total steps: 975
fitness 0.85466254
fitness 0.8547998
fitness 0.85608625
fitness 0.8577237
fitness 0.859262
fitness 0.8599399
fitness 0.86417615
fitness 0.86443484
fitness 0.8682618
Processing individual 281 for 'tabpfn_fhs'...
fit 0.79908305
fit 0.8131979
fit 0.837059
fit 0.8607621
fit 0.8823371
Total steps: 975
fitness 0.8945268
fitness 0.898379
fitness 0.90376467
fitness 0.905242
fitness 0.90536493
fitness 0.90798014
fitness 0.9123221
fitness 0.9126691
fitness 0.9135848
Processing individual 282 for 'tabpfn_fhs'...
fit 0.9481112
fit 0.9583212
fit 0.9674767
fit 0.972845
fit 0.9747505
Total steps: 975
fitness 0.9791072
fitness 0.98018044
fitness 0.98037153
fitness 0.98038197
fitness 0.9805648
fitness 0.9811362
fitness 0.98114187
fitness 0.98174
fitness 0.98175794
fitness 0.98177844
fitness 0.9818002
Processing individual 283 for 'tabpfn_fhs'...
fit 0.8202251
fit 0.8607128
fit 0.8630744
fit 0.9070785
fit 0.90903234
Total steps: 975
fitness 0.91506016
fitness 0.91818374
fitness 0.92122614
fitness 0.9231263
fitness 0.9319163
fitness 0.9344074
fitness 0.93537587
fitness 0.9369195
fitness 0.9378656
Processing individual 284 for 'tabpfn_fhs'...
fit 0.6709129
fit 0.6986875
fit 0.72614247
Total steps: 975
fitness 0.7419036
fitness 0.74824494
fitness 0.7504154
fitness 0.7518068
fitness 0.75341994
fitness 0.754948
fitness 0.7562265
fitness 0.75697106
fitness 0.757121
fitness 0.76137084
fitness 0.76165676
Processing individual 285 for 'tabpfn_fhs'...
fit 0.9481112
fit 0.9583212
fit 0.9674767
fit 0.972845
fit 0.9747505
Total steps: 975
fitness 0.9791072
fitness 0.98018044
fitness 0.98037153
fitness 0.98038197
fitness 0.9805648
fitness 0.9811362
fitness 0.98114187
fitness 0.98174
fitness 0.98175794
fitness 0.98177844
fitness 0.9818002
Processing individual 286 for 'tabpfn_fhs'...
fit 0.8122687
fit 0.8660463
fit 0.908753
fit 0.93403655
Total steps: 975
fitness 0.9358798
fitness 0.94431597
fitness 0.9469575
fitness 0.94730705
fitness 0.9474982
fitness 0.9485776
fitness 0.9486813
fitness 0.94869596
fitness 0.94877815
fitness 0.95186555
fitness 0.9540962
fitness 0.95435154
fitness 0.9545605
fitness 0.9548769
fitness 0.95516944
Processing individual 287 for 'tabpfn_fhs'...
fit 0.7267963
fit 0.7942619
fit 0.84446836
fit 0.8851123
Total steps: 975
fitness 0.88656884
fitness 0.88775617
fitness 0.9023136
fitness 0.9083319
fitness 0.9102732
fitness 0.9107479
fitness 0.9111041
fitness 0.9134187
fitness 0.9144237
fitness 0.91761416
fitness 0.9223629
Processing individual 288 for 'tabpfn_fhs'...
fit 0.8980746
fit 0.9152133
fit 0.9237394
fit 0.9443437
fit 0.9495675
Total steps: 975
fitness 0.9516524
fitness 0.95186585
fitness 0.96007156
fitness 0.9610886
fitness 0.96325535
fitness 0.9640598
fitness 0.9649041
fitness 0.9663312
fitness 0.96650696
fitness 0.9666814
fitness 0.96689487
Processing individual 289 for 'tabpfn_fhs'...
fit 0.9432576
fit 0.95421135
fit 0.96413124
fit 0.97042066
fit 0.9725088
Total steps: 975
fitness 0.9727609
fitness 0.9777224
fitness 0.97845477
fitness 0.97912353
fitness 0.97924805
fitness 0.9795195
fitness 0.9798854
fitness 0.98040974
fitness 0.9804872
Processing individual 290 for 'tabpfn_fhs'...
fit 0.56345963
fit 0.6298463
fit 0.7022642
fit 0.7234182
Total steps: 975
fitness 0.733742
fitness 0.74801946
fitness 0.75591683
fitness 0.75715965
fitness 0.7621627
fitness 0.7669827
fitness 0.7697345
fitness 0.77181464
fitness 0.7776894
Processing individual 291 for 'tabpfn_fhs'...
fit 0.78786194
fit 0.806882
fit 0.8445427
Total steps: 975
fitness 0.8595495
fitness 0.8651661
fitness 0.8652694
fitness 0.87054443
fitness 0.8711217
fitness 0.8714587
fitness 0.8727778
fitness 0.87473035
fitness 0.8752723
fitness 0.8778942
Processing individual 292 for 'tabpfn_fhs'...
fit 0.65004075
fit 0.6800895
fit 0.718466
fit 0.78615624
fit 0.8387521
Total steps: 975
fitness 0.85604006
fitness 0.8627014
fitness 0.8649057
fitness 0.86516154
fitness 0.86625224
fitness 0.87273145
fitness 0.8730367
fitness 0.8742627
fitness 0.88228667
Processing individual 293 for 'tabpfn_fhs'...
fit 0.6395613
fit 0.6972332
fit 0.7137443
fit 0.77140373
fit 0.82792246
Total steps: 975
fitness 0.82997584
fitness 0.8486979
fitness 0.8614035
fitness 0.8615347
fitness 0.8684138
fitness 0.86883986
fitness 0.87025535
fitness 0.8746717
Processing individual 294 for 'tabpfn_fhs'...
fit 0.8252755
fit 0.8951334
fit 0.9154146
fit 0.93908674
Total steps: 975
fitness 0.94181585
fitness 0.9498819
fitness 0.95216465
fitness 0.9529466
fitness 0.95298225
fitness 0.95309776
fitness 0.9539776
fitness 0.95649785
fitness 0.9590365
fitness 0.959602
Processing individual 295 for 'tabpfn_fhs'...
fit 0.7207963
fit 0.72539675
fit 0.76638466
Total steps: 975
fitness 0.77270055
fitness 0.77355707
fitness 0.78056234
fitness 0.7810622
fitness 0.7813258
fitness 0.78327906
fitness 0.7842829
fitness 0.7892214
fitness 0.7900548
fitness 0.79148674
fitness 0.79191476
fitness 0.7928831
fitness 0.7933004
fitness 0.7986947
Processing individual 296 for 'tabpfn_fhs'...
fit 0.9275662
fit 0.94260246
fit 0.9490576
fit 0.96181697
fit 0.96510077
Total steps: 975
fitness 0.9654782
fitness 0.965974
fitness 0.9712863
fitness 0.97245634
fitness 0.9732014
fitness 0.9735687
fitness 0.97424
fitness 0.9746518
fitness 0.9749368
fitness 0.9752701
fitness 0.9758432
Processing individual 297 for 'tabpfn_fhs'...
fit 0.7525417
fit 0.8004352
fit 0.8064135
fit 0.85906714
fit 0.90111864
Total steps: 975
fitness 0.91557896
fitness 0.9206817
fitness 0.9216527
fitness 0.9220304
fitness 0.92446625
fitness 0.92660403
fitness 0.93237746
fitness 0.93259865
Processing individual 298 for 'tabpfn_fhs'...
fit 0.8980746
fit 0.9152133
fit 0.9237394
fit 0.9443437
fit 0.9495675
Total steps: 975
fitness 0.9516524
fitness 0.95186585
fitness 0.96007156
fitness 0.9610886
fitness 0.96325535
fitness 0.9640598
fitness 0.9649041
fitness 0.9663312
fitness 0.96650696
fitness 0.9666814
fitness 0.96689487
Processing individual 299 for 'tabpfn_fhs'...
fit 0.8593517
fit 0.87008417
fit 0.8848883
fit 0.9123551
fit 0.9222149
Total steps: 975
fitness 0.9227315
fitness 0.92479837
fitness 0.93849885
fitness 0.9408415
fitness 0.94341236
fitness 0.94380254
fitness 0.94598174
fitness 0.9477785
fitness 0.9514585
fitness 0.9515249
fitness 0.95184636
Processing individual 300 for 'tabpfn_fhs'...
fit 0.9432576
fit 0.95421135
fit 0.96413124
fit 0.97042066
fit 0.9725088
Total steps: 975
fitness 0.9727609
fitness 0.9777224
fitness 0.97845477
fitness 0.97912353
fitness 0.97924805
fitness 0.9795195
fitness 0.9798854
fitness 0.98040974
fitness 0.9804872
Processing individual 301 for 'tabpfn_fhs'...
fit 0.6984113
fit 0.7576367
fit 0.7601042
fit 0.8226913
fit 0.86473006
Total steps: 975
fitness 0.8676957
fitness 0.8853917
fitness 0.8910356
fitness 0.8958541
fitness 0.89654917
fitness 0.8997317
fitness 0.9054773
fitness 0.90548545
fitness 0.9072614
Processing individual 302 for 'tabpfn_fhs'...
fit 0.9275662
fit 0.94260246
fit 0.9490576
fit 0.96181697
fit 0.96510077
Total steps: 975
fitness 0.9654782
fitness 0.965974
fitness 0.9712863
fitness 0.97245634
fitness 0.9732014
fitness 0.9735687
fitness 0.97424
fitness 0.9746518
fitness 0.9749368
fitness 0.9752701
fitness 0.9758432
Processing individual 303 for 'tabpfn_fhs'...
fit 0.8413341
fit 0.85261625
fit 0.86560166
fit 0.8947542
fit 0.90993434
Total steps: 975
fitness 0.9248254
fitness 0.92801297
fitness 0.93241584
fitness 0.9335466
fitness 0.9338682
fitness 0.9367394
fitness 0.9400588
fitness 0.9404007
fitness 0.9411902
Processing individual 304 for 'tabpfn_fhs'...
fit 0.6395613
fit 0.6972332
fit 0.7137443
fit 0.77140373
fit 0.82792246
Total steps: 975
fitness 0.82997584
fitness 0.8486979
fitness 0.8614035
fitness 0.8615347
fitness 0.8684138
fitness 0.86883986
fitness 0.87025535
fitness 0.8746717
Processing individual 305 for 'tabpfn_fhs'...
fit 0.80278236
fit 0.85965836
fit 0.89910436
fit 0.92757446
Total steps: 975
fitness 0.9279629
fitness 0.9378289
fitness 0.9411126
fitness 0.94211274
fitness 0.9422073
fitness 0.9442059
fitness 0.9443954
fitness 0.9448254
fitness 0.94731134
fitness 0.94992423
fitness 0.95007324
fitness 0.9503873
fitness 0.9505889
Processing individual 306 for 'tabpfn_fhs'...
fit 0.91220444
fit 0.9404784
fit 0.94432604
fit 0.9602816
fit 0.96539986
Total steps: 975
fitness 0.9667622
fitness 0.96677625
fitness 0.9713212
fitness 0.9717744
fitness 0.97323775
fitness 0.9732404
fitness 0.97352654
fitness 0.973721
fitness 0.97434795
fitness 0.97442573
fitness 0.97492963
fitness 0.9752938
Processing individual 307 for 'tabpfn_fhs'...
fit 0.91320825
fit 0.9341744
fit 0.9389479
fit 0.95477563
fit 0.958992
Total steps: 975
fitness 0.9602367
fitness 0.96094507
fitness 0.96718115
fitness 0.96787107
fitness 0.9695029
fitness 0.96953756
fitness 0.96970785
fitness 0.9705186
fitness 0.97121763
fitness 0.9720699
fitness 0.9722816
Processing individual 308 for 'tabpfn_fhs'...
fit 0.9668235
fit 0.9727191
fit 0.98061675
fit 0.983277
fit 0.9834271
Total steps: 975
fitness 0.9840877
fitness 0.9842187
fitness 0.98657894
fitness 0.98682517
fitness 0.987289
fitness 0.98734987
fitness 0.9875261
fitness 0.9876669
fitness 0.9878347
fitness 0.9878466
Processing individual 309 for 'tabpfn_fhs'...
fit 0.8593517
fit 0.87008417
fit 0.8848883
fit 0.9123551
fit 0.9222149
Total steps: 975
fitness 0.9227315
fitness 0.92479837
fitness 0.93849885
fitness 0.9408415
fitness 0.94341236
fitness 0.94380254
fitness 0.94598174
fitness 0.9477785
fitness 0.9514585
fitness 0.9515249
fitness 0.95184636
Processing individual 310 for 'tabpfn_fhs'...
fit 0.9481112
fit 0.9583212
fit 0.9674767
fit 0.972845
fit 0.9747505
Total steps: 975
fitness 0.9791072
fitness 0.98018044
fitness 0.98037153
fitness 0.98038197
fitness 0.9805648
fitness 0.9811362
fitness 0.98114187
fitness 0.98174
fitness 0.98175794
fitness 0.98177844
fitness 0.9818002
Processing individual 311 for 'tabpfn_fhs'...
fit 0.9111119
fit 0.9418762
fit 0.9464218
fit 0.9597903
fit 0.96607894
Total steps: 975
fitness 0.97160757
fitness 0.9728964
fitness 0.9738661
fitness 0.9739187
fitness 0.9746009
fitness 0.9748397
fitness 0.9752673
fitness 0.97526765
fitness 0.97531146
fitness 0.9756308
Processing individual 312 for 'tabpfn_fhs'...
fit 0.6984113
fit 0.7576367
fit 0.7601042
fit 0.8226913
fit 0.86473006
Total steps: 975
fitness 0.8676957
fitness 0.8853917
fitness 0.8910356
fitness 0.8958541
fitness 0.89654917
fitness 0.8997317
fitness 0.9054773
fitness 0.90548545
fitness 0.9072614
Processing individual 313 for 'tabpfn_fhs'...
fit 0.7028487
fit 0.7448513
fit 0.7632892
fit 0.8181614
fit 0.85060716
Total steps: 975
fitness 0.85063416
fitness 0.85121703
fitness 0.85395676
fitness 0.8630543
fitness 0.86374515
fitness 0.86671627
fitness 0.8673307
fitness 0.8689508
fitness 0.87097776
fitness 0.87113893
fitness 0.87444794
Processing individual 314 for 'tabpfn_fhs'...
fit 0.7596602
fit 0.81715095
fit 0.8636521
fit 0.90724456
Total steps: 975
fitness 0.90802747
fitness 0.92136234
fitness 0.9257349
fitness 0.926727
fitness 0.92702603
fitness 0.9297446
fitness 0.93016
fitness 0.93220365
fitness 0.9366334
fitness 0.93706834
Processing individual 315 for 'tabpfn_fhs'...
fit 0.59490687
fit 0.60295266
fit 0.67059034
fit 0.7388394
fit 0.7628306
Total steps: 975
fitness 0.7656816
fitness 0.778576
fitness 0.78380615
fitness 0.78804606
fitness 0.79492503
fitness 0.7978316
fitness 0.79874176
fitness 0.8025944
fitness 0.8028597
fitness 0.8136146
Processing individual 316 for 'tabpfn_fhs'...
fit 0.87096447
fit 0.8861143
fit 0.8953802
fit 0.92277056
fit 0.9315035
Total steps: 975
fitness 0.9344536
fitness 0.946014
fitness 0.9481758
fitness 0.9510052
fitness 0.9512121
fitness 0.9519683
fitness 0.9538128
fitness 0.9547899
fitness 0.9575235
fitness 0.95762503
fitness 0.9579332
Processing individual 317 for 'tabpfn_fhs'...
fit 0.84623724
fit 0.8543851
fit 0.8795641
fit 0.90715724
Total steps: 975
fitness 0.90739036
fitness 0.9164365
fitness 0.9164484
fitness 0.9185136
fitness 0.9262945
fitness 0.92744106
fitness 0.928341
fitness 0.9298454
fitness 0.9324592
fitness 0.93302685
fitness 0.93303204
fitness 0.9340321
fitness 0.9346872
fitness 0.9349118
Processing individual 318 for 'tabpfn_fhs'...
fit 0.8213101
fit 0.8309982
fit 0.84960634
fit 0.8789451
fit 0.8971368
Total steps: 975
fitness 0.9099064
fitness 0.91375303
fitness 0.91662383
fitness 0.916824
fitness 0.9170774
fitness 0.9193201
fitness 0.9207847
fitness 0.92245626
fitness 0.92667913
fitness 0.9268525
fitness 0.927939
fitness 0.928395
Processing individual 319 for 'tabpfn_fhs'...
fit 0.7612295
fit 0.82925713
fit 0.873312
fit 0.9127489
Total steps: 975
fitness 0.91416353
fitness 0.9263578
fitness 0.930619
fitness 0.9323061
fitness 0.93353236
fitness 0.93458915
fitness 0.9373602
fitness 0.94149107
Processing individual 320 for 'tabpfn_fhs'...
fit 0.89291143
fit 0.9345853
fit 0.95298547
fit 0.9603089
Total steps: 975
fitness 0.96111274
fitness 0.9620165
fitness 0.9664987
fitness 0.9677124
fitness 0.9700971
fitness 0.970609
fitness 0.97123045
fitness 0.97190356
Processing individual 321 for 'tabpfn_fhs'...
fit 0.88394505
fit 0.9021565
fit 0.909784
fit 0.935237
fit 0.9414197
Total steps: 975
fitness 0.94402844
fitness 0.9523419
fitness 0.9549239
fitness 0.9571078
fitness 0.95829666
fitness 0.9608616
fitness 0.96225727
fitness 0.96225876
fitness 0.962507
Processing individual 322 for 'tabpfn_fhs'...
fit 0.85955966
fit 0.90284944
fit 0.9326081
fit 0.95015407
Total steps: 975
fitness 0.95154196
fitness 0.9586369
fitness 0.9599928
fitness 0.9612413
fitness 0.9616796
fitness 0.9622133
fitness 0.9624741
fitness 0.96397454
fitness 0.9650645
fitness 0.96551913
Processing individual 323 for 'tabpfn_fhs'...
fit 0.6224479
fit 0.6696737
fit 0.69504243
fit 0.7640161
fit 0.8163717
Total steps: 975
fitness 0.8439576
fitness 0.84731644
fitness 0.851867
fitness 0.85843945
fitness 0.86208653
fitness 0.86212784
fitness 0.86516964
fitness 0.86561733
Processing individual 324 for 'tabpfn_fhs'...
fit 0.8888093
fit 0.90339196
fit 0.91866606
fit 0.93843305
Total steps: 975
fitness 0.9389526
fitness 0.9447776
fitness 0.9456942
fitness 0.946772
fitness 0.9506688
fitness 0.95097923
fitness 0.95186096
fitness 0.95272547
fitness 0.9534134
fitness 0.95424986
fitness 0.955449
fitness 0.9559096
fitness 0.9563557
fitness 0.95692545
fitness 0.9571859
fitness 0.9575343
fitness 0.95782554
fitness 0.95839155
fitness 0.9593792
Processing individual 325 for 'tabpfn_fhs'...
fit 0.78063715
fit 0.8500516
fit 0.88524985
fit 0.92135423
Total steps: 975
fitness 0.932732
fitness 0.93626773
fitness 0.9367169
fitness 0.93674105
fitness 0.9370736
fitness 0.93895596
fitness 0.93981147
fitness 0.9427244
fitness 0.94536257
fitness 0.9456274
fitness 0.94571126
Processing individual 326 for 'tabpfn_fhs'...
fit 0.9380271
fit 0.95405173
fit 0.9617755
fit 0.9705534
fit 0.9724033
Total steps: 975
fitness 0.974486
fitness 0.9779469
fitness 0.9780499
fitness 0.9788218
fitness 0.9790344
fitness 0.9794253
fitness 0.9796937
fitness 0.9797395
fitness 0.9797875
fitness 0.9799009
fitness 0.98008174
Processing individual 327 for 'tabpfn_fhs'...
fit 0.75013405
fit 0.75770617
fit 0.79946005
Total steps: 975
fitness 0.8074081
fitness 0.80777526
fitness 0.8191541
fitness 0.8207327
fitness 0.82444274
fitness 0.82714146
fitness 0.82904947
Processing individual 328 for 'tabpfn_fhs'...
fit 0.80528593
fit 0.8208157
fit 0.8406828
fit 0.86804414
fit 0.8885472
Total steps: 975
fitness 0.89922917
fitness 0.9054909
fitness 0.90741175
fitness 0.90758276
fitness 0.9106248
fitness 0.9127225
fitness 0.91304445
fitness 0.91724753
fitness 0.917465
fitness 0.9182793
Processing individual 329 for 'tabpfn_fhs'...
fit 0.89110315
fit 0.91466814
fit 0.9194842
fit 0.93929994
fit 0.9450419
Total steps: 975
fitness 0.9477639
fitness 0.95602447
fitness 0.95797545
fitness 0.9603648
fitness 0.9611558
fitness 0.96246165
fitness 0.96468014
fitness 0.964722
Processing individual 330 for 'tabpfn_fhs'...
fit 0.6851958
fit 0.71834713
fit 0.7453002
fit 0.80432665
fit 0.84960884
Total steps: 975
fitness 0.8515553
fitness 0.8528724
fitness 0.8726885
fitness 0.8777418
fitness 0.880534
fitness 0.8856306
fitness 0.88647085
fitness 0.8932486
fitness 0.89370584
fitness 0.8938035
fitness 0.8951576
fitness 0.89568514
Processing individual 331 for 'tabpfn_fhs'...
fit 0.8413341
fit 0.85261625
fit 0.86560166
fit 0.8947542
fit 0.90993434
Total steps: 975
fitness 0.9248254
fitness 0.92801297
fitness 0.93241584
fitness 0.9335466
fitness 0.9338682
fitness 0.9367394
fitness 0.9400588
fitness 0.9404007
fitness 0.9411902
Processing individual 332 for 'tabpfn_fhs'...
fit 0.6883539
fit 0.73153687
fit 0.75077254
fit 0.811865
fit 0.86350596
Total steps: 975
fitness 0.8790401
fitness 0.88551915
fitness 0.8858438
fitness 0.8872056
fitness 0.887702
fitness 0.8905859
fitness 0.89059097
fitness 0.8943801
fitness 0.89904803
fitness 0.90014726
fitness 0.9004071
Processing individual 333 for 'tabpfn_fhs'...
fit 0.95751894
fit 0.96496314
fit 0.97277915
fit 0.9773608
fit 0.97793096
Total steps: 975
fitness 0.97822237
fitness 0.9786215
fitness 0.98181385
fitness 0.9828391
fitness 0.98297846
fitness 0.9829791
fitness 0.9833164
fitness 0.9837058
fitness 0.9839615
fitness 0.9840762
fitness 0.98432094
Processing individual 334 for 'tabpfn_fhs'...
fit 0.746697
fit 0.7886229
fit 0.7934905
fit 0.84762156
fit 0.89288557
Total steps: 975
fitness 0.8934748
fitness 0.89431816
fitness 0.9095156
fitness 0.9143776
fitness 0.91658664
fitness 0.91689
fitness 0.9187295
fitness 0.91957045
fitness 0.9230634
fitness 0.92681444
fitness 0.9270979
fitness 0.9281447
Processing individual 335 for 'tabpfn_fhs'...
fit 0.85955966
fit 0.90284944
fit 0.9326081
fit 0.95015407
Total steps: 975
fitness 0.95154196
fitness 0.9586369
fitness 0.9599928
fitness 0.9612413
fitness 0.9616796
fitness 0.9622133
fitness 0.9624741
fitness 0.96397454
fitness 0.9650645
fitness 0.96551913
Processing individual 336 for 'tabpfn_fhs'...
fit 0.7352761
fit 0.76144564
fit 0.7978756
Total steps: 975
fitness 0.80758494
fitness 0.8088229
fitness 0.8088777
fitness 0.8106948
fitness 0.8168207
fitness 0.8190984
fitness 0.81910276
fitness 0.8191749
fitness 0.8193382
fitness 0.8230675
Processing individual 337 for 'tabpfn_fhs'...
fit 0.797704
fit 0.8222787
fit 0.85998297
Total steps: 975
fitness 0.87261826
fitness 0.874092
fitness 0.87944865
fitness 0.88077545
fitness 0.88318336
fitness 0.8841064
fitness 0.8845084
fitness 0.8869791
fitness 0.8881198
fitness 0.8889954
fitness 0.891819
Processing individual 338 for 'tabpfn_fhs'...
fit 0.85955966
fit 0.90284944
fit 0.9326081
fit 0.95015407
Total steps: 975
fitness 0.95154196
fitness 0.9586369
fitness 0.9599928
fitness 0.9612413
fitness 0.9616796
fitness 0.9622133
fitness 0.9624741
fitness 0.96397454
fitness 0.9650645
fitness 0.96551913
Processing individual 339 for 'tabpfn_fhs'...
fit 0.9067035
fit 0.92434865
fit 0.9314311
fit 0.94964916
fit 0.9550657
Total steps: 975
fitness 0.95683485
fitness 0.9629775
fitness 0.96456754
fitness 0.9662689
fitness 0.9665916
fitness 0.9671564
fitness 0.96737903
fitness 0.9674286
fitness 0.96853715
fitness 0.96943945
fitness 0.96963114
fitness 0.9699644
Processing individual 340 for 'tabpfn_fhs'...
fit 0.84623724
fit 0.8543851
fit 0.8795641
fit 0.90715724
Total steps: 975
fitness 0.90739036
fitness 0.9164365
fitness 0.9164484
fitness 0.9185136
fitness 0.9262945
fitness 0.92744106
fitness 0.928341
fitness 0.9298454
fitness 0.9324592
fitness 0.93302685
fitness 0.93303204
fitness 0.9340321
fitness 0.9346872
fitness 0.9349118
Processing individual 341 for 'tabpfn_fhs'...
fit 0.9275662
fit 0.94260246
fit 0.9490576
fit 0.96181697
fit 0.96510077
Total steps: 975
fitness 0.9654782
fitness 0.965974
fitness 0.9712863
fitness 0.97245634
fitness 0.9732014
fitness 0.9735687
fitness 0.97424
fitness 0.9746518
fitness 0.9749368
fitness 0.9752701
fitness 0.9758432
Processing individual 342 for 'tabpfn_fhs'...
fit 0.89291143
fit 0.9345853
fit 0.95298547
fit 0.9603089
Total steps: 975
fitness 0.96111274
fitness 0.9620165
fitness 0.9664987
fitness 0.9677124
fitness 0.9700971
fitness 0.970609
fitness 0.97123045
fitness 0.97190356
Processing individual 343 for 'tabpfn_fhs'...
fit 0.9668235
fit 0.9727191
fit 0.98061675
fit 0.983277
fit 0.9834271
Total steps: 975
fitness 0.9840877
fitness 0.9842187
fitness 0.98657894
fitness 0.98682517
fitness 0.987289
fitness 0.98734987
fitness 0.9875261
fitness 0.9876669
fitness 0.9878347
fitness 0.9878466
Processing individual 344 for 'tabpfn_fhs'...
fit 0.73027366
fit 0.7562601
fit 0.7865774
Total steps: 975
fitness 0.78668493
fitness 0.7990514
fitness 0.79945713
fitness 0.8010937
fitness 0.8011632
fitness 0.802457
fitness 0.804444
fitness 0.80473024
fitness 0.8060891
Processing individual 345 for 'tabpfn_fhs'...
fit 0.83491063
fit 0.87662506
fit 0.8842174
fit 0.9200816
Total steps: 975
fitness 0.9302842
fitness 0.9374566
fitness 0.93757653
fitness 0.9377392
fitness 0.9378324
fitness 0.9382988
fitness 0.93929154
fitness 0.9404189
fitness 0.94182837
fitness 0.94321966
fitness 0.9438532
fitness 0.94491625
Processing individual 346 for 'tabpfn_fhs'...
fit 0.87096447
fit 0.8861143
fit 0.8953802
fit 0.92277056
fit 0.9315035
Total steps: 975
fitness 0.9344536
fitness 0.946014
fitness 0.9481758
fitness 0.9510052
fitness 0.9512121
fitness 0.9519683
fitness 0.9538128
fitness 0.9547899
fitness 0.9575235
fitness 0.95762503
fitness 0.9579332
Processing individual 347 for 'tabpfn_fhs'...
fit 0.6886674
fit 0.7009845
fit 0.7319749
Total steps: 975
fitness 0.73948485
fitness 0.74526125
fitness 0.7541175
fitness 0.7544006
fitness 0.7546246
fitness 0.75466186
fitness 0.7547976
fitness 0.7568414
fitness 0.768037
fitness 0.7696177
fitness 0.770307
fitness 0.77407444
Processing individual 348 for 'tabpfn_fhs'...
fit 0.59490687
fit 0.60295266
fit 0.67059034
fit 0.7388394
fit 0.7628306
Total steps: 975
fitness 0.7656816
fitness 0.778576
fitness 0.78380615
fitness 0.78804606
fitness 0.79492503
fitness 0.7978316
fitness 0.79874176
fitness 0.8025944
fitness 0.8028597
fitness 0.8136146
Processing individual 349 for 'tabpfn_fhs'...
fit 0.89886236
fit 0.9199582
fit 0.9383176
fit 0.9516676
Total steps: 975
fitness 0.95243174
fitness 0.9577844
fitness 0.9598036
fitness 0.9600387
fitness 0.9602974
fitness 0.96053505
fitness 0.96070427
fitness 0.9608791
fitness 0.9634305
Processing individual 350 for 'tabpfn_fhs'...
fit 0.88394505
fit 0.9021565
fit 0.909784
fit 0.935237
fit 0.9414197
Total steps: 975
fitness 0.94402844
fitness 0.9523419
fitness 0.9549239
fitness 0.9571078
fitness 0.95829666
fitness 0.9608616
fitness 0.96225727
fitness 0.96225876
fitness 0.962507
Processing individual 351 for 'tabpfn_fhs'...
fit 0.7612295
fit 0.82925713
fit 0.873312
fit 0.9127489
Total steps: 975
fitness 0.91416353
fitness 0.9263578
fitness 0.930619
fitness 0.9323061
fitness 0.93353236
fitness 0.93458915
fitness 0.9373602
fitness 0.94149107
Processing individual 352 for 'tabpfn_fhs'...
fit 0.91320825
fit 0.9341744
fit 0.9389479
fit 0.95477563
fit 0.958992
Total steps: 975
fitness 0.9602367
fitness 0.96094507
fitness 0.96718115
fitness 0.96787107
fitness 0.9695029
fitness 0.96953756
fitness 0.96970785
fitness 0.9705186
fitness 0.97121763
fitness 0.9720699
fitness 0.9722816
Processing individual 353 for 'tabpfn_fhs'...
fit 0.7352761
fit 0.76144564
fit 0.7978756
Total steps: 975
fitness 0.80758494
fitness 0.8088229
fitness 0.8088777
fitness 0.8106948
fitness 0.8168207
fitness 0.8190984
fitness 0.81910276
fitness 0.8191749
fitness 0.8193382
fitness 0.8230675
Processing individual 354 for 'tabpfn_fhs'...
fit 0.8413341
fit 0.85261625
fit 0.86560166
fit 0.8947542
fit 0.90993434
Total steps: 975
fitness 0.9248254
fitness 0.92801297
fitness 0.93241584
fitness 0.9335466
fitness 0.9338682
fitness 0.9367394
fitness 0.9400588
fitness 0.9404007
fitness 0.9411902
Processing individual 355 for 'tabpfn_fhs'...
fit 0.7678645
fit 0.79050016
fit 0.82387275
Total steps: 975
fitness 0.84097636
fitness 0.8415493
fitness 0.843048
fitness 0.8433706
fitness 0.84376574
fitness 0.8444401
fitness 0.8449148
fitness 0.8449907
fitness 0.8477167
fitness 0.85056597
fitness 0.852049
Processing individual 356 for 'tabpfn_fhs'...
fit 0.7028487
fit 0.7448513
fit 0.7632892
fit 0.8181614
fit 0.85060716
Total steps: 975
fitness 0.85063416
fitness 0.85121703
fitness 0.85395676
fitness 0.8630543
fitness 0.86374515
fitness 0.86671627
fitness 0.8673307
fitness 0.8689508
fitness 0.87097776
fitness 0.87113893
fitness 0.87444794
Processing individual 357 for 'tabpfn_fhs'...
fit 0.851945
fit 0.88969654
fit 0.92629254
fit 0.9462867
Total steps: 975
fitness 0.9468931
fitness 0.9546701
fitness 0.95660007
fitness 0.95765024
fitness 0.9576711
fitness 0.95815814
fitness 0.9584505
fitness 0.9591923
fitness 0.9612287
fitness 0.96305335
fitness 0.9632487
fitness 0.96339905
fitness 0.9634875
fitness 0.9635664
Processing individual 358 for 'tabpfn_fhs'...
fit 0.93232787
fit 0.9482945
fit 0.9539791
fit 0.96397465
fit 0.9681384
Total steps: 975
fitness 0.9739593
fitness 0.97505486
fitness 0.97604203
fitness 0.97671616
fitness 0.97677696
fitness 0.97685575
fitness 0.9776045
fitness 0.9778677
Processing individual 359 for 'tabpfn_fhs'...
fit 0.93232787
fit 0.9482945
fit 0.9539791
fit 0.96397465
fit 0.9681384
Total steps: 975
fitness 0.9739593
fitness 0.97505486
fitness 0.97604203
fitness 0.97671616
fitness 0.97677696
fitness 0.97685575
fitness 0.9776045
fitness 0.9778677
Processing individual 360 for 'tabpfn_fhs'...
fit 0.86927503
fit 0.87942374
fit 0.9026709
fit 0.9255808
Total steps: 975
fitness 0.93296075
fitness 0.93297106
fitness 0.9347163
fitness 0.9402344
fitness 0.94027257
fitness 0.94064474
fitness 0.9419662
fitness 0.9424162
fitness 0.94275516
fitness 0.94470865
fitness 0.94531405
fitness 0.9454001
fitness 0.946083
fitness 0.9465858
fitness 0.9468138
fitness 0.94854283
fitness 0.94920343
fitness 0.9505297
fitness 0.95099175
Processing individual 361 for 'tabpfn_fhs'...
fit 0.7596602
fit 0.81715095
fit 0.8636521
fit 0.90724456
Total steps: 975
fitness 0.90802747
fitness 0.92136234
fitness 0.9257349
fitness 0.926727
fitness 0.92702603
fitness 0.9297446
fitness 0.93016
fitness 0.93220365
fitness 0.9366334
fitness 0.93706834
Processing individual 362 for 'tabpfn_fhs'...
fit 0.92847186
fit 0.954129
fit 0.957115
fit 0.96676004
fit 0.97015774
Total steps: 975
fitness 0.97187006
fitness 0.97513473
fitness 0.9755789
fitness 0.9766738
fitness 0.97677046
fitness 0.97699356
fitness 0.9770932
fitness 0.97772014
fitness 0.9777498
fitness 0.9777995
fitness 0.97788143
fitness 0.97817975
Processing individual 363 for 'tabpfn_fhs'...
fit 0.92021763
fit 0.9376594
fit 0.94529116
fit 0.9574318
fit 0.96202046
Total steps: 975
fitness 0.9622514
fitness 0.96250045
fitness 0.96919954
fitness 0.9700511
fitness 0.97136974
fitness 0.97145194
fitness 0.9714531
fitness 0.9719551
fitness 0.97228205
fitness 0.97290903
fitness 0.97291386
fitness 0.9729371
fitness 0.9729396
fitness 0.97301537
Processing individual 364 for 'tabpfn_fhs'...
fit 0.7525417
fit 0.8004352
fit 0.8064135
fit 0.85906714
fit 0.90111864
Total steps: 975
fitness 0.91557896
fitness 0.9206817
fitness 0.9216527
fitness 0.9220304
fitness 0.92446625
fitness 0.92660403
fitness 0.93237746
fitness 0.93259865
Processing individual 365 for 'tabpfn_fhs'...
fit 0.89110315
fit 0.91466814
fit 0.9194842
fit 0.93929994
fit 0.9450419
Total steps: 975
fitness 0.9477639
fitness 0.95602447
fitness 0.95797545
fitness 0.9603648
fitness 0.9611558
fitness 0.96246165
fitness 0.96468014
fitness 0.964722
Processing individual 366 for 'tabpfn_fhs'...
fit 0.7678645
fit 0.79050016
fit 0.82387275
Total steps: 975
fitness 0.84097636
fitness 0.8415493
fitness 0.843048
fitness 0.8433706
fitness 0.84376574
fitness 0.8444401
fitness 0.8449148
fitness 0.8449907
fitness 0.8477167
fitness 0.85056597
fitness 0.852049
Processing individual 367 for 'tabpfn_fhs'...
fit 0.76087195
fit 0.77692145
fit 0.8044142
fit 0.82560974
fit 0.8471422
Total steps: 975
fitness 0.8586018
fitness 0.8650848
fitness 0.8683322
fitness 0.87025994
fitness 0.87051684
fitness 0.8709999
fitness 0.87192404
fitness 0.87416023
fitness 0.87559575
fitness 0.87712276
fitness 0.8775514
fitness 0.8788335
fitness 0.87994635
fitness 0.8815483
Processing individual 368 for 'tabpfn_fhs'...
fit 0.88394505
fit 0.9021565
fit 0.909784
fit 0.935237
fit 0.9414197
Total steps: 975
fitness 0.94402844
fitness 0.9523419
fitness 0.9549239
fitness 0.9571078
fitness 0.95829666
fitness 0.9608616
fitness 0.96225727
fitness 0.96225876
fitness 0.962507
Processing individual 369 for 'tabpfn_fhs'...
fit 0.93232787
fit 0.9482945
fit 0.9539791
fit 0.96397465
fit 0.9681384
Total steps: 975
fitness 0.9739593
fitness 0.97505486
fitness 0.97604203
fitness 0.97671616
fitness 0.97677696
fitness 0.97685575
fitness 0.9776045
fitness 0.9778677
Processing individual 370 for 'tabpfn_fhs'...
fit 0.88028324
fit 0.92759454
fit 0.9463878
fit 0.956452
Total steps: 975
fitness 0.9583139
fitness 0.9641237
fitness 0.965449
fitness 0.96682465
fitness 0.9671514
fitness 0.967257
fitness 0.9683868
fitness 0.9684852
fitness 0.96877027
fitness 0.96894926
fitness 0.96948355
fitness 0.969976
Processing individual 371 for 'tabpfn_fhs'...
fit 0.8252755
fit 0.8951334
fit 0.9154146
fit 0.93908674
Total steps: 975
fitness 0.94181585
fitness 0.9498819
fitness 0.95216465
fitness 0.9529466
fitness 0.95298225
fitness 0.95309776
fitness 0.9539776
fitness 0.95649785
fitness 0.9590365
fitness 0.959602
Processing individual 372 for 'tabpfn_fhs'...
fit 0.8735707
fit 0.90743655
fit 0.91540635
fit 0.94109267
Total steps: 975
fitness 0.9489131
fitness 0.9523174
fitness 0.952369
fitness 0.95266724
fitness 0.9527396
fitness 0.952953
fitness 0.9530097
fitness 0.95308965
fitness 0.9531524
fitness 0.95380014
fitness 0.95429134
fitness 0.9543617
fitness 0.9544182
fitness 0.95459217
fitness 0.95630854
Processing individual 373 for 'tabpfn_fhs'...
fit 0.6984113
fit 0.7576367
fit 0.7601042
fit 0.8226913
fit 0.86473006
Total steps: 975
fitness 0.8676957
fitness 0.8853917
fitness 0.8910356
fitness 0.8958541
fitness 0.89654917
fitness 0.8997317
fitness 0.9054773
fitness 0.90548545
fitness 0.9072614
Processing individual 374 for 'tabpfn_fhs'...
fit 0.92021763
fit 0.9376594
fit 0.94529116
fit 0.9574318
fit 0.96202046
Total steps: 975
fitness 0.9622514
fitness 0.96250045
fitness 0.96919954
fitness 0.9700511
fitness 0.97136974
fitness 0.97145194
fitness 0.9714531
fitness 0.9719551
fitness 0.97228205
fitness 0.97290903
fitness 0.97291386
fitness 0.9729371
fitness 0.9729396
fitness 0.97301537
Processing individual 375 for 'tabpfn_fhs'...
fit 0.84623724
fit 0.8543851
fit 0.8795641
fit 0.90715724
Total steps: 975
fitness 0.90739036
fitness 0.9164365
fitness 0.9164484
fitness 0.9185136
fitness 0.9262945
fitness 0.92744106
fitness 0.928341
fitness 0.9298454
fitness 0.9324592
fitness 0.93302685
fitness 0.93303204
fitness 0.9340321
fitness 0.9346872
fitness 0.9349118
Processing individual 376 for 'tabpfn_fhs'...
fit 0.7464261
fit 0.7737161
fit 0.8027065
Total steps: 975
fitness 0.80316484
fitness 0.817786
fitness 0.8182156
fitness 0.8213369
fitness 0.8221491
fitness 0.8225841
fitness 0.8227036
fitness 0.82321787
fitness 0.82464117
Processing individual 377 for 'tabpfn_fhs'...
fit 0.72042024
fit 0.7617291
fit 0.7753291
fit 0.83254945
fit 0.87933
Total steps: 975
fitness 0.8811565
fitness 0.88173753
fitness 0.8971873
fitness 0.90373945
fitness 0.90523076
fitness 0.9057063
fitness 0.90761715
fitness 0.90793043
fitness 0.9087601
fitness 0.9115527
fitness 0.91641724
fitness 0.91647255
fitness 0.9170143
Processing individual 378 for 'tabpfn_fhs'...
fit 0.7934747
fit 0.8235961
fit 0.84233224
fit 0.888883
fit 0.8954843
Total steps: 975
fitness 0.89817625
fitness 0.89968824
fitness 0.9022794
fitness 0.9024766
fitness 0.90251064
fitness 0.9027876
fitness 0.9032397
fitness 0.90394497
fitness 0.90577954
fitness 0.90818846
Processing individual 379 for 'tabpfn_fhs'...
fit 0.8983645
fit 0.907409
fit 0.9266297
fit 0.94409084
Total steps: 975
fitness 0.94483227
fitness 0.9511492
fitness 0.95116985
fitness 0.9548685
fitness 0.9551932
fitness 0.95543456
fitness 0.9558887
fitness 0.95595026
fitness 0.9560923
fitness 0.95656484
fitness 0.9570514
fitness 0.957598
fitness 0.95793855
fitness 0.9593284
fitness 0.9593516
fitness 0.959433
fitness 0.95975024
fitness 0.9606404
fitness 0.96088475
fitness 0.9610072
fitness 0.9611988
fitness 0.96143
fitness 0.9626334
Processing individual 380 for 'tabpfn_fhs'...
fit 0.9275662
fit 0.94260246
fit 0.9490576
fit 0.96181697
fit 0.96510077
Total steps: 975
fitness 0.9654782
fitness 0.965974
fitness 0.9712863
fitness 0.97245634
fitness 0.9732014
fitness 0.9735687
fitness 0.97424
fitness 0.9746518
fitness 0.9749368
fitness 0.9752701
fitness 0.9758432
Processing individual 381 for 'tabpfn_fhs'...
fit 0.9432576
fit 0.95421135
fit 0.96413124
fit 0.97042066
fit 0.9725088
Total steps: 975
fitness 0.9727609
fitness 0.9777224
fitness 0.97845477
fitness 0.97912353
fitness 0.97924805
fitness 0.9795195
fitness 0.9798854
fitness 0.98040974
fitness 0.9804872
Processing individual 382 for 'tabpfn_fhs'...
fit 0.95285267
fit 0.9635216
fit 0.9700949
fit 0.97529733
fit 0.9759291
Total steps: 975
fitness 0.97635436
fitness 0.9766043
fitness 0.9803549
fitness 0.98099226
fitness 0.98118395
fitness 0.98130244
fitness 0.9813035
fitness 0.98175406
fitness 0.9818205
fitness 0.9819231
fitness 0.98199797
fitness 0.9820101
fitness 0.98232484
fitness 0.98268867
fitness 0.98279965
fitness 0.98286134
Processing individual 383 for 'tabpfn_fhs'...
fit 0.82721496
fit 0.83808005
fit 0.85493535
fit 0.88445103
fit 0.90316945
Total steps: 975
fitness 0.9147705
fitness 0.91869575
fitness 0.9229651
fitness 0.92375267
fitness 0.9239683
fitness 0.9282855
fitness 0.9322176
fitness 0.9327377
Processing individual 384 for 'tabpfn_fhs'...
fit 0.6917547
fit 0.73530155
fit 0.7490356
fit 0.8013215
fit 0.8387664
Total steps: 975
fitness 0.84136456
fitness 0.84554464
fitness 0.85643333
fitness 0.8606509
fitness 0.8611907
fitness 0.86138606
fitness 0.86208016
fitness 0.8631981
fitness 0.8632951
fitness 0.86583143
fitness 0.8675004
Processing individual 385 for 'tabpfn_fhs'...
fit 0.9688321
fit 0.97311133
fit 0.981689
fit 0.98471445
fit 0.98523873
Total steps: 975
fitness 0.98746413
fitness 0.98776686
fitness 0.98815805
fitness 0.9882405
fitness 0.98833895
fitness 0.9884311
fitness 0.98862725
fitness 0.98872447
fitness 0.9888116
fitness 0.98886
Processing individual 386 for 'tabpfn_fhs'...
fit 0.85955966
fit 0.90284944
fit 0.9326081
fit 0.95015407
Total steps: 975
fitness 0.95154196
fitness 0.9586369
fitness 0.9599928
fitness 0.9612413
fitness 0.9616796
fitness 0.9622133
fitness 0.9624741
fitness 0.96397454
fitness 0.9650645
fitness 0.96551913
Processing individual 387 for 'tabpfn_fhs'...
fit 0.8413341
fit 0.85261625
fit 0.86560166
fit 0.8947542
fit 0.90993434
Total steps: 975
fitness 0.9248254
fitness 0.92801297
fitness 0.93241584
fitness 0.9335466
fitness 0.9338682
fitness 0.9367394
fitness 0.9400588
fitness 0.9404007
fitness 0.9411902
Processing individual 388 for 'tabpfn_fhs'...
fit 0.6984113
fit 0.7576367
fit 0.7601042
fit 0.8226913
fit 0.86473006
Total steps: 975
fitness 0.8676957
fitness 0.8853917
fitness 0.8910356
fitness 0.8958541
fitness 0.89654917
fitness 0.8997317
fitness 0.9054773
fitness 0.90548545
fitness 0.9072614
Processing individual 389 for 'tabpfn_fhs'...
fit 0.93232787
fit 0.9482945
fit 0.9539791
fit 0.96397465
fit 0.9681384
Total steps: 975
fitness 0.9739593
fitness 0.97505486
fitness 0.97604203
fitness 0.97671616
fitness 0.97677696
fitness 0.97685575
fitness 0.9776045
fitness 0.9778677
Processing individual 390 for 'tabpfn_fhs'...
fit 0.91320825
fit 0.9341744
fit 0.9389479
fit 0.95477563
fit 0.958992
Total steps: 975
fitness 0.9602367
fitness 0.96094507
fitness 0.96718115
fitness 0.96787107
fitness 0.9695029
fitness 0.96953756
fitness 0.96970785
fitness 0.9705186
fitness 0.97121763
fitness 0.9720699
fitness 0.9722816
Processing individual 391 for 'tabpfn_fhs'...
fit 0.6224479
fit 0.6696737
fit 0.69504243
fit 0.7640161
fit 0.8163717
Total steps: 975
fitness 0.8439576
fitness 0.84731644
fitness 0.851867
fitness 0.85843945
fitness 0.86208653
fitness 0.86212784
fitness 0.86516964
fitness 0.86561733
Processing individual 392 for 'tabpfn_fhs'...
fit 0.8781043
fit 0.88899356
fit 0.9113683
fit 0.9312137
fit 0.93137103
Total steps: 975
fitness 0.93781745
fitness 0.93786836
fitness 0.93818897
fitness 0.93829435
fitness 0.9392703
fitness 0.9398565
fitness 0.94863397
fitness 0.95076036
fitness 0.9538621
fitness 0.9541168
fitness 0.954225
fitness 0.95454055
Processing individual 393 for 'tabpfn_fhs'...
fit 0.92021763
fit 0.9376594
fit 0.94529116
fit 0.9574318
fit 0.96202046
Total steps: 975
fitness 0.9622514
fitness 0.96250045
fitness 0.96919954
fitness 0.9700511
fitness 0.97136974
fitness 0.97145194
fitness 0.9714531
fitness 0.9719551
fitness 0.97228205
fitness 0.97290903
fitness 0.97291386
fitness 0.9729371
fitness 0.9729396
fitness 0.97301537
Processing individual 394 for 'tabpfn_fhs'...
fit 0.86927503
fit 0.87942374
fit 0.9026709
fit 0.9255808
Total steps: 975
fitness 0.93296075
fitness 0.93297106
fitness 0.9347163
fitness 0.9402344
fitness 0.94027257
fitness 0.94064474
fitness 0.9419662
fitness 0.9424162
fitness 0.94275516
fitness 0.94470865
fitness 0.94531405
fitness 0.9454001
fitness 0.946083
fitness 0.9465858
fitness 0.9468138
fitness 0.94854283
fitness 0.94920343
fitness 0.9505297
fitness 0.95099175
Processing individual 395 for 'tabpfn_fhs'...
fit 0.8283067
fit 0.83387613
fit 0.8531666
fit 0.88900155
fit 0.8962922
Total steps: 975
fitness 0.91208816
fitness 0.9166495
fitness 0.91863424
fitness 0.9205906
fitness 0.9218507
fitness 0.92292666
fitness 0.92550033
fitness 0.9256579
fitness 0.926141
fitness 0.927546
Processing individual 396 for 'tabpfn_fhs'...
fit 0.8202251
fit 0.8607128
fit 0.8630744
fit 0.9070785
fit 0.90903234
Total steps: 975
fitness 0.91506016
fitness 0.91818374
fitness 0.92122614
fitness 0.9231263
fitness 0.9319163
fitness 0.9344074
fitness 0.93537587
fitness 0.9369195
fitness 0.9378656
Processing individual 397 for 'tabpfn_fhs'...
fit 0.9481112
fit 0.9583212
fit 0.9674767
fit 0.972845
fit 0.9747505
Total steps: 975
fitness 0.9791072
fitness 0.98018044
fitness 0.98037153
fitness 0.98038197
fitness 0.9805648
fitness 0.9811362
fitness 0.98114187
fitness 0.98174
fitness 0.98175794
fitness 0.98177844
fitness 0.9818002
Processing individual 398 for 'tabpfn_fhs'...
fit 0.85955966
fit 0.90284944
fit 0.9326081
fit 0.95015407
Total steps: 975
fitness 0.95154196
fitness 0.9586369
fitness 0.9599928
fitness 0.9612413
fitness 0.9616796
fitness 0.9622133
fitness 0.9624741
fitness 0.96397454
fitness 0.9650645
fitness 0.96551913
Processing individual 399 for 'tabpfn_fhs'...
fit 0.7352761
fit 0.76144564
fit 0.7978756
Total steps: 975
fitness 0.80758494
fitness 0.8088229
fitness 0.8088777
fitness 0.8106948
fitness 0.8168207
fitness 0.8190984
fitness 0.81910276
fitness 0.8191749
fitness 0.8193382
fitness 0.8230675
Processing individual 400 for 'tabpfn_fhs'...
fit 0.9275662
fit 0.94260246
fit 0.9490576
fit 0.96181697
fit 0.96510077
Total steps: 975
fitness 0.9654782
fitness 0.965974
fitness 0.9712863
fitness 0.97245634
fitness 0.9732014
fitness 0.9735687
fitness 0.97424
fitness 0.9746518
fitness 0.9749368
fitness 0.9752701
fitness 0.9758432
Processing individual 401 for 'tabpfn_fhs'...
fit 0.9606364
fit 0.96838945
fit 0.9760153
fit 0.97951955
fit 0.98046845
Total steps: 975
fitness 0.9805373
fitness 0.9807878
fitness 0.9837805
fitness 0.9841908
fitness 0.98459303
fitness 0.98470885
fitness 0.9847604
fitness 0.98484796
fitness 0.9851203
fitness 0.9854414
fitness 0.9854563
fitness 0.9855002
fitness 0.98553455
Processing individual 402 for 'tabpfn_fhs'...
fit 0.77408916
fit 0.7960612
fit 0.8322755
Total steps: 975
fitness 0.845892
fitness 0.8495975
fitness 0.851169
fitness 0.8518621
fitness 0.8525056
fitness 0.8534291
fitness 0.8539359
fitness 0.8540406
fitness 0.85458547
fitness 0.85622114
fitness 0.85726684
fitness 0.8605842
Processing individual 403 for 'tabpfn_fhs'...
fit 0.84739053
fit 0.8609688
fit 0.8713579
fit 0.9026493
fit 0.9158594
Total steps: 975
fitness 0.9295026
fitness 0.93259805
fitness 0.93524545
fitness 0.9353824
fitness 0.9382317
fitness 0.9406345
fitness 0.944371
fitness 0.94512624
fitness 0.9455403
Processing individual 404 for 'tabpfn_fhs'...
fit 0.9067035
fit 0.92434865
fit 0.9314311
fit 0.94964916
fit 0.9550657
Total steps: 975
fitness 0.95683485
fitness 0.9629775
fitness 0.96456754
fitness 0.9662689
fitness 0.9665916
fitness 0.9671564
fitness 0.96737903
fitness 0.9674286
fitness 0.96853715
fitness 0.96943945
fitness 0.96963114
fitness 0.9699644
Processing individual 405 for 'tabpfn_fhs'...
fit 0.78063715
fit 0.8500516
fit 0.88524985
fit 0.92135423
Total steps: 975
fitness 0.932732
fitness 0.93626773
fitness 0.9367169
fitness 0.93674105
fitness 0.9370736
fitness 0.93895596
fitness 0.93981147
fitness 0.9427244
fitness 0.94536257
fitness 0.9456274
fitness 0.94571126
Processing individual 406 for 'tabpfn_fhs'...
fit 0.95285267
fit 0.9635216
fit 0.9700949
fit 0.97529733
fit 0.9759291
Total steps: 975
fitness 0.97635436
fitness 0.9766043
fitness 0.9803549
fitness 0.98099226
fitness 0.98118395
fitness 0.98130244
fitness 0.9813035
fitness 0.98175406
fitness 0.9818205
fitness 0.9819231
fitness 0.98199797
fitness 0.9820101
fitness 0.98232484
fitness 0.98268867
fitness 0.98279965
fitness 0.98286134
Processing individual 407 for 'tabpfn_fhs'...
fit 0.9606364
fit 0.96838945
fit 0.9760153
fit 0.97951955
fit 0.98046845
Total steps: 975
fitness 0.9805373
fitness 0.9807878
fitness 0.9837805
fitness 0.9841908
fitness 0.98459303
fitness 0.98470885
fitness 0.9847604
fitness 0.98484796
fitness 0.9851203
fitness 0.9854414
fitness 0.9854563
fitness 0.9855002
fitness 0.98553455
Processing individual 408 for 'tabpfn_fhs'...
fit 0.84739053
fit 0.8609688
fit 0.8713579
fit 0.9026493
fit 0.9158594
Total steps: 975
fitness 0.9295026
fitness 0.93259805
fitness 0.93524545
fitness 0.9353824
fitness 0.9382317
fitness 0.9406345
fitness 0.944371
fitness 0.94512624
fitness 0.9455403
Processing individual 409 for 'tabpfn_fhs'...
fit 0.89110315
fit 0.91466814
fit 0.9194842
fit 0.93929994
fit 0.9450419
Total steps: 975
fitness 0.9477639
fitness 0.95602447
fitness 0.95797545
fitness 0.9603648
fitness 0.9611558
fitness 0.96246165
fitness 0.96468014
fitness 0.964722
Processing individual 410 for 'tabpfn_fhs'...
fit 0.85674465
fit 0.873536
fit 0.8899842
fit 0.9147663
Total steps: 975
fitness 0.9164601
fitness 0.92446965
fitness 0.9254486
fitness 0.9275688
fitness 0.93350196
fitness 0.9336995
fitness 0.9340811
fitness 0.9346869
fitness 0.9361365
fitness 0.93698424
fitness 0.9382355
fitness 0.93957895
fitness 0.93961596
fitness 0.9396996
fitness 0.94039524
fitness 0.9422805
fitness 0.9426649
fitness 0.94354403
fitness 0.94450575
fitness 0.9464488
Processing individual 411 for 'tabpfn_fhs'...
fit 0.92847186
fit 0.954129
fit 0.957115
fit 0.96676004
fit 0.97015774
Total steps: 975
fitness 0.97187006
fitness 0.97513473
fitness 0.9755789
fitness 0.9766738
fitness 0.97677046
fitness 0.97699356
fitness 0.9770932
fitness 0.97772014
fitness 0.9777498
fitness 0.9777995
fitness 0.97788143
fitness 0.97817975
Processing individual 412 for 'tabpfn_fhs'...
fit 0.8252755
fit 0.8951334
fit 0.9154146
fit 0.93908674
Total steps: 975
fitness 0.94181585
fitness 0.9498819
fitness 0.95216465
fitness 0.9529466
fitness 0.95298225
fitness 0.95309776
fitness 0.9539776
fitness 0.95649785
fitness 0.9590365
fitness 0.959602
Processing individual 413 for 'tabpfn_fhs'...
fit 0.8735707
fit 0.90743655
fit 0.91540635
fit 0.94109267
Total steps: 975
fitness 0.9489131
fitness 0.9523174
fitness 0.952369
fitness 0.95266724
fitness 0.9527396
fitness 0.952953
fitness 0.9530097
fitness 0.95308965
fitness 0.9531524
fitness 0.95380014
fitness 0.95429134
fitness 0.9543617
fitness 0.9544182
fitness 0.95459217
fitness 0.95630854
Processing individual 414 for 'tabpfn_fhs'...
fit 0.80278236
fit 0.85965836
fit 0.89910436
fit 0.92757446
Total steps: 975
fitness 0.9279629
fitness 0.9378289
fitness 0.9411126
fitness 0.94211274
fitness 0.9422073
fitness 0.9442059
fitness 0.9443954
fitness 0.9448254
fitness 0.94731134
fitness 0.94992423
fitness 0.95007324
fitness 0.9503873
fitness 0.9505889
Processing individual 415 for 'tabpfn_fhs'...
fit 0.9067035
fit 0.92434865
fit 0.9314311
fit 0.94964916
fit 0.9550657
Total steps: 975
fitness 0.95683485
fitness 0.9629775
fitness 0.96456754
fitness 0.9662689
fitness 0.9665916
fitness 0.9671564
fitness 0.96737903
fitness 0.9674286
fitness 0.96853715
fitness 0.96943945
fitness 0.96963114
fitness 0.9699644
Processing individual 416 for 'tabpfn_fhs'...
fit 0.85674465
fit 0.873536
fit 0.8899842
fit 0.9147663
Total steps: 975
fitness 0.9164601
fitness 0.92446965
fitness 0.9254486
fitness 0.9275688
fitness 0.93350196
fitness 0.9336995
fitness 0.9340811
fitness 0.9346869
fitness 0.9361365
fitness 0.93698424
fitness 0.9382355
fitness 0.93957895
fitness 0.93961596
fitness 0.9396996
fitness 0.94039524
fitness 0.9422805
fitness 0.9426649
fitness 0.94354403
fitness 0.94450575
fitness 0.9464488
Processing individual 417 for 'tabpfn_fhs'...
fit 0.9380271
fit 0.95405173
fit 0.9617755
fit 0.9705534
fit 0.9724033
Total steps: 975
fitness 0.974486
fitness 0.9779469
fitness 0.9780499
fitness 0.9788218
fitness 0.9790344
fitness 0.9794253
fitness 0.9796937
fitness 0.9797395
fitness 0.9797875
fitness 0.9799009
fitness 0.98008174
Processing individual 418 for 'tabpfn_fhs'...
fit 0.8202251
fit 0.8607128
fit 0.8630744
fit 0.9070785
fit 0.90903234
Total steps: 975
fitness 0.91506016
fitness 0.91818374
fitness 0.92122614
fitness 0.9231263
fitness 0.9319163
fitness 0.9344074
fitness 0.93537587
fitness 0.9369195
fitness 0.9378656
Processing individual 419 for 'tabpfn_fhs'...
fit 0.7464261
fit 0.7737161
fit 0.8027065
Total steps: 975
fitness 0.80316484
fitness 0.817786
fitness 0.8182156
fitness 0.8213369
fitness 0.8221491
fitness 0.8225841
fitness 0.8227036
fitness 0.82321787
fitness 0.82464117
Processing individual 420 for 'tabpfn_fhs'...
fit 0.7934747
fit 0.8235961
fit 0.84233224
fit 0.888883
fit 0.8954843
Total steps: 975
fitness 0.89817625
fitness 0.89968824
fitness 0.9022794
fitness 0.9024766
fitness 0.90251064
fitness 0.9027876
fitness 0.9032397
fitness 0.90394497
fitness 0.90577954
fitness 0.90818846
Processing individual 421 for 'tabpfn_fhs'...
fit 0.8195929
fit 0.82805204
fit 0.853505
fit 0.8823906
Total steps: 975
fitness 0.8842186
fitness 0.89372766
fitness 0.89382154
fitness 0.8952569
fitness 0.9034072
fitness 0.90428174
fitness 0.9052374
fitness 0.9093118
fitness 0.9097619
fitness 0.91311777
fitness 0.9142876
fitness 0.9148298
Processing individual 422 for 'tabpfn_fhs'...
fit 0.9481112
fit 0.9583212
fit 0.9674767
fit 0.972845
fit 0.9747505
Total steps: 975
fitness 0.9791072
fitness 0.98018044
fitness 0.98037153
fitness 0.98038197
fitness 0.9805648
fitness 0.9811362
fitness 0.98114187
fitness 0.98174
fitness 0.98175794
fitness 0.98177844
fitness 0.9818002
Processing individual 423 for 'tabpfn_fhs'...
fit 0.83517873
fit 0.84718144
fit 0.86032325
fit 0.8895162
fit 0.90692383
Total steps: 975
fitness 0.91955996
fitness 0.92509246
fitness 0.9272753
fitness 0.9294494
fitness 0.9315826
fitness 0.9359307
fitness 0.93600947
fitness 0.9362134
fitness 0.9363359
fitness 0.9364843
fitness 0.9366568
Processing individual 424 for 'tabpfn_fhs'...
fit 0.7798948
fit 0.80177915
fit 0.83774924
Total steps: 975
fitness 0.85466254
fitness 0.8547998
fitness 0.85608625
fitness 0.8577237
fitness 0.859262
fitness 0.8599399
fitness 0.86417615
fitness 0.86443484
fitness 0.8682618
Processing individual 425 for 'tabpfn_fhs'...
fit 0.9067035
fit 0.92434865
fit 0.9314311
fit 0.94964916
fit 0.9550657
Total steps: 975
fitness 0.95683485
fitness 0.9629775
fitness 0.96456754
fitness 0.9662689
fitness 0.9665916
fitness 0.9671564
fitness 0.96737903
fitness 0.9674286
fitness 0.96853715
fitness 0.96943945
fitness 0.96963114
fitness 0.9699644
Processing individual 426 for 'tabpfn_fhs'...
fit 0.91320825
fit 0.9341744
fit 0.9389479
fit 0.95477563
fit 0.958992
Total steps: 975
fitness 0.9602367
fitness 0.96094507
fitness 0.96718115
fitness 0.96787107
fitness 0.9695029
fitness 0.96953756
fitness 0.96970785
fitness 0.9705186
fitness 0.97121763
fitness 0.9720699
fitness 0.9722816
Processing individual 427 for 'tabpfn_fhs'...
fit 0.7352761
fit 0.76144564
fit 0.7978756
Total steps: 975
fitness 0.80758494
fitness 0.8088229
fitness 0.8088777
fitness 0.8106948
fitness 0.8168207
fitness 0.8190984
fitness 0.81910276
fitness 0.8191749
fitness 0.8193382
fitness 0.8230675
Processing individual 428 for 'tabpfn_fhs'...
fit 0.73027366
fit 0.7562601
fit 0.7865774
Total steps: 975
fitness 0.78668493
fitness 0.7990514
fitness 0.79945713
fitness 0.8010937
fitness 0.8011632
fitness 0.802457
fitness 0.804444
fitness 0.80473024
fitness 0.8060891
Processing individual 429 for 'tabpfn_fhs'...
fit 0.73027366
fit 0.7562601
fit 0.7865774
Total steps: 975
fitness 0.78668493
fitness 0.7990514
fitness 0.79945713
fitness 0.8010937
fitness 0.8011632
fitness 0.802457
fitness 0.804444
fitness 0.80473024
fitness 0.8060891
Processing individual 430 for 'tabpfn_fhs'...
fit 0.8675285
fit 0.9174493
fit 0.93991834
fit 0.95254517
Total steps: 975
fitness 0.9556705
fitness 0.96140766
fitness 0.9631139
fitness 0.96372
fitness 0.9639308
fitness 0.96467364
fitness 0.9649548
fitness 0.96550107
fitness 0.9658043
fitness 0.9681618
Processing individual 431 for 'tabpfn_fhs'...
fit 0.7942432
fit 0.81880546
fit 0.85171497
Total steps: 975
fitness 0.8659587
fitness 0.8704025
fitness 0.87163174
fitness 0.8721394
fitness 0.87627
fitness 0.8798456
fitness 0.8825249
fitness 0.8825483
fitness 0.88260615
fitness 0.88688123
Processing individual 432 for 'tabpfn_fhs'...
fit 0.5853628
fit 0.5954178
fit 0.6511022
fit 0.72472465
fit 0.7430581
Total steps: 975
fitness 0.7476697
fitness 0.7621162
fitness 0.7690145
fitness 0.779625
fitness 0.78471035
fitness 0.7857232
fitness 0.7895447
fitness 0.79184157
fitness 0.79714346
Processing individual 433 for 'tabpfn_fhs'...
fit 0.9380271
fit 0.95405173
fit 0.9617755
fit 0.9705534
fit 0.9724033
Total steps: 975
fitness 0.974486
fitness 0.9779469
fitness 0.9780499
fitness 0.9788218
fitness 0.9790344
fitness 0.9794253
fitness 0.9796937
fitness 0.9797395
fitness 0.9797875
fitness 0.9799009
fitness 0.98008174
Processing individual 434 for 'tabpfn_fhs'...
fit 0.8195929
fit 0.82805204
fit 0.853505
fit 0.8823906
Total steps: 975
fitness 0.8842186
fitness 0.89372766
fitness 0.89382154
fitness 0.8952569
fitness 0.9034072
fitness 0.90428174
fitness 0.9052374
fitness 0.9093118
fitness 0.9097619
fitness 0.91311777
fitness 0.9142876
fitness 0.9148298
Processing individual 435 for 'tabpfn_fhs'...
fit 0.73027366
fit 0.7562601
fit 0.7865774
Total steps: 975
fitness 0.78668493
fitness 0.7990514
fitness 0.79945713
fitness 0.8010937
fitness 0.8011632
fitness 0.802457
fitness 0.804444
fitness 0.80473024
fitness 0.8060891
Processing individual 436 for 'tabpfn_fhs'...
fit 0.8127932
fit 0.81628466
fit 0.845933
fit 0.8740381
fit 0.8931992
Total steps: 975
fitness 0.9048571
fitness 0.9092596
fitness 0.9128432
fitness 0.91305894
fitness 0.9131162
fitness 0.9139386
fitness 0.91472423
fitness 0.91744065
fitness 0.9228745
fitness 0.9237881
Processing individual 437 for 'tabpfn_fhs'...
fit 0.84739053
fit 0.8609688
fit 0.8713579
fit 0.9026493
fit 0.9158594
Total steps: 975
fitness 0.9295026
fitness 0.93259805
fitness 0.93524545
fitness 0.9353824
fitness 0.9382317
fitness 0.9406345
fitness 0.944371
fitness 0.94512624
fitness 0.9455403
Processing individual 438 for 'tabpfn_fhs'...
fit 0.9481112
fit 0.9583212
fit 0.9674767
fit 0.972845
fit 0.9747505
Total steps: 975
fitness 0.9791072
fitness 0.98018044
fitness 0.98037153
fitness 0.98038197
fitness 0.9805648
fitness 0.9811362
fitness 0.98114187
fitness 0.98174
fitness 0.98175794
fitness 0.98177844
fitness 0.9818002
Processing individual 439 for 'tabpfn_fhs'...
fit 0.92021763
fit 0.9376594
fit 0.94529116
fit 0.9574318
fit 0.96202046
Total steps: 975
fitness 0.9622514
fitness 0.96250045
fitness 0.96919954
fitness 0.9700511
fitness 0.97136974
fitness 0.97145194
fitness 0.9714531
fitness 0.9719551
fitness 0.97228205
fitness 0.97290903
fitness 0.97291386
fitness 0.9729371
fitness 0.9729396
fitness 0.97301537
Processing individual 440 for 'tabpfn_fhs'...
fit 0.8122687
fit 0.8660463
fit 0.908753
fit 0.93403655
Total steps: 975
fitness 0.9358798
fitness 0.94431597
fitness 0.9469575
fitness 0.94730705
fitness 0.9474982
fitness 0.9485776
fitness 0.9486813
fitness 0.94869596
fitness 0.94877815
fitness 0.95186555
fitness 0.9540962
fitness 0.95435154
fitness 0.9545605
fitness 0.9548769
fitness 0.95516944
Processing individual 441 for 'tabpfn_fhs'...
fit 0.9380497
fit 0.95206344
fit 0.9582532
fit 0.9681602
fit 0.97059625
Total steps: 975
fitness 0.9707296
fitness 0.97084
fitness 0.9757929
fitness 0.97597146
fitness 0.9776169
fitness 0.97784203
fitness 0.9783922
fitness 0.97948563
Processing individual 442 for 'tabpfn_fhs'...
fit 0.8252755
fit 0.8951334
fit 0.9154146
fit 0.93908674
Total steps: 975
fitness 0.94181585
fitness 0.9498819
fitness 0.95216465
fitness 0.9529466
fitness 0.95298225
fitness 0.95309776
fitness 0.9539776
fitness 0.95649785
fitness 0.9590365
fitness 0.959602
Processing individual 443 for 'tabpfn_fhs'...
fit 0.89110315
fit 0.91466814
fit 0.9194842
fit 0.93929994
fit 0.9450419
Total steps: 975
fitness 0.9477639
fitness 0.95602447
fitness 0.95797545
fitness 0.9603648
fitness 0.9611558
fitness 0.96246165
fitness 0.96468014
fitness 0.964722
Processing individual 444 for 'tabpfn_fhs'...
fit 0.89110315
fit 0.91466814
fit 0.9194842
fit 0.93929994
fit 0.9450419
Total steps: 975
fitness 0.9477639
fitness 0.95602447
fitness 0.95797545
fitness 0.9603648
fitness 0.9611558
fitness 0.96246165
fitness 0.96468014
fitness 0.964722
Processing individual 445 for 'tabpfn_fhs'...
fit 0.7525417
fit 0.8004352
fit 0.8064135
fit 0.85906714
fit 0.90111864
Total steps: 975
fitness 0.91557896
fitness 0.9206817
fitness 0.9216527
fitness 0.9220304
fitness 0.92446625
fitness 0.92660403
fitness 0.93237746
fitness 0.93259865
Processing individual 446 for 'tabpfn_fhs'...
fit 0.80528593
fit 0.8208157
fit 0.8406828
fit 0.86804414
fit 0.8885472
Total steps: 975
fitness 0.89922917
fitness 0.9054909
fitness 0.90741175
fitness 0.90758276
fitness 0.9106248
fitness 0.9127225
fitness 0.91304445
fitness 0.91724753
fitness 0.917465
fitness 0.9182793
Processing individual 447 for 'tabpfn_fhs'...
fit 0.8127932
fit 0.81628466
fit 0.845933
fit 0.8740381
fit 0.8931992
Total steps: 975
fitness 0.9048571
fitness 0.9092596
fitness 0.9128432
fitness 0.91305894
fitness 0.9131162
fitness 0.9139386
fitness 0.91472423
fitness 0.91744065
fitness 0.9228745
fitness 0.9237881
Processing individual 448 for 'tabpfn_fhs'...
fit 0.9432576
fit 0.95421135
fit 0.96413124
fit 0.97042066
fit 0.9725088
Total steps: 975
fitness 0.9727609
fitness 0.9777224
fitness 0.97845477
fitness 0.97912353
fitness 0.97924805
fitness 0.9795195
fitness 0.9798854
fitness 0.98040974
fitness 0.9804872
Processing individual 449 for 'tabpfn_fhs'...
fit 0.84739053
fit 0.8609688
fit 0.8713579
fit 0.9026493
fit 0.9158594
Total steps: 975
fitness 0.9295026
fitness 0.93259805
fitness 0.93524545
fitness 0.9353824
fitness 0.9382317
fitness 0.9406345
fitness 0.944371
fitness 0.94512624
fitness 0.9455403
Processing individual 450 for 'tabpfn_fhs'...
fit 0.9380497
fit 0.95206344
fit 0.9582532
fit 0.9681602
fit 0.97059625
Total steps: 975
fitness 0.9707296
fitness 0.97084
fitness 0.9757929
fitness 0.97597146
fitness 0.9776169
fitness 0.97784203
fitness 0.9783922
fitness 0.97948563
Processing individual 451 for 'tabpfn_fhs'...
fit 0.76087195
fit 0.77692145
fit 0.8044142
fit 0.82560974
fit 0.8471422
Total steps: 975
fitness 0.8586018
fitness 0.8650848
fitness 0.8683322
fitness 0.87025994
fitness 0.87051684
fitness 0.8709999
fitness 0.87192404
fitness 0.87416023
fitness 0.87559575
fitness 0.87712276
fitness 0.8775514
fitness 0.8788335
fitness 0.87994635
fitness 0.8815483
Processing individual 452 for 'tabpfn_fhs'...
fit 0.84623724
fit 0.8543851
fit 0.8795641
fit 0.90715724
Total steps: 975
fitness 0.90739036
fitness 0.9164365
fitness 0.9164484
fitness 0.9185136
fitness 0.9262945
fitness 0.92744106
fitness 0.928341
fitness 0.9298454
fitness 0.9324592
fitness 0.93302685
fitness 0.93303204
fitness 0.9340321
fitness 0.9346872
fitness 0.9349118
Processing individual 453 for 'tabpfn_fhs'...
fit 0.9275662
fit 0.94260246
fit 0.9490576
fit 0.96181697
fit 0.96510077
Total steps: 975
fitness 0.9654782
fitness 0.965974
fitness 0.9712863
fitness 0.97245634
fitness 0.9732014
fitness 0.9735687
fitness 0.97424
fitness 0.9746518
fitness 0.9749368
fitness 0.9752701
fitness 0.9758432
Processing individual 454 for 'tabpfn_fhs'...
fit 0.6919038
fit 0.7156878
fit 0.7453954
Total steps: 975
fitness 0.74684596
fitness 0.7566693
fitness 0.764437
fitness 0.76515687
fitness 0.76590824
fitness 0.77002525
fitness 0.7703381
fitness 0.77167356
fitness 0.7732243
fitness 0.7737711
fitness 0.7739424
fitness 0.7747977
fitness 0.77529925
Processing individual 455 for 'tabpfn_fhs'...
fit 0.56345963
fit 0.6298463
fit 0.7022642
fit 0.7234182
Total steps: 975
fitness 0.733742
fitness 0.74801946
fitness 0.75591683
fitness 0.75715965
fitness 0.7621627
fitness 0.7669827
fitness 0.7697345
fitness 0.77181464
fitness 0.7776894
Processing individual 456 for 'tabpfn_fhs'...
fit 0.9481112
fit 0.9583212
fit 0.9674767
fit 0.972845
fit 0.9747505
Total steps: 975
fitness 0.9791072
fitness 0.98018044
fitness 0.98037153
fitness 0.98038197
fitness 0.9805648
fitness 0.9811362
fitness 0.98114187
fitness 0.98174
fitness 0.98175794
fitness 0.98177844
fitness 0.9818002
Processing individual 457 for 'tabpfn_fhs'...
fit 0.91320825
fit 0.9341744
fit 0.9389479
fit 0.95477563
fit 0.958992
Total steps: 975
fitness 0.9602367
fitness 0.96094507
fitness 0.96718115
fitness 0.96787107
fitness 0.9695029
fitness 0.96953756
fitness 0.96970785
fitness 0.9705186
fitness 0.97121763
fitness 0.9720699
fitness 0.9722816
Processing individual 458 for 'tabpfn_fhs'...
fit 0.8980746
fit 0.9152133
fit 0.9237394
fit 0.9443437
fit 0.9495675
Total steps: 975
fitness 0.9516524
fitness 0.95186585
fitness 0.96007156
fitness 0.9610886
fitness 0.96325535
fitness 0.9640598
fitness 0.9649041
fitness 0.9663312
fitness 0.96650696
fitness 0.9666814
fitness 0.96689487
Processing individual 459 for 'tabpfn_fhs'...
fit 0.8345624
fit 0.85204124
fit 0.8722099
fit 0.8974337
Total steps: 975
fitness 0.8998691
fitness 0.9093929
fitness 0.9098217
fitness 0.92022806
fitness 0.92209
fitness 0.92212546
fitness 0.92358077
fitness 0.92580295
fitness 0.927141
fitness 0.9272721
fitness 0.9273033
fitness 0.92735076
fitness 0.92758703
fitness 0.9280658
Processing individual 460 for 'tabpfn_fhs'...
fit 0.72042024
fit 0.7617291
fit 0.7753291
fit 0.83254945
fit 0.87933
Total steps: 975
fitness 0.8811565
fitness 0.88173753
fitness 0.8971873
fitness 0.90373945
fitness 0.90523076
fitness 0.9057063
fitness 0.90761715
fitness 0.90793043
fitness 0.9087601
fitness 0.9115527
fitness 0.91641724
fitness 0.91647255
fitness 0.9170143
Processing individual 461 for 'tabpfn_fhs'...
fit 0.89291143
fit 0.9345853
fit 0.95298547
fit 0.9603089
Total steps: 975
fitness 0.96111274
fitness 0.9620165
fitness 0.9664987
fitness 0.9677124
fitness 0.9700971
fitness 0.970609
fitness 0.97123045
fitness 0.97190356
Processing individual 462 for 'tabpfn_fhs'...
fit 0.8593517
fit 0.87008417
fit 0.8848883
fit 0.9123551
fit 0.9222149
Total steps: 975
fitness 0.9227315
fitness 0.92479837
fitness 0.93849885
fitness 0.9408415
fitness 0.94341236
fitness 0.94380254
fitness 0.94598174
fitness 0.9477785
fitness 0.9514585
fitness 0.9515249
fitness 0.95184636
Processing individual 463 for 'tabpfn_fhs'...
fit 0.8858259
fit 0.91434723
fit 0.9285772
fit 0.94748527
Total steps: 975
fitness 0.9523761
fitness 0.9529811
fitness 0.9563079
fitness 0.9567691
fitness 0.95689857
fitness 0.9570496
fitness 0.9571651
fitness 0.9573037
fitness 0.957541
fitness 0.95992357
Processing individual 464 for 'tabpfn_fhs'...
fit 0.7352761
fit 0.76144564
fit 0.7978756
Total steps: 975
fitness 0.80758494
fitness 0.8088229
fitness 0.8088777
fitness 0.8106948
fitness 0.8168207
fitness 0.8190984
fitness 0.81910276
fitness 0.8191749
fitness 0.8193382
fitness 0.8230675
Processing individual 465 for 'tabpfn_fhs'...
fit 0.6047734
fit 0.67043495
fit 0.6840956
fit 0.7596613
fit 0.80202264
Total steps: 975
fitness 0.8060025
fitness 0.83494115
fitness 0.84430593
fitness 0.845529
fitness 0.84928155
fitness 0.85275507
fitness 0.85608673
Processing individual 466 for 'tabpfn_fhs'...
fit 0.7267963
fit 0.7942619
fit 0.84446836
fit 0.8851123
Total steps: 975
fitness 0.88656884
fitness 0.88775617
fitness 0.9023136
fitness 0.9083319
fitness 0.9102732
fitness 0.9107479
fitness 0.9111041
fitness 0.9134187
fitness 0.9144237
fitness 0.91761416
fitness 0.9223629
Processing individual 467 for 'tabpfn_fhs'...
fit 0.91220444
fit 0.9404784
fit 0.94432604
fit 0.9602816
fit 0.96539986
Total steps: 975
fitness 0.9667622
fitness 0.96677625
fitness 0.9713212
fitness 0.9717744
fitness 0.97323775
fitness 0.9732404
fitness 0.97352654
fitness 0.973721
fitness 0.97434795
fitness 0.97442573
fitness 0.97492963
fitness 0.9752938
Processing individual 468 for 'tabpfn_fhs'...
fit 0.85955966
fit 0.90284944
fit 0.9326081
fit 0.95015407
Total steps: 975
fitness 0.95154196
fitness 0.9586369
fitness 0.9599928
fitness 0.9612413
fitness 0.9616796
fitness 0.9622133
fitness 0.9624741
fitness 0.96397454
fitness 0.9650645
fitness 0.96551913
Processing individual 469 for 'tabpfn_fhs'...
fit 0.89110315
fit 0.91466814
fit 0.9194842
fit 0.93929994
fit 0.9450419
Total steps: 975
fitness 0.9477639
fitness 0.95602447
fitness 0.95797545
fitness 0.9603648
fitness 0.9611558
fitness 0.96246165
fitness 0.96468014
fitness 0.964722
Processing individual 470 for 'tabpfn_fhs'...
fit 0.74936426
fit 0.75347906
fit 0.7856792
fit 0.8087209
fit 0.8288478
Total steps: 975
fitness 0.84480953
fitness 0.8513288
fitness 0.8538895
fitness 0.85485786
fitness 0.8556428
fitness 0.85739744
fitness 0.85820895
fitness 0.8615515
fitness 0.861589
fitness 0.8617141
fitness 0.86235285
fitness 0.86273426
Processing individual 471 for 'tabpfn_fhs'...
fit 0.87925994
fit 0.8923553
fit 0.9015475
fit 0.9292953
fit 0.9349795
Total steps: 975
fitness 0.94227743
fitness 0.9486953
fitness 0.95235366
fitness 0.95447886
fitness 0.9545561
fitness 0.9561991
fitness 0.95761585
fitness 0.95972055
fitness 0.95988965
fitness 0.9602855
Processing individual 472 for 'tabpfn_fhs'...
fit 0.9638549
fit 0.9695841
fit 0.97867537
fit 0.981755
fit 0.9818891
Total steps: 975
fitness 0.98238325
fitness 0.9825168
fitness 0.9852797
fitness 0.9856727
fitness 0.98597866
fitness 0.986066
fitness 0.9862454
fitness 0.9862862
fitness 0.98633814
fitness 0.9863739
fitness 0.9864111
fitness 0.98664194
fitness 0.9866938
fitness 0.9869307
Processing individual 473 for 'tabpfn_fhs'...
fit 0.9481112
fit 0.9583212
fit 0.9674767
fit 0.972845
fit 0.9747505
Total steps: 975
fitness 0.9791072
fitness 0.98018044
fitness 0.98037153
fitness 0.98038197
fitness 0.9805648
fitness 0.9811362
fitness 0.98114187
fitness 0.98174
fitness 0.98175794
fitness 0.98177844
fitness 0.9818002
Processing individual 474 for 'tabpfn_fhs'...
fit 0.7207963
fit 0.72539675
fit 0.76638466
Total steps: 975
fitness 0.77270055
fitness 0.77355707
fitness 0.78056234
fitness 0.7810622
fitness 0.7813258
fitness 0.78327906
fitness 0.7842829
fitness 0.7892214
fitness 0.7900548
fitness 0.79148674
fitness 0.79191476
fitness 0.7928831
fitness 0.7933004
fitness 0.7986947
Processing individual 475 for 'tabpfn_fhs'...
fit 0.66957986
fit 0.7053129
fit 0.73626375
fit 0.78259456
fit 0.82055783
Total steps: 975
fitness 0.8206332
fitness 0.8251264
fitness 0.8333335
fitness 0.8427787
fitness 0.84743047
fitness 0.8487185
fitness 0.84905314
fitness 0.84912896
fitness 0.85024804
fitness 0.8513848
fitness 0.85312766
fitness 0.85345936
fitness 0.8548001
fitness 0.85838264
Processing individual 476 for 'tabpfn_fhs'...
fit 0.9380497
fit 0.95206344
fit 0.9582532
fit 0.9681602
fit 0.97059625
Total steps: 975
fitness 0.9707296
fitness 0.97084
fitness 0.9757929
fitness 0.97597146
fitness 0.9776169
fitness 0.97784203
fitness 0.9783922
fitness 0.97948563
Processing individual 477 for 'tabpfn_fhs'...
fit 0.9275662
fit 0.94260246
fit 0.9490576
fit 0.96181697
fit 0.96510077
Total steps: 975
fitness 0.9654782
fitness 0.965974
fitness 0.9712863
fitness 0.97245634
fitness 0.9732014
fitness 0.9735687
fitness 0.97424
fitness 0.9746518
fitness 0.9749368
fitness 0.9752701
fitness 0.9758432
Processing individual 478 for 'tabpfn_fhs'...
fit 0.9067035
fit 0.92434865
fit 0.9314311
fit 0.94964916
fit 0.9550657
Total steps: 975
fitness 0.95683485
fitness 0.9629775
fitness 0.96456754
fitness 0.9662689
fitness 0.9665916
fitness 0.9671564
fitness 0.96737903
fitness 0.9674286
fitness 0.96853715
fitness 0.96943945
fitness 0.96963114
fitness 0.9699644
Processing individual 479 for 'tabpfn_fhs'...
fit 0.8195929
fit 0.82805204
fit 0.853505
fit 0.8823906
Total steps: 975
fitness 0.8842186
fitness 0.89372766
fitness 0.89382154
fitness 0.8952569
fitness 0.9034072
fitness 0.90428174
fitness 0.9052374
fitness 0.9093118
fitness 0.9097619
fitness 0.91311777
fitness 0.9142876
fitness 0.9148298
Processing individual 480 for 'tabpfn_fhs'...
fit 0.8735707
fit 0.90743655
fit 0.91540635
fit 0.94109267
Total steps: 975
fitness 0.9489131
fitness 0.9523174
fitness 0.952369
fitness 0.95266724
fitness 0.9527396
fitness 0.952953
fitness 0.9530097
fitness 0.95308965
fitness 0.9531524
fitness 0.95380014
fitness 0.95429134
fitness 0.9543617
fitness 0.9544182
fitness 0.95459217
fitness 0.95630854
Processing individual 481 for 'tabpfn_fhs'...
fit 0.6778027
fit 0.7164905
fit 0.73908895
fit 0.7926212
fit 0.8329972
Total steps: 975
fitness 0.8369933
fitness 0.8485644
fitness 0.85014534
fitness 0.853536
fitness 0.85489476
fitness 0.8574728
fitness 0.8584156
fitness 0.85891306
fitness 0.85954237
fitness 0.85993564
fitness 0.8632287
Processing individual 482 for 'tabpfn_fhs'...
fit 0.7106939
fit 0.74269855
fit 0.76977444
Total steps: 975
fitness 0.7804385
fitness 0.78334814
fitness 0.7842675
fitness 0.7845311
fitness 0.7883934
fitness 0.79174316
fitness 0.7918794
fitness 0.7921887
fitness 0.79222155
Processing individual 483 for 'tabpfn_fhs'...
fit 0.7864122
fit 0.7968059
fit 0.82417697
fit 0.84781045
fit 0.8705793
Total steps: 975
fitness 0.8825393
fitness 0.8881761
fitness 0.89221644
fitness 0.8925005
fitness 0.8932394
fitness 0.89517725
fitness 0.896081
fitness 0.9006247
fitness 0.9012892
fitness 0.9013206
Processing individual 484 for 'tabpfn_fhs'...
fit 0.87096447
fit 0.8861143
fit 0.8953802
fit 0.92277056
fit 0.9315035
Total steps: 975
fitness 0.9344536
fitness 0.946014
fitness 0.9481758
fitness 0.9510052
fitness 0.9512121
fitness 0.9519683
fitness 0.9538128
fitness 0.9547899
fitness 0.9575235
fitness 0.95762503
fitness 0.9579332
Processing individual 485 for 'tabpfn_fhs'...
fit 0.77408916
fit 0.7960612
fit 0.8322755
Total steps: 975
fitness 0.845892
fitness 0.8495975
fitness 0.851169
fitness 0.8518621
fitness 0.8525056
fitness 0.8534291
fitness 0.8539359
fitness 0.8540406
fitness 0.85458547
fitness 0.85622114
fitness 0.85726684
fitness 0.8605842
Processing individual 486 for 'tabpfn_fhs'...
fit 0.72042024
fit 0.7617291
fit 0.7753291
fit 0.83254945
fit 0.87933
Total steps: 975
fitness 0.8811565
fitness 0.88173753
fitness 0.8971873
fitness 0.90373945
fitness 0.90523076
fitness 0.9057063
fitness 0.90761715
fitness 0.90793043
fitness 0.9087601
fitness 0.9115527
fitness 0.91641724
fitness 0.91647255
fitness 0.9170143
Processing individual 487 for 'tabpfn_fhs'...
fit 0.8077582
fit 0.83030415
fit 0.86675835
Total steps: 975
fitness 0.8805041
fitness 0.88161075
fitness 0.8882656
fitness 0.88832194
fitness 0.8883355
fitness 0.8943471
fitness 0.8951204
fitness 0.8977694
fitness 0.89829654
fitness 0.89853424
fitness 0.901517
Processing individual 488 for 'tabpfn_fhs'...
fit 0.93232787
fit 0.9482945
fit 0.9539791
fit 0.96397465
fit 0.9681384
Total steps: 975
fitness 0.9739593
fitness 0.97505486
fitness 0.97604203
fitness 0.97671616
fitness 0.97677696
fitness 0.97685575
fitness 0.9776045
fitness 0.9778677
Processing individual 489 for 'tabpfn_fhs'...
fit 0.88394505
fit 0.9021565
fit 0.909784
fit 0.935237
fit 0.9414197
Total steps: 975
fitness 0.94402844
fitness 0.9523419
fitness 0.9549239
fitness 0.9571078
fitness 0.95829666
fitness 0.9608616
fitness 0.96225727
fitness 0.96225876
fitness 0.962507
Processing individual 490 for 'tabpfn_fhs'...
fit 0.7809013
fit 0.7849335
fit 0.816581
fit 0.838989
fit 0.86311257
Total steps: 975
fitness 0.8754773
fitness 0.87985086
fitness 0.8847934
fitness 0.8865297
fitness 0.8874755
fitness 0.8876007
fitness 0.8905025
fitness 0.8923031
fitness 0.89254016
fitness 0.89258635
Processing individual 491 for 'tabpfn_fhs'...
fit 0.61276686
fit 0.6475985
fit 0.67808634
fit 0.7579492
fit 0.7991115
Total steps: 975
fitness 0.8193736
fitness 0.8346166
fitness 0.83588386
fitness 0.8370918
fitness 0.838873
fitness 0.8420928
fitness 0.84403116
fitness 0.84643865
fitness 0.84701395
fitness 0.84743917
Processing individual 492 for 'tabpfn_fhs'...
fit 0.8654835
fit 0.87783945
fit 0.8892132
fit 0.91979724
fit 0.9261971
Total steps: 975
fitness 0.9288552
fitness 0.9431303
fitness 0.9450573
fitness 0.9473623
fitness 0.9477612
fitness 0.94822335
fitness 0.9496925
fitness 0.9515785
fitness 0.9545867
fitness 0.9553
fitness 0.95542514
Processing individual 493 for 'tabpfn_fhs'...
fit 0.81213415
fit 0.819147
fit 0.8417618
fit 0.8747985
Total steps: 975
fitness 0.8893378
fitness 0.8943646
fitness 0.8958928
fitness 0.8966112
fitness 0.896639
fitness 0.8969276
fitness 0.9013355
fitness 0.9020439
fitness 0.9029038
fitness 0.9029043
fitness 0.90409225
fitness 0.90423155
fitness 0.90691406
Processing individual 494 for 'tabpfn_fhs'...
fit 0.84739053
fit 0.8609688
fit 0.8713579
fit 0.9026493
fit 0.9158594
Total steps: 975
fitness 0.9295026
fitness 0.93259805
fitness 0.93524545
fitness 0.9353824
fitness 0.9382317
fitness 0.9406345
fitness 0.944371
fitness 0.94512624
fitness 0.9455403
Processing individual 495 for 'tabpfn_fhs'...
fit 0.71039337
fit 0.7328855
fit 0.7621631
Total steps: 975
fitness 0.76225984
fitness 0.77268595
fitness 0.7777227
fitness 0.7810465
fitness 0.7827218
fitness 0.7830394
fitness 0.7835611
fitness 0.785534
fitness 0.78617465
fitness 0.78809065
fitness 0.78932023
Processing individual 496 for 'tabpfn_fhs'...
fit 0.93232787
fit 0.9482945
fit 0.9539791
fit 0.96397465
fit 0.9681384
Total steps: 975
fitness 0.9739593
fitness 0.97505486
fitness 0.97604203
fitness 0.97671616
fitness 0.97677696
fitness 0.97685575
fitness 0.9776045
fitness 0.9778677
Processing individual 497 for 'tabpfn_fhs'...
fit 0.7934747
fit 0.8235961
fit 0.84233224
fit 0.888883
fit 0.8954843
Total steps: 975
fitness 0.89817625
fitness 0.89968824
fitness 0.9022794
fitness 0.9024766
fitness 0.90251064
fitness 0.9027876
fitness 0.9032397
fitness 0.90394497
fitness 0.90577954
fitness 0.90818846
Processing individual 498 for 'tabpfn_fhs'...
fit 0.9041784
fit 0.9388333
fit 0.95656514
fit 0.962828
Total steps: 975
fitness 0.9644401
fitness 0.9691479
fitness 0.96994525
fitness 0.9712172
fitness 0.9712467
fitness 0.9715481
fitness 0.9722568
fitness 0.97292626
fitness 0.9733736
fitness 0.9735518
Processing individual 499 for 'tabpfn_fhs'...
fit 0.8413341
fit 0.85261625
fit 0.86560166
fit 0.8947542
fit 0.90993434
Total steps: 975
fitness 0.9248254
fitness 0.92801297
fitness 0.93241584
fitness 0.9335466
fitness 0.9338682
fitness 0.9367394
fitness 0.9400588
fitness 0.9404007
fitness 0.9411902
Processing individual 500 for 'tabpfn_fhs'...
fit 0.8980746
fit 0.9152133
fit 0.9237394
fit 0.9443437
fit 0.9495675
Total steps: 975
fitness 0.9516524
fitness 0.95186585
fitness 0.96007156
fitness 0.9610886
fitness 0.96325535
fitness 0.9640598
fitness 0.9649041
fitness 0.9663312
fitness 0.96650696
fitness 0.9666814
fitness 0.96689487
Processing individual 501 for 'tabpfn_fhs'...
fit 0.8252755
fit 0.8951334
fit 0.9154146
fit 0.93908674
Total steps: 975
fitness 0.94181585
fitness 0.9498819
fitness 0.95216465
fitness 0.9529466
fitness 0.95298225
fitness 0.95309776
fitness 0.9539776
fitness 0.95649785
fitness 0.9590365
fitness 0.959602
Processing individual 502 for 'tabpfn_fhs'...
fit 0.82721496
fit 0.83808005
fit 0.85493535
fit 0.88445103
fit 0.90316945
Total steps: 975
fitness 0.9147705
fitness 0.91869575
fitness 0.9229651
fitness 0.92375267
fitness 0.9239683
fitness 0.9282855
fitness 0.9322176
fitness 0.9327377
Processing individual 503 for 'tabpfn_fhs'...
fit 0.9481112
fit 0.9583212
fit 0.9674767
fit 0.972845
fit 0.9747505
Total steps: 975
fitness 0.9791072
fitness 0.98018044
fitness 0.98037153
fitness 0.98038197
fitness 0.9805648
fitness 0.9811362
fitness 0.98114187
fitness 0.98174
fitness 0.98175794
fitness 0.98177844
fitness 0.9818002
Processing individual 504 for 'tabpfn_fhs'...
fit 0.89291143
fit 0.9345853
fit 0.95298547
fit 0.9603089
Total steps: 975
fitness 0.96111274
fitness 0.9620165
fitness 0.9664987
fitness 0.9677124
fitness 0.9700971
fitness 0.970609
fitness 0.97123045
fitness 0.97190356
Processing individual 505 for 'tabpfn_fhs'...
fit 0.9067035
fit 0.92434865
fit 0.9314311
fit 0.94964916
fit 0.9550657
Total steps: 975
fitness 0.95683485
fitness 0.9629775
fitness 0.96456754
fitness 0.9662689
fitness 0.9665916
fitness 0.9671564
fitness 0.96737903
fitness 0.9674286
fitness 0.96853715
fitness 0.96943945
fitness 0.96963114
fitness 0.9699644
Processing individual 506 for 'tabpfn_fhs'...
fit 0.8518986
fit 0.8635789
fit 0.87810355
fit 0.90578353
fit 0.9188018
Total steps: 975
fitness 0.9188397
fitness 0.91910934
fitness 0.9336839
fitness 0.93727654
fitness 0.9396066
fitness 0.9421953
fitness 0.9425307
fitness 0.9456736
fitness 0.9491043
fitness 0.94939953
fitness 0.9497658
Processing individual 507 for 'tabpfn_fhs'...
fit 0.84739053
fit 0.8609688
fit 0.8713579
fit 0.9026493
fit 0.9158594
Total steps: 975
fitness 0.9295026
fitness 0.93259805
fitness 0.93524545
fitness 0.9353824
fitness 0.9382317
fitness 0.9406345
fitness 0.944371
fitness 0.94512624
fitness 0.9455403
Processing individual 508 for 'tabpfn_fhs'...
fit 0.87096447
fit 0.8861143
fit 0.8953802
fit 0.92277056
fit 0.9315035
Total steps: 975
fitness 0.9344536
fitness 0.946014
fitness 0.9481758
fitness 0.9510052
fitness 0.9512121
fitness 0.9519683
fitness 0.9538128
fitness 0.9547899
fitness 0.9575235
fitness 0.95762503
fitness 0.9579332
Processing individual 509 for 'tabpfn_fhs'...
fit 0.6984113
fit 0.7576367
fit 0.7601042
fit 0.8226913
fit 0.86473006
Total steps: 975
fitness 0.8676957
fitness 0.8853917
fitness 0.8910356
fitness 0.8958541
fitness 0.89654917
fitness 0.8997317
fitness 0.9054773
fitness 0.90548545
fitness 0.9072614
Processing individual 510 for 'tabpfn_fhs'...
fit 0.8122687
fit 0.8660463
fit 0.908753
fit 0.93403655
Total steps: 975
fitness 0.9358798
fitness 0.94431597
fitness 0.9469575
fitness 0.94730705
fitness 0.9474982
fitness 0.9485776
fitness 0.9486813
fitness 0.94869596
fitness 0.94877815
fitness 0.95186555
fitness 0.9540962
fitness 0.95435154
fitness 0.9545605
fitness 0.9548769
fitness 0.95516944
Processing individual 511 for 'tabpfn_fhs'...
fit 0.9380497
fit 0.95206344
fit 0.9582532
fit 0.9681602
fit 0.97059625
Total steps: 975
fitness 0.9707296
fitness 0.97084
fitness 0.9757929
fitness 0.97597146
fitness 0.9776169
fitness 0.97784203
fitness 0.9783922
fitness 0.97948563
Processing individual 512 for 'tabpfn_fhs'...
fit 0.7205915
fit 0.74797815
fit 0.7787803
Total steps: 975
fitness 0.78957397
fitness 0.7923597
fitness 0.7924614
fitness 0.7925911
fitness 0.7944268
fitness 0.7950295
fitness 0.79606223
fitness 0.7966794
fitness 0.79744595
fitness 0.79931796
fitness 0.8008266
fitness 0.80311
Processing individual 513 for 'tabpfn_fhs'...
fit 0.6275766
fit 0.6289537
fit 0.6867853
fit 0.75173336
fit 0.7813887
Total steps: 975
fitness 0.79237646
fitness 0.8033806
fitness 0.808666
fitness 0.8117396
fitness 0.813813
fitness 0.8169196
fitness 0.8244729
fitness 0.82618123
Processing individual 514 for 'tabpfn_fhs'...
fit 0.95751894
fit 0.96496314
fit 0.97277915
fit 0.9773608
fit 0.97793096
Total steps: 975
fitness 0.97822237
fitness 0.9786215
fitness 0.98181385
fitness 0.9828391
fitness 0.98297846
fitness 0.9829791
fitness 0.9833164
fitness 0.9837058
fitness 0.9839615
fitness 0.9840762
fitness 0.98432094
Processing individual 515 for 'tabpfn_fhs'...
fit 0.89291143
fit 0.9345853
fit 0.95298547
fit 0.9603089
Total steps: 975
fitness 0.96111274
fitness 0.9620165
fitness 0.9664987
fitness 0.9677124
fitness 0.9700971
fitness 0.970609
fitness 0.97123045
fitness 0.97190356
Processing individual 516 for 'tabpfn_fhs'...
fit 0.84739053
fit 0.8609688
fit 0.8713579
fit 0.9026493
fit 0.9158594
Total steps: 975
fitness 0.9295026
fitness 0.93259805
fitness 0.93524545
fitness 0.9353824
fitness 0.9382317
fitness 0.9406345
fitness 0.944371
fitness 0.94512624
fitness 0.9455403
Processing individual 517 for 'tabpfn_fhs'...
fit 0.83517873
fit 0.84718144
fit 0.86032325
fit 0.8895162
fit 0.90692383
Total steps: 975
fitness 0.91955996
fitness 0.92509246
fitness 0.9272753
fitness 0.9294494
fitness 0.9315826
fitness 0.9359307
fitness 0.93600947
fitness 0.9362134
fitness 0.9363359
fitness 0.9364843
fitness 0.9366568
Processing individual 518 for 'tabpfn_fhs'...
fit 0.89291143
fit 0.9345853
fit 0.95298547
fit 0.9603089
Total steps: 975
fitness 0.96111274
fitness 0.9620165
fitness 0.9664987
fitness 0.9677124
fitness 0.9700971
fitness 0.970609
fitness 0.97123045
fitness 0.97190356
Processing individual 519 for 'tabpfn_fhs'...
fit 0.80278236
fit 0.85965836
fit 0.89910436
fit 0.92757446
Total steps: 975
fitness 0.9279629
fitness 0.9378289
fitness 0.9411126
fitness 0.94211274
fitness 0.9422073
fitness 0.9442059
fitness 0.9443954
fitness 0.9448254
fitness 0.94731134
fitness 0.94992423
fitness 0.95007324
fitness 0.9503873
fitness 0.9505889
Processing individual 520 for 'tabpfn_fhs'...
fit 0.7798948
fit 0.80177915
fit 0.83774924
Total steps: 975
fitness 0.85466254
fitness 0.8547998
fitness 0.85608625
fitness 0.8577237
fitness 0.859262
fitness 0.8599399
fitness 0.86417615
fitness 0.86443484
fitness 0.8682618
Processing individual 521 for 'tabpfn_fhs'...
fit 0.78786194
fit 0.806882
fit 0.8445427
Total steps: 975
fitness 0.8595495
fitness 0.8651661
fitness 0.8652694
fitness 0.87054443
fitness 0.8711217
fitness 0.8714587
fitness 0.8727778
fitness 0.87473035
fitness 0.8752723
fitness 0.8778942
Processing individual 522 for 'tabpfn_fhs'...
fit 0.7929958
fit 0.8150042
fit 0.84994364
fit 0.8619573
Total steps: 975
fitness 0.8791423
fitness 0.88761824
fitness 0.8901686
fitness 0.8958422
fitness 0.8960279
fitness 0.89623475
fitness 0.8989901
fitness 0.90077424
Processing individual 523 for 'tabpfn_fhs'...
fit 0.797704
fit 0.8222787
fit 0.85998297
Total steps: 975
fitness 0.87261826
fitness 0.874092
fitness 0.87944865
fitness 0.88077545
fitness 0.88318336
fitness 0.8841064
fitness 0.8845084
fitness 0.8869791
fitness 0.8881198
fitness 0.8889954
fitness 0.891819
Processing individual 524 for 'tabpfn_fhs'...
fit 0.9380497
fit 0.95206344
fit 0.9582532
fit 0.9681602
fit 0.97059625
Total steps: 975
fitness 0.9707296
fitness 0.97084
fitness 0.9757929
fitness 0.97597146
fitness 0.9776169
fitness 0.97784203
fitness 0.9783922
fitness 0.97948563
Processing individual 525 for 'tabpfn_fhs'...
fit 0.8675285
fit 0.9174493
fit 0.93991834
fit 0.95254517
Total steps: 975
fitness 0.9556705
fitness 0.96140766
fitness 0.9631139
fitness 0.96372
fitness 0.9639308
fitness 0.96467364
fitness 0.9649548
fitness 0.96550107
fitness 0.9658043
fitness 0.9681618
Processing individual 526 for 'tabpfn_fhs'...
fit 0.9067035
fit 0.92434865
fit 0.9314311
fit 0.94964916
fit 0.9550657
Total steps: 975
fitness 0.95683485
fitness 0.9629775
fitness 0.96456754
fitness 0.9662689
fitness 0.9665916
fitness 0.9671564
fitness 0.96737903
fitness 0.9674286
fitness 0.96853715
fitness 0.96943945
fitness 0.96963114
fitness 0.9699644
Processing individual 527 for 'tabpfn_fhs'...
fit 0.4966187
fit 0.5647085
fit 0.6557563
Total steps: 975
fitness 0.6645746
fitness 0.67196774
fitness 0.6728808
fitness 0.6797321
fitness 0.6856353
fitness 0.6885419
fitness 0.7031516
fitness 0.7041562
fitness 0.7043908
fitness 0.7186091
fitness 0.71962464
Processing individual 528 for 'tabpfn_fhs'...
fit 0.8858259
fit 0.91434723
fit 0.9285772
fit 0.94748527
Total steps: 975
fitness 0.9523761
fitness 0.9529811
fitness 0.9563079
fitness 0.9567691
fitness 0.95689857
fitness 0.9570496
fitness 0.9571651
fitness 0.9573037
fitness 0.957541
fitness 0.95992357
Processing individual 529 for 'tabpfn_fhs'...
fit 0.93232787
fit 0.9482945
fit 0.9539791
fit 0.96397465
fit 0.9681384
Total steps: 975
fitness 0.9739593
fitness 0.97505486
fitness 0.97604203
fitness 0.97671616
fitness 0.97677696
fitness 0.97685575
fitness 0.9776045
fitness 0.9778677
Processing individual 530 for 'tabpfn_fhs'...
fit 0.91320825
fit 0.9341744
fit 0.9389479
fit 0.95477563
fit 0.958992
Total steps: 975
fitness 0.9602367
fitness 0.96094507
fitness 0.96718115
fitness 0.96787107
fitness 0.9695029
fitness 0.96953756
fitness 0.96970785
fitness 0.9705186
fitness 0.97121763
fitness 0.9720699
fitness 0.9722816
Processing individual 531 for 'tabpfn_fhs'...
fit 0.7106939
fit 0.74269855
fit 0.76977444
Total steps: 975
fitness 0.7804385
fitness 0.78334814
fitness 0.7842675
fitness 0.7845311
fitness 0.7883934
fitness 0.79174316
fitness 0.7918794
fitness 0.7921887
fitness 0.79222155
Processing individual 532 for 'tabpfn_fhs'...
fit 0.6604754
fit 0.70234543
fit 0.73229194
fit 0.79393715
fit 0.8382053
Total steps: 975
fitness 0.83919466
fitness 0.84172815
fitness 0.8624027
fitness 0.865897
fitness 0.8703671
fitness 0.8705748
fitness 0.8708309
fitness 0.87385386
fitness 0.8749462
fitness 0.8827015
fitness 0.8827988
Processing individual 533 for 'tabpfn_fhs'...
fit 0.9380497
fit 0.95206344
fit 0.9582532
fit 0.9681602
fit 0.97059625
Total steps: 975
fitness 0.9707296
fitness 0.97084
fitness 0.9757929
fitness 0.97597146
fitness 0.9776169
fitness 0.97784203
fitness 0.9783922
fitness 0.97948563
Processing individual 534 for 'tabpfn_fhs'...
fit 0.9481112
fit 0.9583212
fit 0.9674767
fit 0.972845
fit 0.9747505
Total steps: 975
fitness 0.9791072
fitness 0.98018044
fitness 0.98037153
fitness 0.98038197
fitness 0.9805648
fitness 0.9811362
fitness 0.98114187
fitness 0.98174
fitness 0.98175794
fitness 0.98177844
fitness 0.9818002
Processing individual 535 for 'tabpfn_fhs'...
fit 0.87096447
fit 0.8861143
fit 0.8953802
fit 0.92277056
fit 0.9315035
Total steps: 975
fitness 0.9344536
fitness 0.946014
fitness 0.9481758
fitness 0.9510052
fitness 0.9512121
fitness 0.9519683
fitness 0.9538128
fitness 0.9547899
fitness 0.9575235
fitness 0.95762503
fitness 0.9579332
Processing individual 536 for 'tabpfn_fhs'...
fit 0.9668235
fit 0.9727191
fit 0.98061675
fit 0.983277
fit 0.9834271
Total steps: 975
fitness 0.9840877
fitness 0.9842187
fitness 0.98657894
fitness 0.98682517
fitness 0.987289
fitness 0.98734987
fitness 0.9875261
fitness 0.9876669
fitness 0.9878347
fitness 0.9878466
Processing individual 537 for 'tabpfn_fhs'...
fit 0.77408916
fit 0.7960612
fit 0.8322755
Total steps: 975
fitness 0.845892
fitness 0.8495975
fitness 0.851169
fitness 0.8518621
fitness 0.8525056
fitness 0.8534291
fitness 0.8539359
fitness 0.8540406
fitness 0.85458547
fitness 0.85622114
fitness 0.85726684
fitness 0.8605842
Processing individual 538 for 'tabpfn_fhs'...
fit 0.9210976
fit 0.9500331
fit 0.9501945
fit 0.96421313
fit 0.96788406
Total steps: 975
fitness 0.96958923
fitness 0.973213
fitness 0.97395456
fitness 0.97396135
fitness 0.9749239
fitness 0.9749813
fitness 0.9750915
fitness 0.97511953
fitness 0.9754174
fitness 0.9756586
fitness 0.97569156
fitness 0.9757528
fitness 0.9757624
fitness 0.97587645
Processing individual 539 for 'tabpfn_fhs'...
fit 0.83491063
fit 0.87662506
fit 0.8842174
fit 0.9200816
Total steps: 975
fitness 0.9302842
fitness 0.9374566
fitness 0.93757653
fitness 0.9377392
fitness 0.9378324
fitness 0.9382988
fitness 0.93929154
fitness 0.9404189
fitness 0.94182837
fitness 0.94321966
fitness 0.9438532
fitness 0.94491625
Processing individual 540 for 'tabpfn_fhs'...
fit 0.9481112
fit 0.9583212
fit 0.9674767
fit 0.972845
fit 0.9747505
Total steps: 975
fitness 0.9791072
fitness 0.98018044
fitness 0.98037153
fitness 0.98038197
fitness 0.9805648
fitness 0.9811362
fitness 0.98114187
fitness 0.98174
fitness 0.98175794
fitness 0.98177844
fitness 0.9818002
Processing individual 541 for 'tabpfn_fhs'...
fit 0.8980746
fit 0.9152133
fit 0.9237394
fit 0.9443437
fit 0.9495675
Total steps: 975
fitness 0.9516524
fitness 0.95186585
fitness 0.96007156
fitness 0.9610886
fitness 0.96325535
fitness 0.9640598
fitness 0.9649041
fitness 0.9663312
fitness 0.96650696
fitness 0.9666814
fitness 0.96689487
Processing individual 542 for 'tabpfn_fhs'...
fit 0.8518986
fit 0.8635789
fit 0.87810355
fit 0.90578353
fit 0.9188018
Total steps: 975
fitness 0.9188397
fitness 0.91910934
fitness 0.9336839
fitness 0.93727654
fitness 0.9396066
fitness 0.9421953
fitness 0.9425307
fitness 0.9456736
fitness 0.9491043
fitness 0.94939953
fitness 0.9497658
Processing individual 543 for 'tabpfn_fhs'...
fit 0.72042024
fit 0.7617291
fit 0.7753291
fit 0.83254945
fit 0.87933
Total steps: 975
fitness 0.8811565
fitness 0.88173753
fitness 0.8971873
fitness 0.90373945
fitness 0.90523076
fitness 0.9057063
fitness 0.90761715
fitness 0.90793043
fitness 0.9087601
fitness 0.9115527
fitness 0.91641724
fitness 0.91647255
fitness 0.9170143
Processing individual 544 for 'tabpfn_fhs'...
fit 0.8413341
fit 0.85261625
fit 0.86560166
fit 0.8947542
fit 0.90993434
Total steps: 975
fitness 0.9248254
fitness 0.92801297
fitness 0.93241584
fitness 0.9335466
fitness 0.9338682
fitness 0.9367394
fitness 0.9400588
fitness 0.9404007
fitness 0.9411902
Processing individual 545 for 'tabpfn_fhs'...
fit 0.797704
fit 0.8222787
fit 0.85998297
Total steps: 975
fitness 0.87261826
fitness 0.874092
fitness 0.87944865
fitness 0.88077545
fitness 0.88318336
fitness 0.8841064
fitness 0.8845084
fitness 0.8869791
fitness 0.8881198
fitness 0.8889954
fitness 0.891819
Processing individual 546 for 'tabpfn_fhs'...
fit 0.88394505
fit 0.9021565
fit 0.909784
fit 0.935237
fit 0.9414197
Total steps: 975
fitness 0.94402844
fitness 0.9523419
fitness 0.9549239
fitness 0.9571078
fitness 0.95829666
fitness 0.9608616
fitness 0.96225727
fitness 0.96225876
fitness 0.962507
Processing individual 547 for 'tabpfn_fhs'...
fit 0.92021763
fit 0.9376594
fit 0.94529116
fit 0.9574318
fit 0.96202046
Total steps: 975
fitness 0.9622514
fitness 0.96250045
fitness 0.96919954
fitness 0.9700511
fitness 0.97136974
fitness 0.97145194
fitness 0.9714531
fitness 0.9719551
fitness 0.97228205
fitness 0.97290903
fitness 0.97291386
fitness 0.9729371
fitness 0.9729396
fitness 0.97301537
Processing individual 548 for 'tabpfn_fhs'...
fit 0.851945
fit 0.88969654
fit 0.92629254
fit 0.9462867
Total steps: 975
fitness 0.9468931
fitness 0.9546701
fitness 0.95660007
fitness 0.95765024
fitness 0.9576711
fitness 0.95815814
fitness 0.9584505
fitness 0.9591923
fitness 0.9612287
fitness 0.96305335
fitness 0.9632487
fitness 0.96339905
fitness 0.9634875
fitness 0.9635664
Processing individual 549 for 'tabpfn_fhs'...
fit 0.7934747
fit 0.8235961
fit 0.84233224
fit 0.888883
fit 0.8954843
Total steps: 975
fitness 0.89817625
fitness 0.89968824
fitness 0.9022794
fitness 0.9024766
fitness 0.90251064
fitness 0.9027876
fitness 0.9032397
fitness 0.90394497
fitness 0.90577954
fitness 0.90818846
Processing individual 550 for 'tabpfn_fhs'...
fit 0.65432584
fit 0.6754265
fit 0.7123343
fit 0.7680966
fit 0.8103281
Total steps: 975
fitness 0.8104974
fitness 0.8181978
fitness 0.8244608
fitness 0.8257136
fitness 0.83113366
fitness 0.83461225
fitness 0.8437974
fitness 0.8456989
Processing individual 551 for 'tabpfn_fhs'...
fit 0.84739053
fit 0.8609688
fit 0.8713579
fit 0.9026493
fit 0.9158594
Total steps: 975
fitness 0.9295026
fitness 0.93259805
fitness 0.93524545
fitness 0.9353824
fitness 0.9382317
fitness 0.9406345
fitness 0.944371
fitness 0.94512624
fitness 0.9455403
Processing individual 552 for 'tabpfn_fhs'...
fit 0.6275766
fit 0.6289537
fit 0.6867853
fit 0.75173336
fit 0.7813887
Total steps: 975
fitness 0.79237646
fitness 0.8033806
fitness 0.808666
fitness 0.8117396
fitness 0.813813
fitness 0.8169196
fitness 0.8244729
fitness 0.82618123
Processing individual 553 for 'tabpfn_fhs'...
fit 0.7596602
fit 0.81715095
fit 0.8636521
fit 0.90724456
Total steps: 975
fitness 0.90802747
fitness 0.92136234
fitness 0.9257349
fitness 0.926727
fitness 0.92702603
fitness 0.9297446
fitness 0.93016
fitness 0.93220365
fitness 0.9366334
fitness 0.93706834
Processing individual 554 for 'tabpfn_fhs'...
fit 0.91320825
fit 0.9341744
fit 0.9389479
fit 0.95477563
fit 0.958992
Total steps: 975
fitness 0.9602367
fitness 0.96094507
fitness 0.96718115
fitness 0.96787107
fitness 0.9695029
fitness 0.96953756
fitness 0.96970785
fitness 0.9705186
fitness 0.97121763
fitness 0.9720699
fitness 0.9722816
Processing individual 555 for 'tabpfn_fhs'...
fit 0.9481112
fit 0.9583212
fit 0.9674767
fit 0.972845
fit 0.9747505
Total steps: 975
fitness 0.9791072
fitness 0.98018044
fitness 0.98037153
fitness 0.98038197
fitness 0.9805648
fitness 0.9811362
fitness 0.98114187
fitness 0.98174
fitness 0.98175794
fitness 0.98177844
fitness 0.9818002
Processing individual 556 for 'tabpfn_fhs'...
fit 0.7267963
fit 0.7942619
fit 0.84446836
fit 0.8851123
Total steps: 975
fitness 0.88656884
fitness 0.88775617
fitness 0.9023136
fitness 0.9083319
fitness 0.9102732
fitness 0.9107479
fitness 0.9111041
fitness 0.9134187
fitness 0.9144237
fitness 0.91761416
fitness 0.9223629
Processing individual 557 for 'tabpfn_fhs'...
fit 0.84739053
fit 0.8609688
fit 0.8713579
fit 0.9026493
fit 0.9158594
Total steps: 975
fitness 0.9295026
fitness 0.93259805
fitness 0.93524545
fitness 0.9353824
fitness 0.9382317
fitness 0.9406345
fitness 0.944371
fitness 0.94512624
fitness 0.9455403
Processing individual 558 for 'tabpfn_fhs'...
fit 0.8213101
fit 0.8309982
fit 0.84960634
fit 0.8789451
fit 0.8971368
Total steps: 975
fitness 0.9099064
fitness 0.91375303
fitness 0.91662383
fitness 0.916824
fitness 0.9170774
fitness 0.9193201
fitness 0.9207847
fitness 0.92245626
fitness 0.92667913
fitness 0.9268525
fitness 0.927939
fitness 0.928395
Processing individual 559 for 'tabpfn_fhs'...
fit 0.797704
fit 0.8222787
fit 0.85998297
Total steps: 975
fitness 0.87261826
fitness 0.874092
fitness 0.87944865
fitness 0.88077545
fitness 0.88318336
fitness 0.8841064
fitness 0.8845084
fitness 0.8869791
fitness 0.8881198
fitness 0.8889954
fitness 0.891819
Processing individual 560 for 'tabpfn_fhs'...
fit 0.81213415
fit 0.819147
fit 0.8417618
fit 0.8747985
Total steps: 975
fitness 0.8893378
fitness 0.8943646
fitness 0.8958928
fitness 0.8966112
fitness 0.896639
fitness 0.8969276
fitness 0.9013355
fitness 0.9020439
fitness 0.9029038
fitness 0.9029043
fitness 0.90409225
fitness 0.90423155
fitness 0.90691406
Processing individual 561 for 'tabpfn_fhs'...
fit 0.6224479
fit 0.6696737
fit 0.69504243
fit 0.7640161
fit 0.8163717
Total steps: 975
fitness 0.8439576
fitness 0.84731644
fitness 0.851867
fitness 0.85843945
fitness 0.86208653
fitness 0.86212784
fitness 0.86516964
fitness 0.86561733
Processing individual 562 for 'tabpfn_fhs'...
fit 0.65004075
fit 0.6800895
fit 0.718466
fit 0.78615624
fit 0.8387521
Total steps: 975
fitness 0.85604006
fitness 0.8627014
fitness 0.8649057
fitness 0.86516154
fitness 0.86625224
fitness 0.87273145
fitness 0.8730367
fitness 0.8742627
fitness 0.88228667
Processing individual 563 for 'tabpfn_fhs'...
fit 0.73027366
fit 0.7562601
fit 0.7865774
Total steps: 975
fitness 0.78668493
fitness 0.7990514
fitness 0.79945713
fitness 0.8010937
fitness 0.8011632
fitness 0.802457
fitness 0.804444
fitness 0.80473024
fitness 0.8060891
Processing individual 564 for 'tabpfn_fhs'...
fit 0.9210976
fit 0.9500331
fit 0.9501945
fit 0.96421313
fit 0.96788406
Total steps: 975
fitness 0.96958923
fitness 0.973213
fitness 0.97395456
fitness 0.97396135
fitness 0.9749239
fitness 0.9749813
fitness 0.9750915
fitness 0.97511953
fitness 0.9754174
fitness 0.9756586
fitness 0.97569156
fitness 0.9757528
fitness 0.9757624
fitness 0.97587645
Processing individual 565 for 'tabpfn_fhs'...
fit 0.9450307
fit 0.9600746
fit 0.9671579
fit 0.973431
fit 0.97548
Total steps: 975
fitness 0.9770507
fitness 0.979489
fitness 0.98021996
fitness 0.9805292
fitness 0.98089767
fitness 0.98091114
fitness 0.98091626
fitness 0.9812055
fitness 0.98173773
fitness 0.98179996
fitness 0.981846
Processing individual 566 for 'tabpfn_fhs'...
fit 0.8122687
fit 0.8660463
fit 0.908753
fit 0.93403655
Total steps: 975
fitness 0.9358798
fitness 0.94431597
fitness 0.9469575
fitness 0.94730705
fitness 0.9474982
fitness 0.9485776
fitness 0.9486813
fitness 0.94869596
fitness 0.94877815
fitness 0.95186555
fitness 0.9540962
fitness 0.95435154
fitness 0.9545605
fitness 0.9548769
fitness 0.95516944
Processing individual 567 for 'tabpfn_fhs'...
fit 0.7543912
fit 0.8058855
fit 0.8579802
fit 0.8786497
Total steps: 975
fitness 0.88078475
fitness 0.8821209
fitness 0.8894434
fitness 0.8909983
fitness 0.89302826
fitness 0.8936042
fitness 0.893736
fitness 0.89419687
fitness 0.8955017
fitness 0.89580446
Processing individual 568 for 'tabpfn_fhs'...
fit 0.91320825
fit 0.9341744
fit 0.9389479
fit 0.95477563
fit 0.958992
Total steps: 975
fitness 0.9602367
fitness 0.96094507
fitness 0.96718115
fitness 0.96787107
fitness 0.9695029
fitness 0.96953756
fitness 0.96970785
fitness 0.9705186
fitness 0.97121763
fitness 0.9720699
fitness 0.9722816
Processing individual 569 for 'tabpfn_fhs'...
fit 0.83517873
fit 0.84718144
fit 0.86032325
fit 0.8895162
fit 0.90692383
Total steps: 975
fitness 0.91955996
fitness 0.92509246
fitness 0.9272753
fitness 0.9294494
fitness 0.9315826
fitness 0.9359307
fitness 0.93600947
fitness 0.9362134
fitness 0.9363359
fitness 0.9364843
fitness 0.9366568
Processing individual 570 for 'tabpfn_fhs'...
fit 0.76759934
fit 0.78193665
fit 0.8090113
fit 0.83209866
fit 0.8539906
Total steps: 975
fitness 0.8665049
fitness 0.8720032
fitness 0.878207
fitness 0.8791149
fitness 0.8791612
fitness 0.88177395
fitness 0.8851577
fitness 0.8870703
Processing individual 571 for 'tabpfn_fhs'...
fit 0.70754266
fit 0.77658916
fit 0.82500654
fit 0.8676257
Total steps: 975
fitness 0.873912
fitness 0.8913727
fitness 0.8976655
fitness 0.89859486
fitness 0.899299
fitness 0.89980245
fitness 0.8999042
fitness 0.9012405
fitness 0.90309656
fitness 0.9031706
fitness 0.9070803
fitness 0.91176707
fitness 0.91417015
Processing individual 572 for 'tabpfn_fhs'...
fit 0.8291332
fit 0.8668162
fit 0.89678335
Total steps: 975
fitness 0.90448797
fitness 0.9077388
fitness 0.90878564
fitness 0.9093714
fitness 0.9099165
fitness 0.9106277
fitness 0.91107684
fitness 0.9110791
fitness 0.91161966
fitness 0.91250896
fitness 0.9135502
fitness 0.9151192
fitness 0.9157226
fitness 0.91619873
fitness 0.91832167
fitness 0.91897774
Processing individual 573 for 'tabpfn_fhs'...
fit 0.9380497
fit 0.95206344
fit 0.9582532
fit 0.9681602
fit 0.97059625
Total steps: 975
fitness 0.9707296
fitness 0.97084
fitness 0.9757929
fitness 0.97597146
fitness 0.9776169
fitness 0.97784203
fitness 0.9783922
fitness 0.97948563
Processing individual 574 for 'tabpfn_fhs'...
fit 0.78063715
fit 0.8500516
fit 0.88524985
fit 0.92135423
Total steps: 975
fitness 0.932732
fitness 0.93626773
fitness 0.9367169
fitness 0.93674105
fitness 0.9370736
fitness 0.93895596
fitness 0.93981147
fitness 0.9427244
fitness 0.94536257
fitness 0.9456274
fitness 0.94571126
Processing individual 575 for 'tabpfn_fhs'...
fit 0.9275662
fit 0.94260246
fit 0.9490576
fit 0.96181697
fit 0.96510077
Total steps: 975
fitness 0.9654782
fitness 0.965974
fitness 0.9712863
fitness 0.97245634
fitness 0.9732014
fitness 0.9735687
fitness 0.97424
fitness 0.9746518
fitness 0.9749368
fitness 0.9752701
fitness 0.9758432
Processing individual 576 for 'tabpfn_fhs'...
fit 0.6886674
fit 0.7009845
fit 0.7319749
Total steps: 975
fitness 0.73948485
fitness 0.74526125
fitness 0.7541175
fitness 0.7544006
fitness 0.7546246
fitness 0.75466186
fitness 0.7547976
fitness 0.7568414
fitness 0.768037
fitness 0.7696177
fitness 0.770307
fitness 0.77407444
Processing individual 577 for 'tabpfn_fhs'...
fit 0.7525417
fit 0.8004352
fit 0.8064135
fit 0.85906714
fit 0.90111864
Total steps: 975
fitness 0.91557896
fitness 0.9206817
fitness 0.9216527
fitness 0.9220304
fitness 0.92446625
fitness 0.92660403
fitness 0.93237746
fitness 0.93259865
Processing individual 578 for 'tabpfn_fhs'...
fit 0.91220444
fit 0.9404784
fit 0.94432604
fit 0.9602816
fit 0.96539986
Total steps: 975
fitness 0.9667622
fitness 0.96677625
fitness 0.9713212
fitness 0.9717744
fitness 0.97323775
fitness 0.9732404
fitness 0.97352654
fitness 0.973721
fitness 0.97434795
fitness 0.97442573
fitness 0.97492963
fitness 0.9752938
Processing individual 579 for 'tabpfn_fhs'...
fit 0.7106939
fit 0.74269855
fit 0.76977444
Total steps: 975
fitness 0.7804385
fitness 0.78334814
fitness 0.7842675
fitness 0.7845311
fitness 0.7883934
fitness 0.79174316
fitness 0.7918794
fitness 0.7921887
fitness 0.79222155
Processing individual 580 for 'tabpfn_fhs'...
fit 0.9432576
fit 0.95421135
fit 0.96413124
fit 0.97042066
fit 0.9725088
Total steps: 975
fitness 0.9727609
fitness 0.9777224
fitness 0.97845477
fitness 0.97912353
fitness 0.97924805
fitness 0.9795195
fitness 0.9798854
fitness 0.98040974
fitness 0.9804872
Processing individual 581 for 'tabpfn_fhs'...
fit 0.65004075
fit 0.6800895
fit 0.718466
fit 0.78615624
fit 0.8387521
Total steps: 975
fitness 0.85604006
fitness 0.8627014
fitness 0.8649057
fitness 0.86516154
fitness 0.86625224
fitness 0.87273145
fitness 0.8730367
fitness 0.8742627
fitness 0.88228667
Processing individual 582 for 'tabpfn_fhs'...
fit 0.78063715
fit 0.8500516
fit 0.88524985
fit 0.92135423
Total steps: 975
fitness 0.932732
fitness 0.93626773
fitness 0.9367169
fitness 0.93674105
fitness 0.9370736
fitness 0.93895596
fitness 0.93981147
fitness 0.9427244
fitness 0.94536257
fitness 0.9456274
fitness 0.94571126
Processing individual 583 for 'tabpfn_fhs'...
fit 0.92847186
fit 0.954129
fit 0.957115
fit 0.96676004
fit 0.97015774
Total steps: 975
fitness 0.97187006
fitness 0.97513473
fitness 0.9755789
fitness 0.9766738
fitness 0.97677046
fitness 0.97699356
fitness 0.9770932
fitness 0.97772014
fitness 0.9777498
fitness 0.9777995
fitness 0.97788143
fitness 0.97817975
Processing individual 584 for 'tabpfn_fhs'...
fit 0.95751894
fit 0.96496314
fit 0.97277915
fit 0.9773608
fit 0.97793096
Total steps: 975
fitness 0.97822237
fitness 0.9786215
fitness 0.98181385
fitness 0.9828391
fitness 0.98297846
fitness 0.9829791
fitness 0.9833164
fitness 0.9837058
fitness 0.9839615
fitness 0.9840762
fitness 0.98432094
Processing individual 585 for 'tabpfn_fhs'...
fit 0.78786194
fit 0.806882
fit 0.8445427
Total steps: 975
fitness 0.8595495
fitness 0.8651661
fitness 0.8652694
fitness 0.87054443
fitness 0.8711217
fitness 0.8714587
fitness 0.8727778
fitness 0.87473035
fitness 0.8752723
fitness 0.8778942
Processing individual 586 for 'tabpfn_fhs'...
fit 0.92021763
fit 0.9376594
fit 0.94529116
fit 0.9574318
fit 0.96202046
Total steps: 975
fitness 0.9622514
fitness 0.96250045
fitness 0.96919954
fitness 0.9700511
fitness 0.97136974
fitness 0.97145194
fitness 0.9714531
fitness 0.9719551
fitness 0.97228205
fitness 0.97290903
fitness 0.97291386
fitness 0.9729371
fitness 0.9729396
fitness 0.97301537
Processing individual 587 for 'tabpfn_fhs'...
fit 0.797704
fit 0.8222787
fit 0.85998297
Total steps: 975
fitness 0.87261826
fitness 0.874092
fitness 0.87944865
fitness 0.88077545
fitness 0.88318336
fitness 0.8841064
fitness 0.8845084
fitness 0.8869791
fitness 0.8881198
fitness 0.8889954
fitness 0.891819
Processing individual 588 for 'tabpfn_fhs'...
fit 0.87925994
fit 0.8923553
fit 0.9015475
fit 0.9292953
fit 0.9349795
Total steps: 975
fitness 0.94227743
fitness 0.9486953
fitness 0.95235366
fitness 0.95447886
fitness 0.9545561
fitness 0.9561991
fitness 0.95761585
fitness 0.95972055
fitness 0.95988965
fitness 0.9602855
Processing individual 589 for 'tabpfn_fhs'...
fit 0.84739053
fit 0.8609688
fit 0.8713579
fit 0.9026493
fit 0.9158594
Total steps: 975
fitness 0.9295026
fitness 0.93259805
fitness 0.93524545
fitness 0.9353824
fitness 0.9382317
fitness 0.9406345
fitness 0.944371
fitness 0.94512624
fitness 0.9455403
Processing individual 590 for 'tabpfn_fhs'...
fit 0.6778027
fit 0.7164905
fit 0.73908895
fit 0.7926212
fit 0.8329972
Total steps: 975
fitness 0.8369933
fitness 0.8485644
fitness 0.85014534
fitness 0.853536
fitness 0.85489476
fitness 0.8574728
fitness 0.8584156
fitness 0.85891306
fitness 0.85954237
fitness 0.85993564
fitness 0.8632287
Processing individual 591 for 'tabpfn_fhs'...
fit 0.80278236
fit 0.85965836
fit 0.89910436
fit 0.92757446
Total steps: 975
fitness 0.9279629
fitness 0.9378289
fitness 0.9411126
fitness 0.94211274
fitness 0.9422073
fitness 0.9442059
fitness 0.9443954
fitness 0.9448254
fitness 0.94731134
fitness 0.94992423
fitness 0.95007324
fitness 0.9503873
fitness 0.9505889
Processing individual 592 for 'tabpfn_fhs'...
fit 0.9041784
fit 0.9388333
fit 0.95656514
fit 0.962828
Total steps: 975
fitness 0.9644401
fitness 0.9691479
fitness 0.96994525
fitness 0.9712172
fitness 0.9712467
fitness 0.9715481
fitness 0.9722568
fitness 0.97292626
fitness 0.9733736
fitness 0.9735518
Processing individual 593 for 'tabpfn_fhs'...
fit 0.9432576
fit 0.95421135
fit 0.96413124
fit 0.97042066
fit 0.9725088
Total steps: 975
fitness 0.9727609
fitness 0.9777224
fitness 0.97845477
fitness 0.97912353
fitness 0.97924805
fitness 0.9795195
fitness 0.9798854
fitness 0.98040974
fitness 0.9804872
Processing individual 594 for 'tabpfn_fhs'...
fit 0.9481112
fit 0.9583212
fit 0.9674767
fit 0.972845
fit 0.9747505
Total steps: 975
fitness 0.9791072
fitness 0.98018044
fitness 0.98037153
fitness 0.98038197
fitness 0.9805648
fitness 0.9811362
fitness 0.98114187
fitness 0.98174
fitness 0.98175794
fitness 0.98177844
fitness 0.9818002
Processing individual 595 for 'tabpfn_fhs'...
fit 0.87925994
fit 0.8923553
fit 0.9015475
fit 0.9292953
fit 0.9349795
Total steps: 975
fitness 0.94227743
fitness 0.9486953
fitness 0.95235366
fitness 0.95447886
fitness 0.9545561
fitness 0.9561991
fitness 0.95761585
fitness 0.95972055
fitness 0.95988965
fitness 0.9602855
Processing individual 596 for 'tabpfn_fhs'...
fit 0.82248205
fit 0.8477232
fit 0.879881
fit 0.89010364
Total steps: 975
fitness 0.90751463
fitness 0.90804636
fitness 0.91250515
fitness 0.9142445
fitness 0.9149905
fitness 0.9155061
fitness 0.9173383
fitness 0.9183879
fitness 0.920709
fitness 0.9215242
fitness 0.92310816
Processing individual 597 for 'tabpfn_fhs'...
fit 0.9041784
fit 0.9388333
fit 0.95656514
fit 0.962828
Total steps: 975
fitness 0.9644401
fitness 0.9691479
fitness 0.96994525
fitness 0.9712172
fitness 0.9712467
fitness 0.9715481
fitness 0.9722568
fitness 0.97292626
fitness 0.9733736
fitness 0.9735518
Processing individual 598 for 'tabpfn_fhs'...
fit 0.85955966
fit 0.90284944
fit 0.9326081
fit 0.95015407
Total steps: 975
fitness 0.95154196
fitness 0.9586369
fitness 0.9599928
fitness 0.9612413
fitness 0.9616796
fitness 0.9622133
fitness 0.9624741
fitness 0.96397454
fitness 0.9650645
fitness 0.96551913
Processing individual 599 for 'tabpfn_fhs'...
fit 0.9067035
fit 0.92434865
fit 0.9314311
fit 0.94964916
fit 0.9550657
Total steps: 975
fitness 0.95683485
fitness 0.9629775
fitness 0.96456754
fitness 0.9662689
fitness 0.9665916
fitness 0.9671564
fitness 0.96737903
fitness 0.9674286
fitness 0.96853715
fitness 0.96943945
fitness 0.96963114
fitness 0.9699644
Processing individual 600 for 'tabpfn_fhs'...
fit 0.7525417
fit 0.8004352
fit 0.8064135
fit 0.85906714
fit 0.90111864
Total steps: 975
fitness 0.91557896
fitness 0.9206817
fitness 0.9216527
fitness 0.9220304
fitness 0.92446625
fitness 0.92660403
fitness 0.93237746
fitness 0.93259865
Processing individual 601 for 'tabpfn_fhs'...
fit 0.7809013
fit 0.7849335
fit 0.816581
fit 0.838989
fit 0.86311257
Total steps: 975
fitness 0.8754773
fitness 0.87985086
fitness 0.8847934
fitness 0.8865297
fitness 0.8874755
fitness 0.8876007
fitness 0.8905025
fitness 0.8923031
fitness 0.89254016
fitness 0.89258635
Processing individual 602 for 'tabpfn_fhs'...
fit 0.81213415
fit 0.819147
fit 0.8417618
fit 0.8747985
Total steps: 975
fitness 0.8893378
fitness 0.8943646
fitness 0.8958928
fitness 0.8966112
fitness 0.896639
fitness 0.8969276
fitness 0.9013355
fitness 0.9020439
fitness 0.9029038
fitness 0.9029043
fitness 0.90409225
fitness 0.90423155
fitness 0.90691406
Processing individual 603 for 'tabpfn_fhs'...
fit 0.90583265
fit 0.9284928
fit 0.94352746
fit 0.9576126
Total steps: 975
fitness 0.9584746
fitness 0.96169674
fitness 0.96233684
fitness 0.9637111
fitness 0.96372056
fitness 0.9644075
fitness 0.9644305
fitness 0.9645469
fitness 0.96469676
fitness 0.96515846
fitness 0.966827
Processing individual 604 for 'tabpfn_fhs'...
fit 0.92847186
fit 0.954129
fit 0.957115
fit 0.96676004
fit 0.97015774
Total steps: 975
fitness 0.97187006
fitness 0.97513473
fitness 0.9755789
fitness 0.9766738
fitness 0.97677046
fitness 0.97699356
fitness 0.9770932
fitness 0.97772014
fitness 0.9777498
fitness 0.9777995
fitness 0.97788143
fitness 0.97817975
Processing individual 605 for 'tabpfn_fhs'...
fit 0.91220444
fit 0.9404784
fit 0.94432604
fit 0.9602816
fit 0.96539986
Total steps: 975
fitness 0.9667622
fitness 0.96677625
fitness 0.9713212
fitness 0.9717744
fitness 0.97323775
fitness 0.9732404
fitness 0.97352654
fitness 0.973721
fitness 0.97434795
fitness 0.97442573
fitness 0.97492963
fitness 0.9752938
Processing individual 606 for 'tabpfn_fhs'...
fit 0.7864122
fit 0.7968059
fit 0.82417697
fit 0.84781045
fit 0.8705793
Total steps: 975
fitness 0.8825393
fitness 0.8881761
fitness 0.89221644
fitness 0.8925005
fitness 0.8932394
fitness 0.89517725
fitness 0.896081
fitness 0.9006247
fitness 0.9012892
fitness 0.9013206
Processing individual 607 for 'tabpfn_fhs'...
fit 0.7352761
fit 0.76144564
fit 0.7978756
Total steps: 975
fitness 0.80758494
fitness 0.8088229
fitness 0.8088777
fitness 0.8106948
fitness 0.8168207
fitness 0.8190984
fitness 0.81910276
fitness 0.8191749
fitness 0.8193382
fitness 0.8230675
Processing individual 608 for 'tabpfn_fhs'...
fit 0.9380497
fit 0.95206344
fit 0.9582532
fit 0.9681602
fit 0.97059625
Total steps: 975
fitness 0.9707296
fitness 0.97084
fitness 0.9757929
fitness 0.97597146
fitness 0.9776169
fitness 0.97784203
fitness 0.9783922
fitness 0.97948563
Processing individual 609 for 'tabpfn_fhs'...
fit 0.9275662
fit 0.94260246
fit 0.9490576
fit 0.96181697
fit 0.96510077
Total steps: 975
fitness 0.9654782
fitness 0.965974
fitness 0.9712863
fitness 0.97245634
fitness 0.9732014
fitness 0.9735687
fitness 0.97424
fitness 0.9746518
fitness 0.9749368
fitness 0.9752701
fitness 0.9758432
Processing individual 610 for 'tabpfn_fhs'...
fit 0.80278236
fit 0.85965836
fit 0.89910436
fit 0.92757446
Total steps: 975
fitness 0.9279629
fitness 0.9378289
fitness 0.9411126
fitness 0.94211274
fitness 0.9422073
fitness 0.9442059
fitness 0.9443954
fitness 0.9448254
fitness 0.94731134
fitness 0.94992423
fitness 0.95007324
fitness 0.9503873
fitness 0.9505889
Processing individual 611 for 'tabpfn_fhs'...
fit 0.84739053
fit 0.8609688
fit 0.8713579
fit 0.9026493
fit 0.9158594
Total steps: 975
fitness 0.9295026
fitness 0.93259805
fitness 0.93524545
fitness 0.9353824
fitness 0.9382317
fitness 0.9406345
fitness 0.944371
fitness 0.94512624
fitness 0.9455403
Processing individual 612 for 'tabpfn_fhs'...
fit 0.9481112
fit 0.9583212
fit 0.9674767
fit 0.972845
fit 0.9747505
Total steps: 975
fitness 0.9791072
fitness 0.98018044
fitness 0.98037153
fitness 0.98038197
fitness 0.9805648
fitness 0.9811362
fitness 0.98114187
fitness 0.98174
fitness 0.98175794
fitness 0.98177844
fitness 0.9818002
Processing individual 613 for 'tabpfn_fhs'...
fit 0.9432576
fit 0.95421135
fit 0.96413124
fit 0.97042066
fit 0.9725088
Total steps: 975
fitness 0.9727609
fitness 0.9777224
fitness 0.97845477
fitness 0.97912353
fitness 0.97924805
fitness 0.9795195
fitness 0.9798854
fitness 0.98040974
fitness 0.9804872
Processing individual 614 for 'tabpfn_fhs'...
fit 0.73027366
fit 0.7562601
fit 0.7865774
Total steps: 975
fitness 0.78668493
fitness 0.7990514
fitness 0.79945713
fitness 0.8010937
fitness 0.8011632
fitness 0.802457
fitness 0.804444
fitness 0.80473024
fitness 0.8060891
Processing individual 615 for 'tabpfn_fhs'...
fit 0.62927806
fit 0.6405443
fit 0.6995007
fit 0.75711405
fit 0.7896131
Total steps: 975
fitness 0.79448044
fitness 0.79571956
fitness 0.7982403
fitness 0.80980796
fitness 0.8102013
fitness 0.8185239
fitness 0.8212557
fitness 0.82385296
fitness 0.82570577
fitness 0.8264093
fitness 0.8304893
fitness 0.8314479
fitness 0.8316864
fitness 0.8360714
Processing individual 616 for 'tabpfn_fhs'...
fit 0.95285267
fit 0.9635216
fit 0.9700949
fit 0.97529733
fit 0.9759291
Total steps: 975
fitness 0.97635436
fitness 0.9766043
fitness 0.9803549
fitness 0.98099226
fitness 0.98118395
fitness 0.98130244
fitness 0.9813035
fitness 0.98175406
fitness 0.9818205
fitness 0.9819231
fitness 0.98199797
fitness 0.9820101
fitness 0.98232484
fitness 0.98268867
fitness 0.98279965
fitness 0.98286134
Processing individual 617 for 'tabpfn_fhs'...
fit 0.79144466
fit 0.8027457
fit 0.82974046
fit 0.8556441
fit 0.8767428
Total steps: 975
fitness 0.8880283
fitness 0.89311105
fitness 0.8992659
fitness 0.9004301
fitness 0.9016139
fitness 0.9070005
fitness 0.907199
fitness 0.9075722
fitness 0.90881324
Processing individual 618 for 'tabpfn_fhs'...
fit 0.851945
fit 0.88969654
fit 0.92629254
fit 0.9462867
Total steps: 975
fitness 0.9468931
fitness 0.9546701
fitness 0.95660007
fitness 0.95765024
fitness 0.9576711
fitness 0.95815814
fitness 0.9584505
fitness 0.9591923
fitness 0.9612287
fitness 0.96305335
fitness 0.9632487
fitness 0.96339905
fitness 0.9634875
fitness 0.9635664
Processing individual 619 for 'tabpfn_fhs'...
fit 0.70754266
fit 0.77658916
fit 0.82500654
fit 0.8676257
Total steps: 975
fitness 0.873912
fitness 0.8913727
fitness 0.8976655
fitness 0.89859486
fitness 0.899299
fitness 0.89980245
fitness 0.8999042
fitness 0.9012405
fitness 0.90309656
fitness 0.9031706
fitness 0.9070803
fitness 0.91176707
fitness 0.91417015
Processing individual 620 for 'tabpfn_fhs'...
fit 0.7864122
fit 0.7968059
fit 0.82417697
fit 0.84781045
fit 0.8705793
Total steps: 975
fitness 0.8825393
fitness 0.8881761
fitness 0.89221644
fitness 0.8925005
fitness 0.8932394
fitness 0.89517725
fitness 0.896081
fitness 0.9006247
fitness 0.9012892
fitness 0.9013206
Processing individual 621 for 'tabpfn_fhs'...
fit 0.7525417
fit 0.8004352
fit 0.8064135
fit 0.85906714
fit 0.90111864
Total steps: 975
fitness 0.91557896
fitness 0.9206817
fitness 0.9216527
fitness 0.9220304
fitness 0.92446625
fitness 0.92660403
fitness 0.93237746
fitness 0.93259865
Processing individual 622 for 'tabpfn_fhs'...
fit 0.8593517
fit 0.87008417
fit 0.8848883
fit 0.9123551
fit 0.9222149
Total steps: 975
fitness 0.9227315
fitness 0.92479837
fitness 0.93849885
fitness 0.9408415
fitness 0.94341236
fitness 0.94380254
fitness 0.94598174
fitness 0.9477785
fitness 0.9514585
fitness 0.9515249
fitness 0.95184636
Processing individual 623 for 'tabpfn_fhs'...
fit 0.89291143
fit 0.9345853
fit 0.95298547
fit 0.9603089
Total steps: 975
fitness 0.96111274
fitness 0.9620165
fitness 0.9664987
fitness 0.9677124
fitness 0.9700971
fitness 0.970609
fitness 0.97123045
fitness 0.97190356
Processing individual 624 for 'tabpfn_fhs'...
fit 0.75864756
fit 0.7829794
fit 0.81861967
Total steps: 975
fitness 0.83251745
fitness 0.8347725
fitness 0.8401566
fitness 0.84060097
Processing individual 625 for 'tabpfn_fhs'...
fit 0.88028324
fit 0.92759454
fit 0.9463878
fit 0.956452
Total steps: 975
fitness 0.9583139
fitness 0.9641237
fitness 0.965449
fitness 0.96682465
fitness 0.9671514
fitness 0.967257
fitness 0.9683868
fitness 0.9684852
fitness 0.96877027
fitness 0.96894926
fitness 0.96948355
fitness 0.969976
Processing individual 626 for 'tabpfn_fhs'...
fit 0.9432576
fit 0.95421135
fit 0.96413124
fit 0.97042066
fit 0.9725088
Total steps: 975
fitness 0.9727609
fitness 0.9777224
fitness 0.97845477
fitness 0.97912353
fitness 0.97924805
fitness 0.9795195
fitness 0.9798854
fitness 0.98040974
fitness 0.9804872
Processing individual 627 for 'tabpfn_fhs'...
fit 0.9041784
fit 0.9388333
fit 0.95656514
fit 0.962828
Total steps: 975
fitness 0.9644401
fitness 0.9691479
fitness 0.96994525
fitness 0.9712172
fitness 0.9712467
fitness 0.9715481
fitness 0.9722568
fitness 0.97292626
fitness 0.9733736
fitness 0.9735518
Processing individual 628 for 'tabpfn_fhs'...
fit 0.6778027
fit 0.7164905
fit 0.73908895
fit 0.7926212
fit 0.8329972
Total steps: 975
fitness 0.8369933
fitness 0.8485644
fitness 0.85014534
fitness 0.853536
fitness 0.85489476
fitness 0.8574728
fitness 0.8584156
fitness 0.85891306
fitness 0.85954237
fitness 0.85993564
fitness 0.8632287
Processing individual 629 for 'tabpfn_fhs'...
fit 0.9606364
fit 0.96838945
fit 0.9760153
fit 0.97951955
fit 0.98046845
Total steps: 975
fitness 0.9805373
fitness 0.9807878
fitness 0.9837805
fitness 0.9841908
fitness 0.98459303
fitness 0.98470885
fitness 0.9847604
fitness 0.98484796
fitness 0.9851203
fitness 0.9854414
fitness 0.9854563
fitness 0.9855002
fitness 0.98553455
Processing individual 630 for 'tabpfn_fhs'...
fit 0.8345624
fit 0.85204124
fit 0.8722099
fit 0.8974337
Total steps: 975
fitness 0.8998691
fitness 0.9093929
fitness 0.9098217
fitness 0.92022806
fitness 0.92209
fitness 0.92212546
fitness 0.92358077
fitness 0.92580295
fitness 0.927141
fitness 0.9272721
fitness 0.9273033
fitness 0.92735076
fitness 0.92758703
fitness 0.9280658
Processing individual 631 for 'tabpfn_fhs'...
fit 0.7612295
fit 0.82925713
fit 0.873312
fit 0.9127489
Total steps: 975
fitness 0.91416353
fitness 0.9263578
fitness 0.930619
fitness 0.9323061
fitness 0.93353236
fitness 0.93458915
fitness 0.9373602
fitness 0.94149107
Processing individual 632 for 'tabpfn_fhs'...
fit 0.7352761
fit 0.76144564
fit 0.7978756
Total steps: 975
fitness 0.80758494
fitness 0.8088229
fitness 0.8088777
fitness 0.8106948
fitness 0.8168207
fitness 0.8190984
fitness 0.81910276
fitness 0.8191749
fitness 0.8193382
fitness 0.8230675
Processing individual 633 for 'tabpfn_fhs'...
fit 0.9606364
fit 0.96838945
fit 0.9760153
fit 0.97951955
fit 0.98046845
Total steps: 975
fitness 0.9805373
fitness 0.9807878
fitness 0.9837805
fitness 0.9841908
fitness 0.98459303
fitness 0.98470885
fitness 0.9847604
fitness 0.98484796
fitness 0.9851203
fitness 0.9854414
fitness 0.9854563
fitness 0.9855002
fitness 0.98553455
Processing individual 634 for 'tabpfn_fhs'...
fit 0.9041784
fit 0.9388333
fit 0.95656514
fit 0.962828
Total steps: 975
fitness 0.9644401
fitness 0.9691479
fitness 0.96994525
fitness 0.9712172
fitness 0.9712467
fitness 0.9715481
fitness 0.9722568
fitness 0.97292626
fitness 0.9733736
fitness 0.9735518
Processing individual 635 for 'tabpfn_fhs'...
fit 0.7464261
fit 0.7737161
fit 0.8027065
Total steps: 975
fitness 0.80316484
fitness 0.817786
fitness 0.8182156
fitness 0.8213369
fitness 0.8221491
fitness 0.8225841
fitness 0.8227036
fitness 0.82321787
fitness 0.82464117
Processing individual 636 for 'tabpfn_fhs'...
fit 0.9067035
fit 0.92434865
fit 0.9314311
fit 0.94964916
fit 0.9550657
Total steps: 975
fitness 0.95683485
fitness 0.9629775
fitness 0.96456754
fitness 0.9662689
fitness 0.9665916
fitness 0.9671564
fitness 0.96737903
fitness 0.9674286
fitness 0.96853715
fitness 0.96943945
fitness 0.96963114
fitness 0.9699644
Processing individual 637 for 'tabpfn_fhs'...
fit 0.8127932
fit 0.81628466
fit 0.845933
fit 0.8740381
fit 0.8931992
Total steps: 975
fitness 0.9048571
fitness 0.9092596
fitness 0.9128432
fitness 0.91305894
fitness 0.9131162
fitness 0.9139386
fitness 0.91472423
fitness 0.91744065
fitness 0.9228745
fitness 0.9237881
Processing individual 638 for 'tabpfn_fhs'...
fit 0.9275662
fit 0.94260246
fit 0.9490576
fit 0.96181697
fit 0.96510077
Total steps: 975
fitness 0.9654782
fitness 0.965974
fitness 0.9712863
fitness 0.97245634
fitness 0.9732014
fitness 0.9735687
fitness 0.97424
fitness 0.9746518
fitness 0.9749368
fitness 0.9752701
fitness 0.9758432
Processing individual 639 for 'tabpfn_fhs'...
fit 0.81213415
fit 0.819147
fit 0.8417618
fit 0.8747985
Total steps: 975
fitness 0.8893378
fitness 0.8943646
fitness 0.8958928
fitness 0.8966112
fitness 0.896639
fitness 0.8969276
fitness 0.9013355
fitness 0.9020439
fitness 0.9029038
fitness 0.9029043
fitness 0.90409225
fitness 0.90423155
fitness 0.90691406
Processing individual 640 for 'tabpfn_fhs'...
fit 0.91220444
fit 0.9404784
fit 0.94432604
fit 0.9602816
fit 0.96539986
Total steps: 975
fitness 0.9667622
fitness 0.96677625
fitness 0.9713212
fitness 0.9717744
fitness 0.97323775
fitness 0.9732404
fitness 0.97352654
fitness 0.973721
fitness 0.97434795
fitness 0.97442573
fitness 0.97492963
fitness 0.9752938
Processing individual 641 for 'tabpfn_fhs'...
fit 0.8122687
fit 0.8660463
fit 0.908753
fit 0.93403655
Total steps: 975
fitness 0.9358798
fitness 0.94431597
fitness 0.9469575
fitness 0.94730705
fitness 0.9474982
fitness 0.9485776
fitness 0.9486813
fitness 0.94869596
fitness 0.94877815
fitness 0.95186555
fitness 0.9540962
fitness 0.95435154
fitness 0.9545605
fitness 0.9548769
fitness 0.95516944
Processing individual 642 for 'tabpfn_fhs'...
fit 0.9481112
fit 0.9583212
fit 0.9674767
fit 0.972845
fit 0.9747505
Total steps: 975
fitness 0.9791072
fitness 0.98018044
fitness 0.98037153
fitness 0.98038197
fitness 0.9805648
fitness 0.9811362
fitness 0.98114187
fitness 0.98174
fitness 0.98175794
fitness 0.98177844
fitness 0.9818002
Processing individual 643 for 'tabpfn_fhs'...
fit 0.7874458
fit 0.8486573
fit 0.8652862
fit 0.9099713
fit 0.92206705
Total steps: 975
fitness 0.9316326
fitness 0.9336828
fitness 0.9355997
fitness 0.9358293
fitness 0.9364784
fitness 0.9372285
fitness 0.937265
fitness 0.9380412
fitness 0.93816674
fitness 0.93826216
fitness 0.93844056
Processing individual 644 for 'tabpfn_fhs'...
fit 0.88028324
fit 0.92759454
fit 0.9463878
fit 0.956452
Total steps: 975
fitness 0.9583139
fitness 0.9641237
fitness 0.965449
fitness 0.96682465
fitness 0.9671514
fitness 0.967257
fitness 0.9683868
fitness 0.9684852
fitness 0.96877027
fitness 0.96894926
fitness 0.96948355
fitness 0.969976
Processing individual 645 for 'tabpfn_fhs'...
fit 0.9210976
fit 0.9500331
fit 0.9501945
fit 0.96421313
fit 0.96788406
Total steps: 975
fitness 0.96958923
fitness 0.973213
fitness 0.97395456
fitness 0.97396135
fitness 0.9749239
fitness 0.9749813
fitness 0.9750915
fitness 0.97511953
fitness 0.9754174
fitness 0.9756586
fitness 0.97569156
fitness 0.9757528
fitness 0.9757624
fitness 0.97587645
Processing individual 646 for 'tabpfn_fhs'...
fit 0.7275803
fit 0.75616306
fit 0.7868544
Total steps: 975
fitness 0.7995968
fitness 0.80153453
fitness 0.80236685
fitness 0.8038556
fitness 0.8053312
fitness 0.80560017
fitness 0.8067231
fitness 0.8071045
fitness 0.8077285
Processing individual 647 for 'tabpfn_fhs'...
fit 0.88028324
fit 0.92759454
fit 0.9463878
fit 0.956452
Total steps: 975
fitness 0.9583139
fitness 0.9641237
fitness 0.965449
fitness 0.96682465
fitness 0.9671514
fitness 0.967257
fitness 0.9683868
fitness 0.9684852
fitness 0.96877027
fitness 0.96894926
fitness 0.96948355
fitness 0.969976
Processing individual 648 for 'tabpfn_fhs'...
fit 0.66957986
fit 0.7053129
fit 0.73626375
fit 0.78259456
fit 0.82055783
Total steps: 975
fitness 0.8206332
fitness 0.8251264
fitness 0.8333335
fitness 0.8427787
fitness 0.84743047
fitness 0.8487185
fitness 0.84905314
fitness 0.84912896
fitness 0.85024804
fitness 0.8513848
fitness 0.85312766
fitness 0.85345936
fitness 0.8548001
fitness 0.85838264
Processing individual 649 for 'tabpfn_fhs'...
fit 0.571387
fit 0.63709646
fit 0.7095786
fit 0.7322367
Total steps: 975
fitness 0.7358363
fitness 0.73932666
fitness 0.76070094
fitness 0.76748
fitness 0.7706148
fitness 0.7712608
fitness 0.7742828
fitness 0.7763502
fitness 0.78208673
Processing individual 650 for 'tabpfn_fhs'...
fit 0.9275662
fit 0.94260246
fit 0.9490576
fit 0.96181697
fit 0.96510077
Total steps: 975
fitness 0.9654782
fitness 0.965974
fitness 0.9712863
fitness 0.97245634
fitness 0.9732014
fitness 0.9735687
fitness 0.97424
fitness 0.9746518
fitness 0.9749368
fitness 0.9752701
fitness 0.9758432
Processing individual 651 for 'tabpfn_fhs'...
fit 0.851945
fit 0.88969654
fit 0.92629254
fit 0.9462867
Total steps: 975
fitness 0.9468931
fitness 0.9546701
fitness 0.95660007
fitness 0.95765024
fitness 0.9576711
fitness 0.95815814
fitness 0.9584505
fitness 0.9591923
fitness 0.9612287
fitness 0.96305335
fitness 0.9632487
fitness 0.96339905
fitness 0.9634875
fitness 0.9635664
Processing individual 652 for 'tabpfn_fhs'...
fit 0.7596602
fit 0.81715095
fit 0.8636521
fit 0.90724456
Total steps: 975
fitness 0.90802747
fitness 0.92136234
fitness 0.9257349
fitness 0.926727
fitness 0.92702603
fitness 0.9297446
fitness 0.93016
fitness 0.93220365
fitness 0.9366334
fitness 0.93706834
Processing individual 653 for 'tabpfn_fhs'...
fit 0.86927503
fit 0.87942374
fit 0.9026709
fit 0.9255808
Total steps: 975
fitness 0.93296075
fitness 0.93297106
fitness 0.9347163
fitness 0.9402344
fitness 0.94027257
fitness 0.94064474
fitness 0.9419662
fitness 0.9424162
fitness 0.94275516
fitness 0.94470865
fitness 0.94531405
fitness 0.9454001
fitness 0.946083
fitness 0.9465858
fitness 0.9468138
fitness 0.94854283
fitness 0.94920343
fitness 0.9505297
fitness 0.95099175
Processing individual 654 for 'tabpfn_fhs'...
fit 0.92021763
fit 0.9376594
fit 0.94529116
fit 0.9574318
fit 0.96202046
Total steps: 975
fitness 0.9622514
fitness 0.96250045
fitness 0.96919954
fitness 0.9700511
fitness 0.97136974
fitness 0.97145194
fitness 0.9714531
fitness 0.9719551
fitness 0.97228205
fitness 0.97290903
fitness 0.97291386
fitness 0.9729371
fitness 0.9729396
fitness 0.97301537
Processing individual 655 for 'tabpfn_fhs'...
fit 0.6508867
fit 0.66214406
fit 0.7079546
fit 0.76113296
fit 0.79884183
Total steps: 975
fitness 0.8009109
fitness 0.80828124
fitness 0.8142522
fitness 0.8181065
fitness 0.8276916
fitness 0.83218086
fitness 0.8328002
fitness 0.83878386
fitness 0.8393755
fitness 0.8406965
Processing individual 656 for 'tabpfn_fhs'...
fit 0.85955966
fit 0.90284944
fit 0.9326081
fit 0.95015407
Total steps: 975
fitness 0.95154196
fitness 0.9586369
fitness 0.9599928
fitness 0.9612413
fitness 0.9616796
fitness 0.9622133
fitness 0.9624741
fitness 0.96397454
fitness 0.9650645
fitness 0.96551913
Processing individual 657 for 'tabpfn_fhs'...
fit 0.571387
fit 0.63709646
fit 0.7095786
fit 0.7322367
Total steps: 975
fitness 0.7358363
fitness 0.73932666
fitness 0.76070094
fitness 0.76748
fitness 0.7706148
fitness 0.7712608
fitness 0.7742828
fitness 0.7763502
fitness 0.78208673
Processing individual 658 for 'tabpfn_fhs'...
fit 0.7352761
fit 0.76144564
fit 0.7978756
Total steps: 975
fitness 0.80758494
fitness 0.8088229
fitness 0.8088777
fitness 0.8106948
fitness 0.8168207
fitness 0.8190984
fitness 0.81910276
fitness 0.8191749
fitness 0.8193382
fitness 0.8230675
Processing individual 659 for 'tabpfn_fhs'...
fit 0.9380271
fit 0.95405173
fit 0.9617755
fit 0.9705534
fit 0.9724033
Total steps: 975
fitness 0.974486
fitness 0.9779469
fitness 0.9780499
fitness 0.9788218
fitness 0.9790344
fitness 0.9794253
fitness 0.9796937
fitness 0.9797395
fitness 0.9797875
fitness 0.9799009
fitness 0.98008174
Processing individual 660 for 'tabpfn_fhs'...
fit 0.7612295
fit 0.82925713
fit 0.873312
fit 0.9127489
Total steps: 975
fitness 0.91416353
fitness 0.9263578
fitness 0.930619
fitness 0.9323061
fitness 0.93353236
fitness 0.93458915
fitness 0.9373602
fitness 0.94149107
Processing individual 661 for 'tabpfn_fhs'...
fit 0.9275662
fit 0.94260246
fit 0.9490576
fit 0.96181697
fit 0.96510077
Total steps: 975
fitness 0.9654782
fitness 0.965974
fitness 0.9712863
fitness 0.97245634
fitness 0.9732014
fitness 0.9735687
fitness 0.97424
fitness 0.9746518
fitness 0.9749368
fitness 0.9752701
fitness 0.9758432
Processing individual 662 for 'tabpfn_fhs'...
fit 0.72042024
fit 0.7617291
fit 0.7753291
fit 0.83254945
fit 0.87933
Total steps: 975
fitness 0.8811565
fitness 0.88173753
fitness 0.8971873
fitness 0.90373945
fitness 0.90523076
fitness 0.9057063
fitness 0.90761715
fitness 0.90793043
fitness 0.9087601
fitness 0.9115527
fitness 0.91641724
fitness 0.91647255
fitness 0.9170143
Processing individual 663 for 'tabpfn_fhs'...
fit 0.8122687
fit 0.8660463
fit 0.908753
fit 0.93403655
Total steps: 975
fitness 0.9358798
fitness 0.94431597
fitness 0.9469575
fitness 0.94730705
fitness 0.9474982
fitness 0.9485776
fitness 0.9486813
fitness 0.94869596
fitness 0.94877815
fitness 0.95186555
fitness 0.9540962
fitness 0.95435154
fitness 0.9545605
fitness 0.9548769
fitness 0.95516944
Processing individual 664 for 'tabpfn_fhs'...
fit 0.78786194
fit 0.806882
fit 0.8445427
Total steps: 975
fitness 0.8595495
fitness 0.8651661
fitness 0.8652694
fitness 0.87054443
fitness 0.8711217
fitness 0.8714587
fitness 0.8727778
fitness 0.87473035
fitness 0.8752723
fitness 0.8778942
Processing individual 665 for 'tabpfn_fhs'...
fit 0.8291332
fit 0.8668162
fit 0.89678335
Total steps: 975
fitness 0.90448797
fitness 0.9077388
fitness 0.90878564
fitness 0.9093714
fitness 0.9099165
fitness 0.9106277
fitness 0.91107684
fitness 0.9110791
fitness 0.91161966
fitness 0.91250896
fitness 0.9135502
fitness 0.9151192
fitness 0.9157226
fitness 0.91619873
fitness 0.91832167
fitness 0.91897774
Processing individual 666 for 'tabpfn_fhs'...
fit 0.9041784
fit 0.9388333
fit 0.95656514
fit 0.962828
Total steps: 975
fitness 0.9644401
fitness 0.9691479
fitness 0.96994525
fitness 0.9712172
fitness 0.9712467
fitness 0.9715481
fitness 0.9722568
fitness 0.97292626
fitness 0.9733736
fitness 0.9735518
Processing individual 667 for 'tabpfn_fhs'...
fit 0.82858455
fit 0.8364067
fit 0.85911083
fit 0.89062256
Total steps: 975
fitness 0.8912062
fitness 0.9007789
fitness 0.90132976
fitness 0.9042335
fitness 0.9115089
fitness 0.9129108
fitness 0.91413456
fitness 0.9152879
fitness 0.9176458
fitness 0.9193409
fitness 0.9204995
fitness 0.9210315
fitness 0.92216384
Processing individual 668 for 'tabpfn_fhs'...
fit 0.9432576
fit 0.95421135
fit 0.96413124
fit 0.97042066
fit 0.9725088
Total steps: 975
fitness 0.9727609
fitness 0.9777224
fitness 0.97845477
fitness 0.97912353
fitness 0.97924805
fitness 0.9795195
fitness 0.9798854
fitness 0.98040974
fitness 0.9804872
Processing individual 669 for 'tabpfn_fhs'...
fit 0.78063715
fit 0.8500516
fit 0.88524985
fit 0.92135423
Total steps: 975
fitness 0.932732
fitness 0.93626773
fitness 0.9367169
fitness 0.93674105
fitness 0.9370736
fitness 0.93895596
fitness 0.93981147
fitness 0.9427244
fitness 0.94536257
fitness 0.9456274
fitness 0.94571126
Processing individual 670 for 'tabpfn_fhs'...
fit 0.80278236
fit 0.85965836
fit 0.89910436
fit 0.92757446
Total steps: 975
fitness 0.9279629
fitness 0.9378289
fitness 0.9411126
fitness 0.94211274
fitness 0.9422073
fitness 0.9442059
fitness 0.9443954
fitness 0.9448254
fitness 0.94731134
fitness 0.94992423
fitness 0.95007324
fitness 0.9503873
fitness 0.9505889
Processing individual 671 for 'tabpfn_fhs'...
fit 0.94176304
fit 0.9493168
fit 0.96343565
fit 0.9702232
Total steps: 975
fitness 0.9708206
fitness 0.9729952
fitness 0.974364
fitness 0.9746098
fitness 0.97479814
fitness 0.9751956
fitness 0.9753685
fitness 0.97548825
fitness 0.97694534
fitness 0.9771118
Processing individual 672 for 'tabpfn_fhs'...
fit 0.9301716
fit 0.9435397
fit 0.9587018
fit 0.96889865
Total steps: 975
fitness 0.9691657
fitness 0.97143924
fitness 0.9721666
fitness 0.9722793
fitness 0.97232133
fitness 0.9723468
fitness 0.9724099
fitness 0.972536
fitness 0.97264075
fitness 0.9727854
fitness 0.9732163
fitness 0.97336215
fitness 0.97369957
fitness 0.97376174
fitness 0.97378194
fitness 0.9761196
Processing individual 673 for 'tabpfn_fhs'...
fit 0.851945
fit 0.88969654
fit 0.92629254
fit 0.9462867
Total steps: 975
fitness 0.9468931
fitness 0.9546701
fitness 0.95660007
fitness 0.95765024
fitness 0.9576711
fitness 0.95815814
fitness 0.9584505
fitness 0.9591923
fitness 0.9612287
fitness 0.96305335
fitness 0.9632487
fitness 0.96339905
fitness 0.9634875
fitness 0.9635664
Processing individual 674 for 'tabpfn_fhs'...
fit 0.8654835
fit 0.87783945
fit 0.8892132
fit 0.91979724
fit 0.9261971
Total steps: 975
fitness 0.9288552
fitness 0.9431303
fitness 0.9450573
fitness 0.9473623
fitness 0.9477612
fitness 0.94822335
fitness 0.9496925
fitness 0.9515785
fitness 0.9545867
fitness 0.9553
fitness 0.95542514
Processing individual 675 for 'tabpfn_fhs'...
fit 0.80528593
fit 0.8208157
fit 0.8406828
fit 0.86804414
fit 0.8885472
Total steps: 975
fitness 0.89922917
fitness 0.9054909
fitness 0.90741175
fitness 0.90758276
fitness 0.9106248
fitness 0.9127225
fitness 0.91304445
fitness 0.91724753
fitness 0.917465
fitness 0.9182793
Processing individual 676 for 'tabpfn_fhs'...
fit 0.93232787
fit 0.9482945
fit 0.9539791
fit 0.96397465
fit 0.9681384
Total steps: 975
fitness 0.9739593
fitness 0.97505486
fitness 0.97604203
fitness 0.97671616
fitness 0.97677696
fitness 0.97685575
fitness 0.9776045
fitness 0.9778677
Processing individual 677 for 'tabpfn_fhs'...
fit 0.9041784
fit 0.9388333
fit 0.95656514
fit 0.962828
Total steps: 975
fitness 0.9644401
fitness 0.9691479
fitness 0.96994525
fitness 0.9712172
fitness 0.9712467
fitness 0.9715481
fitness 0.9722568
fitness 0.97292626
fitness 0.9733736
fitness 0.9735518
Processing individual 678 for 'tabpfn_fhs'...
fit 0.82858455
fit 0.8364067
fit 0.85911083
fit 0.89062256
Total steps: 975
fitness 0.8912062
fitness 0.9007789
fitness 0.90132976
fitness 0.9042335
fitness 0.9115089
fitness 0.9129108
fitness 0.91413456
fitness 0.9152879
fitness 0.9176458
fitness 0.9193409
fitness 0.9204995
fitness 0.9210315
fitness 0.92216384
Processing individual 679 for 'tabpfn_fhs'...
fit 0.6684693
fit 0.7077048
fit 0.7333828
fit 0.798852
fit 0.84531987
Total steps: 975
fitness 0.8519375
fitness 0.86854315
fitness 0.8751418
fitness 0.8765868
fitness 0.88087547
fitness 0.8862661
fitness 0.88700336
Processing individual 680 for 'tabpfn_fhs'...
fit 0.8781043
fit 0.88899356
fit 0.9113683
fit 0.9312137
fit 0.93137103
Total steps: 975
fitness 0.93781745
fitness 0.93786836
fitness 0.93818897
fitness 0.93829435
fitness 0.9392703
fitness 0.9398565
fitness 0.94863397
fitness 0.95076036
fitness 0.9538621
fitness 0.9541168
fitness 0.954225
fitness 0.95454055
Processing individual 681 for 'tabpfn_fhs'...
fit 0.6984113
fit 0.7576367
fit 0.7601042
fit 0.8226913
fit 0.86473006
Total steps: 975
fitness 0.8676957
fitness 0.8853917
fitness 0.8910356
fitness 0.8958541
fitness 0.89654917
fitness 0.8997317
fitness 0.9054773
fitness 0.90548545
fitness 0.9072614
Processing individual 682 for 'tabpfn_fhs'...
fit 0.7106939
fit 0.74269855
fit 0.76977444
Total steps: 975
fitness 0.7804385
fitness 0.78334814
fitness 0.7842675
fitness 0.7845311
fitness 0.7883934
fitness 0.79174316
fitness 0.7918794
fitness 0.7921887
fitness 0.79222155
Processing individual 683 for 'tabpfn_fhs'...
fit 0.9481112
fit 0.9583212
fit 0.9674767
fit 0.972845
fit 0.9747505
Total steps: 975
fitness 0.9791072
fitness 0.98018044
fitness 0.98037153
fitness 0.98038197
fitness 0.9805648
fitness 0.9811362
fitness 0.98114187
fitness 0.98174
fitness 0.98175794
fitness 0.98177844
fitness 0.9818002
Processing individual 684 for 'tabpfn_fhs'...
fit 0.9067035
fit 0.92434865
fit 0.9314311
fit 0.94964916
fit 0.9550657
Total steps: 975
fitness 0.95683485
fitness 0.9629775
fitness 0.96456754
fitness 0.9662689
fitness 0.9665916
fitness 0.9671564
fitness 0.96737903
fitness 0.9674286
fitness 0.96853715
fitness 0.96943945
fitness 0.96963114
fitness 0.9699644
Processing individual 685 for 'tabpfn_fhs'...
fit 0.87925994
fit 0.8923553
fit 0.9015475
fit 0.9292953
fit 0.9349795
Total steps: 975
fitness 0.94227743
fitness 0.9486953
fitness 0.95235366
fitness 0.95447886
fitness 0.9545561
fitness 0.9561991
fitness 0.95761585
fitness 0.95972055
fitness 0.95988965
fitness 0.9602855
Processing individual 686 for 'tabpfn_fhs'...
fit 0.75284594
fit 0.77974546
fit 0.80904144
Total steps: 975
fitness 0.82115626
fitness 0.8240639
fitness 0.8244748
fitness 0.8246873
fitness 0.8253815
fitness 0.8273363
fitness 0.8276913
fitness 0.82786065
fitness 0.8329983
fitness 0.8342302
fitness 0.83596843
fitness 0.839075
Processing individual 687 for 'tabpfn_fhs'...
fit 0.9380271
fit 0.95405173
fit 0.9617755
fit 0.9705534
fit 0.9724033
Total steps: 975
fitness 0.974486
fitness 0.9779469
fitness 0.9780499
fitness 0.9788218
fitness 0.9790344
fitness 0.9794253
fitness 0.9796937
fitness 0.9797395
fitness 0.9797875
fitness 0.9799009
fitness 0.98008174
Processing individual 688 for 'tabpfn_fhs'...
fit 0.77408916
fit 0.7960612
fit 0.8322755
Total steps: 975
fitness 0.845892
fitness 0.8495975
fitness 0.851169
fitness 0.8518621
fitness 0.8525056
fitness 0.8534291
fitness 0.8539359
fitness 0.8540406
fitness 0.85458547
fitness 0.85622114
fitness 0.85726684
fitness 0.8605842
Processing individual 689 for 'tabpfn_fhs'...
fit 0.7464261
fit 0.7737161
fit 0.8027065
Total steps: 975
fitness 0.80316484
fitness 0.817786
fitness 0.8182156
fitness 0.8213369
fitness 0.8221491
fitness 0.8225841
fitness 0.8227036
fitness 0.82321787
fitness 0.82464117
Processing individual 690 for 'tabpfn_fhs'...
fit 0.9606364
fit 0.96838945
fit 0.9760153
fit 0.97951955
fit 0.98046845
Total steps: 975
fitness 0.9805373
fitness 0.9807878
fitness 0.9837805
fitness 0.9841908
fitness 0.98459303
fitness 0.98470885
fitness 0.9847604
fitness 0.98484796
fitness 0.9851203
fitness 0.9854414
fitness 0.9854563
fitness 0.9855002
fitness 0.98553455
Processing individual 691 for 'tabpfn_fhs'...
fit 0.8980746
fit 0.9152133
fit 0.9237394
fit 0.9443437
fit 0.9495675
Total steps: 975
fitness 0.9516524
fitness 0.95186585
fitness 0.96007156
fitness 0.9610886
fitness 0.96325535
fitness 0.9640598
fitness 0.9649041
fitness 0.9663312
fitness 0.96650696
fitness 0.9666814
fitness 0.96689487
Processing individual 692 for 'tabpfn_fhs'...
fit 0.80278236
fit 0.85965836
fit 0.89910436
fit 0.92757446
Total steps: 975
fitness 0.9279629
fitness 0.9378289
fitness 0.9411126
fitness 0.94211274
fitness 0.9422073
fitness 0.9442059
fitness 0.9443954
fitness 0.9448254
fitness 0.94731134
fitness 0.94992423
fitness 0.95007324
fitness 0.9503873
fitness 0.9505889
Processing individual 693 for 'tabpfn_fhs'...
fit 0.87096447
fit 0.8861143
fit 0.8953802
fit 0.92277056
fit 0.9315035
Total steps: 975
fitness 0.9344536
fitness 0.946014
fitness 0.9481758
fitness 0.9510052
fitness 0.9512121
fitness 0.9519683
fitness 0.9538128
fitness 0.9547899
fitness 0.9575235
fitness 0.95762503
fitness 0.9579332
Processing individual 694 for 'tabpfn_fhs'...
fit 0.6917547
fit 0.73530155
fit 0.7490356
fit 0.8013215
fit 0.8387664
Total steps: 975
fitness 0.84136456
fitness 0.84554464
fitness 0.85643333
fitness 0.8606509
fitness 0.8611907
fitness 0.86138606
fitness 0.86208016
fitness 0.8631981
fitness 0.8632951
fitness 0.86583143
fitness 0.8675004
Processing individual 695 for 'tabpfn_fhs'...
fit 0.6778027
fit 0.7164905
fit 0.73908895
fit 0.7926212
fit 0.8329972
Total steps: 975
fitness 0.8369933
fitness 0.8485644
fitness 0.85014534
fitness 0.853536
fitness 0.85489476
fitness 0.8574728
fitness 0.8584156
fitness 0.85891306
fitness 0.85954237
fitness 0.85993564
fitness 0.8632287
Processing individual 696 for 'tabpfn_fhs'...
fit 0.9432576
fit 0.95421135
fit 0.96413124
fit 0.97042066
fit 0.9725088
Total steps: 975
fitness 0.9727609
fitness 0.9777224
fitness 0.97845477
fitness 0.97912353
fitness 0.97924805
fitness 0.9795195
fitness 0.9798854
fitness 0.98040974
fitness 0.9804872
Processing individual 697 for 'tabpfn_fhs'...
fit 0.9067035
fit 0.92434865
fit 0.9314311
fit 0.94964916
fit 0.9550657
Total steps: 975
fitness 0.95683485
fitness 0.9629775
fitness 0.96456754
fitness 0.9662689
fitness 0.9665916
fitness 0.9671564
fitness 0.96737903
fitness 0.9674286
fitness 0.96853715
fitness 0.96943945
fitness 0.96963114
fitness 0.9699644
Processing individual 698 for 'tabpfn_fhs'...
fit 0.8654835
fit 0.87783945
fit 0.8892132
fit 0.91979724
fit 0.9261971
Total steps: 975
fitness 0.9288552
fitness 0.9431303
fitness 0.9450573
fitness 0.9473623
fitness 0.9477612
fitness 0.94822335
fitness 0.9496925
fitness 0.9515785
fitness 0.9545867
fitness 0.9553
fitness 0.95542514
Processing individual 699 for 'tabpfn_fhs'...
fit 0.9606364
fit 0.96838945
fit 0.9760153
fit 0.97951955
fit 0.98046845
Total steps: 975
fitness 0.9805373
fitness 0.9807878
fitness 0.9837805
fitness 0.9841908
fitness 0.98459303
fitness 0.98470885
fitness 0.9847604
fitness 0.98484796
fitness 0.9851203
fitness 0.9854414
fitness 0.9854563
fitness 0.9855002
fitness 0.98553455
Processing individual 700 for 'tabpfn_fhs'...
fit 0.85955966
fit 0.90284944
fit 0.9326081
fit 0.95015407
Total steps: 975
fitness 0.95154196
fitness 0.9586369
fitness 0.9599928
fitness 0.9612413
fitness 0.9616796
fitness 0.9622133
fitness 0.9624741
fitness 0.96397454
fitness 0.9650645
fitness 0.96551913
Processing individual 701 for 'tabpfn_fhs'...
fit 0.9606364
fit 0.96838945
fit 0.9760153
fit 0.97951955
fit 0.98046845
Total steps: 975
fitness 0.9805373
fitness 0.9807878
fitness 0.9837805
fitness 0.9841908
fitness 0.98459303
fitness 0.98470885
fitness 0.9847604
fitness 0.98484796
fitness 0.9851203
fitness 0.9854414
fitness 0.9854563
fitness 0.9855002
fitness 0.98553455
Processing individual 702 for 'tabpfn_fhs'...
fit 0.95285267
fit 0.9635216
fit 0.9700949
fit 0.97529733
fit 0.9759291
Total steps: 975
fitness 0.97635436
fitness 0.9766043
fitness 0.9803549
fitness 0.98099226
fitness 0.98118395
fitness 0.98130244
fitness 0.9813035
fitness 0.98175406
fitness 0.9818205
fitness 0.9819231
fitness 0.98199797
fitness 0.9820101
fitness 0.98232484
fitness 0.98268867
fitness 0.98279965
fitness 0.98286134
Processing individual 703 for 'tabpfn_fhs'...
fit 0.7207963
fit 0.72539675
fit 0.76638466
Total steps: 975
fitness 0.77270055
fitness 0.77355707
fitness 0.78056234
fitness 0.7810622
fitness 0.7813258
fitness 0.78327906
fitness 0.7842829
fitness 0.7892214
fitness 0.7900548
fitness 0.79148674
fitness 0.79191476
fitness 0.7928831
fitness 0.7933004
fitness 0.7986947
Processing individual 704 for 'tabpfn_fhs'...
fit 0.9041784
fit 0.9388333
fit 0.95656514
fit 0.962828
Total steps: 975
fitness 0.9644401
fitness 0.9691479
fitness 0.96994525
fitness 0.9712172
fitness 0.9712467
fitness 0.9715481
fitness 0.9722568
fitness 0.97292626
fitness 0.9733736
fitness 0.9735518
Processing individual 705 for 'tabpfn_fhs'...
fit 0.7352761
fit 0.76144564
fit 0.7978756
Total steps: 975
fitness 0.80758494
fitness 0.8088229
fitness 0.8088777
fitness 0.8106948
fitness 0.8168207
fitness 0.8190984
fitness 0.81910276
fitness 0.8191749
fitness 0.8193382
fitness 0.8230675
Processing individual 706 for 'tabpfn_fhs'...
fit 0.91220444
fit 0.9404784
fit 0.94432604
fit 0.9602816
fit 0.96539986
Total steps: 975
fitness 0.9667622
fitness 0.96677625
fitness 0.9713212
fitness 0.9717744
fitness 0.97323775
fitness 0.9732404
fitness 0.97352654
fitness 0.973721
fitness 0.97434795
fitness 0.97442573
fitness 0.97492963
fitness 0.9752938
Processing individual 707 for 'tabpfn_fhs'...
fit 0.85674465
fit 0.873536
fit 0.8899842
fit 0.9147663
Total steps: 975
fitness 0.9164601
fitness 0.92446965
fitness 0.9254486
fitness 0.9275688
fitness 0.93350196
fitness 0.9336995
fitness 0.9340811
fitness 0.9346869
fitness 0.9361365
fitness 0.93698424
fitness 0.9382355
fitness 0.93957895
fitness 0.93961596
fitness 0.9396996
fitness 0.94039524
fitness 0.9422805
fitness 0.9426649
fitness 0.94354403
fitness 0.94450575
fitness 0.9464488
Processing individual 708 for 'tabpfn_fhs'...
fit 0.8518986
fit 0.8635789
fit 0.87810355
fit 0.90578353
fit 0.9188018
Total steps: 975
fitness 0.9188397
fitness 0.91910934
fitness 0.9336839
fitness 0.93727654
fitness 0.9396066
fitness 0.9421953
fitness 0.9425307
fitness 0.9456736
fitness 0.9491043
fitness 0.94939953
fitness 0.9497658
Processing individual 709 for 'tabpfn_fhs'...
fit 0.88028324
fit 0.92759454
fit 0.9463878
fit 0.956452
Total steps: 975
fitness 0.9583139
fitness 0.9641237
fitness 0.965449
fitness 0.96682465
fitness 0.9671514
fitness 0.967257
fitness 0.9683868
fitness 0.9684852
fitness 0.96877027
fitness 0.96894926
fitness 0.96948355
fitness 0.969976
Processing individual 710 for 'tabpfn_fhs'...
fit 0.8213101
fit 0.8309982
fit 0.84960634
fit 0.8789451
fit 0.8971368
Total steps: 975
fitness 0.9099064
fitness 0.91375303
fitness 0.91662383
fitness 0.916824
fitness 0.9170774
fitness 0.9193201
fitness 0.9207847
fitness 0.92245626
fitness 0.92667913
fitness 0.9268525
fitness 0.927939
fitness 0.928395
Processing individual 711 for 'tabpfn_fhs'...
fit 0.6883539
fit 0.73153687
fit 0.75077254
fit 0.811865
fit 0.86350596
Total steps: 975
fitness 0.8790401
fitness 0.88551915
fitness 0.8858438
fitness 0.8872056
fitness 0.887702
fitness 0.8905859
fitness 0.89059097
fitness 0.8943801
fitness 0.89904803
fitness 0.90014726
fitness 0.9004071
Processing individual 712 for 'tabpfn_fhs'...
fit 0.7612295
fit 0.82925713
fit 0.873312
fit 0.9127489
Total steps: 975
fitness 0.91416353
fitness 0.9263578
fitness 0.930619
fitness 0.9323061
fitness 0.93353236
fitness 0.93458915
fitness 0.9373602
fitness 0.94149107
Processing individual 713 for 'tabpfn_fhs'...
fit 0.80278236
fit 0.85965836
fit 0.89910436
fit 0.92757446
Total steps: 975
fitness 0.9279629
fitness 0.9378289
fitness 0.9411126
fitness 0.94211274
fitness 0.9422073
fitness 0.9442059
fitness 0.9443954
fitness 0.9448254
fitness 0.94731134
fitness 0.94992423
fitness 0.95007324
fitness 0.9503873
fitness 0.9505889
Processing individual 714 for 'tabpfn_fhs'...
fit 0.7596602
fit 0.81715095
fit 0.8636521
fit 0.90724456
Total steps: 975
fitness 0.90802747
fitness 0.92136234
fitness 0.9257349
fitness 0.926727
fitness 0.92702603
fitness 0.9297446
fitness 0.93016
fitness 0.93220365
fitness 0.9366334
fitness 0.93706834
Processing individual 715 for 'tabpfn_fhs'...
fit 0.80056536
fit 0.8534894
fit 0.89742243
fit 0.90320617
Total steps: 975
fitness 0.90618193
fitness 0.90880525
fitness 0.9100354
fitness 0.91173303
fitness 0.9121086
fitness 0.9151239
fitness 0.9188817
fitness 0.92409873
fitness 0.92553073
fitness 0.92882526
Processing individual 716 for 'tabpfn_fhs'...
fit 0.6684693
fit 0.7077048
fit 0.7333828
fit 0.798852
fit 0.84531987
Total steps: 975
fitness 0.8519375
fitness 0.86854315
fitness 0.8751418
fitness 0.8765868
fitness 0.88087547
fitness 0.8862661
fitness 0.88700336
Processing individual 717 for 'tabpfn_fhs'...
fit 0.89110315
fit 0.91466814
fit 0.9194842
fit 0.93929994
fit 0.9450419
Total steps: 975
fitness 0.9477639
fitness 0.95602447
fitness 0.95797545
fitness 0.9603648
fitness 0.9611558
fitness 0.96246165
fitness 0.96468014
fitness 0.964722
Processing individual 718 for 'tabpfn_fhs'...
fit 0.9210976
fit 0.9500331
fit 0.9501945
fit 0.96421313
fit 0.96788406
Total steps: 975
fitness 0.96958923
fitness 0.973213
fitness 0.97395456
fitness 0.97396135
fitness 0.9749239
fitness 0.9749813
fitness 0.9750915
fitness 0.97511953
fitness 0.9754174
fitness 0.9756586
fitness 0.97569156
fitness 0.9757528
fitness 0.9757624
fitness 0.97587645
Processing individual 719 for 'tabpfn_fhs'...
fit 0.88394505
fit 0.9021565
fit 0.909784
fit 0.935237
fit 0.9414197
Total steps: 975
fitness 0.94402844
fitness 0.9523419
fitness 0.9549239
fitness 0.9571078
fitness 0.95829666
fitness 0.9608616
fitness 0.96225727
fitness 0.96225876
fitness 0.962507
Processing individual 720 for 'tabpfn_fhs'...
fit 0.91220444
fit 0.9404784
fit 0.94432604
fit 0.9602816
fit 0.96539986
Total steps: 975
fitness 0.9667622
fitness 0.96677625
fitness 0.9713212
fitness 0.9717744
fitness 0.97323775
fitness 0.9732404
fitness 0.97352654
fitness 0.973721
fitness 0.97434795
fitness 0.97442573
fitness 0.97492963
fitness 0.9752938
Processing individual 721 for 'tabpfn_fhs'...
fit 0.80528593
fit 0.8208157
fit 0.8406828
fit 0.86804414
fit 0.8885472
Total steps: 975
fitness 0.89922917
fitness 0.9054909
fitness 0.90741175
fitness 0.90758276
fitness 0.9106248
fitness 0.9127225
fitness 0.91304445
fitness 0.91724753
fitness 0.917465
fitness 0.9182793
Processing individual 722 for 'tabpfn_fhs'...
fit 0.9698228
fit 0.97373784
fit 0.98276454
fit 0.98533434
fit 0.9854196
Total steps: 975
fitness 0.9855082
fitness 0.98569334
fitness 0.9858514
fitness 0.98817265
fitness 0.98837316
fitness 0.9889431
fitness 0.98903066
fitness 0.98907876
fitness 0.98915964
fitness 0.9891893
fitness 0.9895313
Processing individual 723 for 'tabpfn_fhs'...
fit 0.62927806
fit 0.6405443
fit 0.6995007
fit 0.75711405
fit 0.7896131
Total steps: 975
fitness 0.79448044
fitness 0.79571956
fitness 0.7982403
fitness 0.80980796
fitness 0.8102013
fitness 0.8185239
fitness 0.8212557
fitness 0.82385296
fitness 0.82570577
fitness 0.8264093
fitness 0.8304893
fitness 0.8314479
fitness 0.8316864
fitness 0.8360714
Processing individual 724 for 'tabpfn_fhs'...
fit 0.7267963
fit 0.7942619
fit 0.84446836
fit 0.8851123
Total steps: 975
fitness 0.88656884
fitness 0.88775617
fitness 0.9023136
fitness 0.9083319
fitness 0.9102732
fitness 0.9107479
fitness 0.9111041
fitness 0.9134187
fitness 0.9144237
fitness 0.91761416
fitness 0.9223629
Processing individual 725 for 'tabpfn_fhs'...
fit 0.7205915
fit 0.74797815
fit 0.7787803
Total steps: 975
fitness 0.78957397
fitness 0.7923597
fitness 0.7924614
fitness 0.7925911
fitness 0.7944268
fitness 0.7950295
fitness 0.79606223
fitness 0.7966794
fitness 0.79744595
fitness 0.79931796
fitness 0.8008266
fitness 0.80311
Processing individual 726 for 'tabpfn_fhs'...
fit 0.5853628
fit 0.5954178
fit 0.6511022
fit 0.72472465
fit 0.7430581
Total steps: 975
fitness 0.7476697
fitness 0.7621162
fitness 0.7690145
fitness 0.779625
fitness 0.78471035
fitness 0.7857232
fitness 0.7895447
fitness 0.79184157
fitness 0.79714346
Processing individual 727 for 'tabpfn_fhs'...
fit 0.77004373
fit 0.8087529
fit 0.83078754
fit 0.87335753
fit 0.8875234
Total steps: 975
fitness 0.88771844
fitness 0.8902239
fitness 0.8906101
fitness 0.8953003
fitness 0.8968405
fitness 0.8986608
fitness 0.8996431
fitness 0.9005689
fitness 0.90133905
fitness 0.90295124
Processing individual 728 for 'tabpfn_fhs'...
fit 0.6883539
fit 0.73153687
fit 0.75077254
fit 0.811865
fit 0.86350596
Total steps: 975
fitness 0.8790401
fitness 0.88551915
fitness 0.8858438
fitness 0.8872056
fitness 0.887702
fitness 0.8905859
fitness 0.89059097
fitness 0.8943801
fitness 0.89904803
fitness 0.90014726
fitness 0.9004071
Processing individual 729 for 'tabpfn_fhs'...
fit 0.9606364
fit 0.96838945
fit 0.9760153
fit 0.97951955
fit 0.98046845
Total steps: 975
fitness 0.9805373
fitness 0.9807878
fitness 0.9837805
fitness 0.9841908
fitness 0.98459303
fitness 0.98470885
fitness 0.9847604
fitness 0.98484796
fitness 0.9851203
fitness 0.9854414
fitness 0.9854563
fitness 0.9855002
fitness 0.98553455
Processing individual 730 for 'tabpfn_fhs'...
fit 0.88028324
fit 0.92759454
fit 0.9463878
fit 0.956452
Total steps: 975
fitness 0.9583139
fitness 0.9641237
fitness 0.965449
fitness 0.96682465
fitness 0.9671514
fitness 0.967257
fitness 0.9683868
fitness 0.9684852
fitness 0.96877027
fitness 0.96894926
fitness 0.96948355
fitness 0.969976
Processing individual 731 for 'tabpfn_fhs'...
fit 0.6851958
fit 0.71834713
fit 0.7453002
fit 0.80432665
fit 0.84960884
Total steps: 975
fitness 0.8515553
fitness 0.8528724
fitness 0.8726885
fitness 0.8777418
fitness 0.880534
fitness 0.8856306
fitness 0.88647085
fitness 0.8932486
fitness 0.89370584
fitness 0.8938035
fitness 0.8951576
fitness 0.89568514
Processing individual 732 for 'tabpfn_fhs'...
fit 0.89110315
fit 0.91466814
fit 0.9194842
fit 0.93929994
fit 0.9450419
Total steps: 975
fitness 0.9477639
fitness 0.95602447
fitness 0.95797545
fitness 0.9603648
fitness 0.9611558
fitness 0.96246165
fitness 0.96468014
fitness 0.964722
Processing individual 733 for 'tabpfn_fhs'...
fit 0.9275662
fit 0.94260246
fit 0.9490576
fit 0.96181697
fit 0.96510077
Total steps: 975
fitness 0.9654782
fitness 0.965974
fitness 0.9712863
fitness 0.97245634
fitness 0.9732014
fitness 0.9735687
fitness 0.97424
fitness 0.9746518
fitness 0.9749368
fitness 0.9752701
fitness 0.9758432
Processing individual 734 for 'tabpfn_fhs'...
fit 0.95285267
fit 0.9635216
fit 0.9700949
fit 0.97529733
fit 0.9759291
Total steps: 975
fitness 0.97635436
fitness 0.9766043
fitness 0.9803549
fitness 0.98099226
fitness 0.98118395
fitness 0.98130244
fitness 0.9813035
fitness 0.98175406
fitness 0.9818205
fitness 0.9819231
fitness 0.98199797
fitness 0.9820101
fitness 0.98232484
fitness 0.98268867
fitness 0.98279965
fitness 0.98286134
Processing individual 735 for 'tabpfn_fhs'...
fit 0.87096447
fit 0.8861143
fit 0.8953802
fit 0.92277056
fit 0.9315035
Total steps: 975
fitness 0.9344536
fitness 0.946014
fitness 0.9481758
fitness 0.9510052
fitness 0.9512121
fitness 0.9519683
fitness 0.9538128
fitness 0.9547899
fitness 0.9575235
fitness 0.95762503
fitness 0.9579332
Processing individual 736 for 'tabpfn_fhs'...
fit 0.92847186
fit 0.954129
fit 0.957115
fit 0.96676004
fit 0.97015774
Total steps: 975
fitness 0.97187006
fitness 0.97513473
fitness 0.9755789
fitness 0.9766738
fitness 0.97677046
fitness 0.97699356
fitness 0.9770932
fitness 0.97772014
fitness 0.9777498
fitness 0.9777995
fitness 0.97788143
fitness 0.97817975
Processing individual 737 for 'tabpfn_fhs'...
fit 0.66957986
fit 0.7053129
fit 0.73626375
fit 0.78259456
fit 0.82055783
Total steps: 975
fitness 0.8206332
fitness 0.8251264
fitness 0.8333335
fitness 0.8427787
fitness 0.84743047
fitness 0.8487185
fitness 0.84905314
fitness 0.84912896
fitness 0.85024804
fitness 0.8513848
fitness 0.85312766
fitness 0.85345936
fitness 0.8548001
fitness 0.85838264
Processing individual 738 for 'tabpfn_fhs'...
fit 0.8122687
fit 0.8660463
fit 0.908753
fit 0.93403655
Total steps: 975
fitness 0.9358798
fitness 0.94431597
fitness 0.9469575
fitness 0.94730705
fitness 0.9474982
fitness 0.9485776
fitness 0.9486813
fitness 0.94869596
fitness 0.94877815
fitness 0.95186555
fitness 0.9540962
fitness 0.95435154
fitness 0.9545605
fitness 0.9548769
fitness 0.95516944
Processing individual 739 for 'tabpfn_fhs'...
fit 0.71765304
fit 0.7519814
fit 0.77526075
fit 0.82742953
fit 0.8600331
Total steps: 975
fitness 0.86147916
fitness 0.8633222
fitness 0.8730811
fitness 0.8737273
fitness 0.87655073
fitness 0.8782905
fitness 0.87948906
fitness 0.87958175
Processing individual 740 for 'tabpfn_fhs'...
fit 0.73027366
fit 0.7562601
fit 0.7865774
Total steps: 975
fitness 0.78668493
fitness 0.7990514
fitness 0.79945713
fitness 0.8010937
fitness 0.8011632
fitness 0.802457
fitness 0.804444
fitness 0.80473024
fitness 0.8060891
Processing individual 741 for 'tabpfn_fhs'...
fit 0.9210976
fit 0.9500331
fit 0.9501945
fit 0.96421313
fit 0.96788406
Total steps: 975
fitness 0.96958923
fitness 0.973213
fitness 0.97395456
fitness 0.97396135
fitness 0.9749239
fitness 0.9749813
fitness 0.9750915
fitness 0.97511953
fitness 0.9754174
fitness 0.9756586
fitness 0.97569156
fitness 0.9757528
fitness 0.9757624
fitness 0.97587645
Processing individual 742 for 'tabpfn_fhs'...
fit 0.571387
fit 0.63709646
fit 0.7095786
fit 0.7322367
Total steps: 975
fitness 0.7358363
fitness 0.73932666
fitness 0.76070094
fitness 0.76748
fitness 0.7706148
fitness 0.7712608
fitness 0.7742828
fitness 0.7763502
fitness 0.78208673
Processing individual 743 for 'tabpfn_fhs'...
fit 0.8518986
fit 0.8635789
fit 0.87810355
fit 0.90578353
fit 0.9188018
Total steps: 975
fitness 0.9188397
fitness 0.91910934
fitness 0.9336839
fitness 0.93727654
fitness 0.9396066
fitness 0.9421953
fitness 0.9425307
fitness 0.9456736
fitness 0.9491043
fitness 0.94939953
fitness 0.9497658
Processing individual 744 for 'tabpfn_fhs'...
fit 0.9041784
fit 0.9388333
fit 0.95656514
fit 0.962828
Total steps: 975
fitness 0.9644401
fitness 0.9691479
fitness 0.96994525
fitness 0.9712172
fitness 0.9712467
fitness 0.9715481
fitness 0.9722568
fitness 0.97292626
fitness 0.9733736
fitness 0.9735518
Processing individual 745 for 'tabpfn_fhs'...
fit 0.8195929
fit 0.82805204
fit 0.853505
fit 0.8823906
Total steps: 975
fitness 0.8842186
fitness 0.89372766
fitness 0.89382154
fitness 0.8952569
fitness 0.9034072
fitness 0.90428174
fitness 0.9052374
fitness 0.9093118
fitness 0.9097619
fitness 0.91311777
fitness 0.9142876
fitness 0.9148298
Processing individual 746 for 'tabpfn_fhs'...
fit 0.9606364
fit 0.96838945
fit 0.9760153
fit 0.97951955
fit 0.98046845
Total steps: 975
fitness 0.9805373
fitness 0.9807878
fitness 0.9837805
fitness 0.9841908
fitness 0.98459303
fitness 0.98470885
fitness 0.9847604
fitness 0.98484796
fitness 0.9851203
fitness 0.9854414
fitness 0.9854563
fitness 0.9855002
fitness 0.98553455
Processing individual 747 for 'tabpfn_fhs'...
fit 0.5415118
fit 0.60223806
fit 0.6838961
fit 0.69538516
Total steps: 975
fitness 0.70194626
fitness 0.710639
fitness 0.7337678
fitness 0.73389566
fitness 0.7344304
fitness 0.74163365
fitness 0.74225575
fitness 0.7471767
fitness 0.7494629
Processing individual 748 for 'tabpfn_fhs'...
fit 0.95751894
fit 0.96496314
fit 0.97277915
fit 0.9773608
fit 0.97793096
Total steps: 975
fitness 0.97822237
fitness 0.9786215
fitness 0.98181385
fitness 0.9828391
fitness 0.98297846
fitness 0.9829791
fitness 0.9833164
fitness 0.9837058
fitness 0.9839615
fitness 0.9840762
fitness 0.98432094
Processing individual 749 for 'tabpfn_fhs'...
fit 0.87096447
fit 0.8861143
fit 0.8953802
fit 0.92277056
fit 0.9315035
Total steps: 975
fitness 0.9344536
fitness 0.946014
fitness 0.9481758
fitness 0.9510052
fitness 0.9512121
fitness 0.9519683
fitness 0.9538128
fitness 0.9547899
fitness 0.9575235
fitness 0.95762503
fitness 0.9579332
Processing individual 750 for 'tabpfn_fhs'...
fit 0.8413341
fit 0.85261625
fit 0.86560166
fit 0.8947542
fit 0.90993434
Total steps: 975
fitness 0.9248254
fitness 0.92801297
fitness 0.93241584
fitness 0.9335466
fitness 0.9338682
fitness 0.9367394
fitness 0.9400588
fitness 0.9404007
fitness 0.9411902
Processing individual 751 for 'tabpfn_fhs'...
fit 0.70754266
fit 0.77658916
fit 0.82500654
fit 0.8676257
Total steps: 975
fitness 0.873912
fitness 0.8913727
fitness 0.8976655
fitness 0.89859486
fitness 0.899299
fitness 0.89980245
fitness 0.8999042
fitness 0.9012405
fitness 0.90309656
fitness 0.9031706
fitness 0.9070803
fitness 0.91176707
fitness 0.91417015
Processing individual 752 for 'tabpfn_fhs'...
fit 0.9144931
fit 0.9265255
fit 0.94325346
fit 0.9552647
Total steps: 975
fitness 0.9557135
fitness 0.9595575
fitness 0.959969
fitness 0.962477
fitness 0.9634533
fitness 0.96359867
fitness 0.96366024
fitness 0.9637455
fitness 0.9637956
fitness 0.9639242
fitness 0.9645919
fitness 0.9647004
fitness 0.9656551
fitness 0.967104
fitness 0.9673315
fitness 0.96767527
fitness 0.9678676
Processing individual 753 for 'tabpfn_fhs'...
fit 0.8781043
fit 0.88899356
fit 0.9113683
fit 0.9312137
fit 0.93137103
Total steps: 975
fitness 0.93781745
fitness 0.93786836
fitness 0.93818897
fitness 0.93829435
fitness 0.9392703
fitness 0.9398565
fitness 0.94863397
fitness 0.95076036
fitness 0.9538621
fitness 0.9541168
fitness 0.954225
fitness 0.95454055
Processing individual 754 for 'tabpfn_fhs'...
fit 0.851945
fit 0.88969654
fit 0.92629254
fit 0.9462867
Total steps: 975
fitness 0.9468931
fitness 0.9546701
fitness 0.95660007
fitness 0.95765024
fitness 0.9576711
fitness 0.95815814
fitness 0.9584505
fitness 0.9591923
fitness 0.9612287
fitness 0.96305335
fitness 0.9632487
fitness 0.96339905
fitness 0.9634875
fitness 0.9635664
Processing individual 755 for 'tabpfn_fhs'...
fit 0.8639058
fit 0.8656729
fit 0.8995414
fit 0.92379814
Total steps: 975
fitness 0.9294042
fitness 0.9301719
fitness 0.93356836
fitness 0.93385005
fitness 0.93390846
fitness 0.9341434
fitness 0.93518674
fitness 0.9356906
fitness 0.936367
fitness 0.9371833
fitness 0.9373052
fitness 0.9377706
fitness 0.9397719
Processing individual 756 for 'tabpfn_fhs'...
fit 0.56345963
fit 0.6298463
fit 0.7022642
fit 0.7234182
Total steps: 975
fitness 0.733742
fitness 0.74801946
fitness 0.75591683
fitness 0.75715965
fitness 0.7621627
fitness 0.7669827
fitness 0.7697345
fitness 0.77181464
fitness 0.7776894
Processing individual 757 for 'tabpfn_fhs'...
fit 0.9067035
fit 0.92434865
fit 0.9314311
fit 0.94964916
fit 0.9550657
Total steps: 975
fitness 0.95683485
fitness 0.9629775
fitness 0.96456754
fitness 0.9662689
fitness 0.9665916
fitness 0.9671564
fitness 0.96737903
fitness 0.9674286
fitness 0.96853715
fitness 0.96943945
fitness 0.96963114
fitness 0.9699644
Processing individual 758 for 'tabpfn_fhs'...
fit 0.82858455
fit 0.8364067
fit 0.85911083
fit 0.89062256
Total steps: 975
fitness 0.8912062
fitness 0.9007789
fitness 0.90132976
fitness 0.9042335
fitness 0.9115089
fitness 0.9129108
fitness 0.91413456
fitness 0.9152879
fitness 0.9176458
fitness 0.9193409
fitness 0.9204995
fitness 0.9210315
fitness 0.92216384
Processing individual 759 for 'tabpfn_fhs'...
fit 0.78786194
fit 0.806882
fit 0.8445427
Total steps: 975
fitness 0.8595495
fitness 0.8651661
fitness 0.8652694
fitness 0.87054443
fitness 0.8711217
fitness 0.8714587
fitness 0.8727778
fitness 0.87473035
fitness 0.8752723
fitness 0.8778942
Processing individual 760 for 'tabpfn_fhs'...
fit 0.6851958
fit 0.71834713
fit 0.7453002
fit 0.80432665
fit 0.84960884
Total steps: 975
fitness 0.8515553
fitness 0.8528724
fitness 0.8726885
fitness 0.8777418
fitness 0.880534
fitness 0.8856306
fitness 0.88647085
fitness 0.8932486
fitness 0.89370584
fitness 0.8938035
fitness 0.8951576
fitness 0.89568514
Processing individual 761 for 'tabpfn_fhs'...
fit 0.8122687
fit 0.8660463
fit 0.908753
fit 0.93403655
Total steps: 975
fitness 0.9358798
fitness 0.94431597
fitness 0.9469575
fitness 0.94730705
fitness 0.9474982
fitness 0.9485776
fitness 0.9486813
fitness 0.94869596
fitness 0.94877815
fitness 0.95186555
fitness 0.9540962
fitness 0.95435154
fitness 0.9545605
fitness 0.9548769
fitness 0.95516944
Processing individual 762 for 'tabpfn_fhs'...
fit 0.88028324
fit 0.92759454
fit 0.9463878
fit 0.956452
Total steps: 975
fitness 0.9583139
fitness 0.9641237
fitness 0.965449
fitness 0.96682465
fitness 0.9671514
fitness 0.967257
fitness 0.9683868
fitness 0.9684852
fitness 0.96877027
fitness 0.96894926
fitness 0.96948355
fitness 0.969976
Processing individual 763 for 'tabpfn_fhs'...
fit 0.6224479
fit 0.6696737
fit 0.69504243
fit 0.7640161
fit 0.8163717
Total steps: 975
fitness 0.8439576
fitness 0.84731644
fitness 0.851867
fitness 0.85843945
fitness 0.86208653
fitness 0.86212784
fitness 0.86516964
fitness 0.86561733
Processing individual 764 for 'tabpfn_fhs'...
fit 0.9067035
fit 0.92434865
fit 0.9314311
fit 0.94964916
fit 0.9550657
Total steps: 975
fitness 0.95683485
fitness 0.9629775
fitness 0.96456754
fitness 0.9662689
fitness 0.9665916
fitness 0.9671564
fitness 0.96737903
fitness 0.9674286
fitness 0.96853715
fitness 0.96943945
fitness 0.96963114
fitness 0.9699644
Processing individual 765 for 'tabpfn_fhs'...
fit 0.6883539
fit 0.73153687
fit 0.75077254
fit 0.811865
fit 0.86350596
Total steps: 975
fitness 0.8790401
fitness 0.88551915
fitness 0.8858438
fitness 0.8872056
fitness 0.887702
fitness 0.8905859
fitness 0.89059097
fitness 0.8943801
fitness 0.89904803
fitness 0.90014726
fitness 0.9004071
Processing individual 766 for 'tabpfn_fhs'...
fit 0.6684693
fit 0.7077048
fit 0.7333828
fit 0.798852
fit 0.84531987
Total steps: 975
fitness 0.8519375
fitness 0.86854315
fitness 0.8751418
fitness 0.8765868
fitness 0.88087547
fitness 0.8862661
fitness 0.88700336
Processing individual 767 for 'tabpfn_fhs'...
fit 0.746697
fit 0.7886229
fit 0.7934905
fit 0.84762156
fit 0.89288557
Total steps: 975
fitness 0.8934748
fitness 0.89431816
fitness 0.9095156
fitness 0.9143776
fitness 0.91658664
fitness 0.91689
fitness 0.9187295
fitness 0.91957045
fitness 0.9230634
fitness 0.92681444
fitness 0.9270979
fitness 0.9281447
Processing individual 768 for 'tabpfn_fhs'...
fit 0.6508867
fit 0.66214406
fit 0.7079546
fit 0.76113296
fit 0.79884183
Total steps: 975
fitness 0.8009109
fitness 0.80828124
fitness 0.8142522
fitness 0.8181065
fitness 0.8276916
fitness 0.83218086
fitness 0.8328002
fitness 0.83878386
fitness 0.8393755
fitness 0.8406965
Processing individual 769 for 'tabpfn_fhs'...
fit 0.8593517
fit 0.87008417
fit 0.8848883
fit 0.9123551
fit 0.9222149
Total steps: 975
fitness 0.9227315
fitness 0.92479837
fitness 0.93849885
fitness 0.9408415
fitness 0.94341236
fitness 0.94380254
fitness 0.94598174
fitness 0.9477785
fitness 0.9514585
fitness 0.9515249
fitness 0.95184636
Processing individual 770 for 'tabpfn_fhs'...
fit 0.89110315
fit 0.91466814
fit 0.9194842
fit 0.93929994
fit 0.9450419
Total steps: 975
fitness 0.9477639
fitness 0.95602447
fitness 0.95797545
fitness 0.9603648
fitness 0.9611558
fitness 0.96246165
fitness 0.96468014
fitness 0.964722
Processing individual 771 for 'tabpfn_fhs'...
fit 0.9638549
fit 0.9695841
fit 0.97867537
fit 0.981755
fit 0.9818891
Total steps: 975
fitness 0.98238325
fitness 0.9825168
fitness 0.9852797
fitness 0.9856727
fitness 0.98597866
fitness 0.986066
fitness 0.9862454
fitness 0.9862862
fitness 0.98633814
fitness 0.9863739
fitness 0.9864111
fitness 0.98664194
fitness 0.9866938
fitness 0.9869307
Processing individual 772 for 'tabpfn_fhs'...
fit 0.9432576
fit 0.95421135
fit 0.96413124
fit 0.97042066
fit 0.9725088
Total steps: 975
fitness 0.9727609
fitness 0.9777224
fitness 0.97845477
fitness 0.97912353
fitness 0.97924805
fitness 0.9795195
fitness 0.9798854
fitness 0.98040974
fitness 0.9804872
Processing individual 773 for 'tabpfn_fhs'...
fit 0.80278236
fit 0.85965836
fit 0.89910436
fit 0.92757446
Total steps: 975
fitness 0.9279629
fitness 0.9378289
fitness 0.9411126
fitness 0.94211274
fitness 0.9422073
fitness 0.9442059
fitness 0.9443954
fitness 0.9448254
fitness 0.94731134
fitness 0.94992423
fitness 0.95007324
fitness 0.9503873
fitness 0.9505889
Processing individual 774 for 'tabpfn_fhs'...
fit 0.84739053
fit 0.8609688
fit 0.8713579
fit 0.9026493
fit 0.9158594
Total steps: 975
fitness 0.9295026
fitness 0.93259805
fitness 0.93524545
fitness 0.9353824
fitness 0.9382317
fitness 0.9406345
fitness 0.944371
fitness 0.94512624
fitness 0.9455403
Processing individual 775 for 'tabpfn_fhs'...
fit 0.65432584
fit 0.6754265
fit 0.7123343
fit 0.7680966
fit 0.8103281
Total steps: 975
fitness 0.8104974
fitness 0.8181978
fitness 0.8244608
fitness 0.8257136
fitness 0.83113366
fitness 0.83461225
fitness 0.8437974
fitness 0.8456989
Processing individual 776 for 'tabpfn_fhs'...
fit 0.7798948
fit 0.80177915
fit 0.83774924
Total steps: 975
fitness 0.85466254
fitness 0.8547998
fitness 0.85608625
fitness 0.8577237
fitness 0.859262
fitness 0.8599399
fitness 0.86417615
fitness 0.86443484
fitness 0.8682618
Processing individual 777 for 'tabpfn_fhs'...
fit 0.92021763
fit 0.9376594
fit 0.94529116
fit 0.9574318
fit 0.96202046
Total steps: 975
fitness 0.9622514
fitness 0.96250045
fitness 0.96919954
fitness 0.9700511
fitness 0.97136974
fitness 0.97145194
fitness 0.9714531
fitness 0.9719551
fitness 0.97228205
fitness 0.97290903
fitness 0.97291386
fitness 0.9729371
fitness 0.9729396
fitness 0.97301537
Processing individual 778 for 'tabpfn_fhs'...
fit 0.9481112
fit 0.9583212
fit 0.9674767
fit 0.972845
fit 0.9747505
Total steps: 975
fitness 0.9791072
fitness 0.98018044
fitness 0.98037153
fitness 0.98038197
fitness 0.9805648
fitness 0.9811362
fitness 0.98114187
fitness 0.98174
fitness 0.98175794
fitness 0.98177844
fitness 0.9818002
Processing individual 779 for 'tabpfn_fhs'...
fit 0.8213101
fit 0.8309982
fit 0.84960634
fit 0.8789451
fit 0.8971368
Total steps: 975
fitness 0.9099064
fitness 0.91375303
fitness 0.91662383
fitness 0.916824
fitness 0.9170774
fitness 0.9193201
fitness 0.9207847
fitness 0.92245626
fitness 0.92667913
fitness 0.9268525
fitness 0.927939
fitness 0.928395
Processing individual 780 for 'tabpfn_fhs'...
fit 0.85955966
fit 0.90284944
fit 0.9326081
fit 0.95015407
Total steps: 975
fitness 0.95154196
fitness 0.9586369
fitness 0.9599928
fitness 0.9612413
fitness 0.9616796
fitness 0.9622133
fitness 0.9624741
fitness 0.96397454
fitness 0.9650645
fitness 0.96551913
Processing individual 781 for 'tabpfn_fhs'...
fit 0.8980746
fit 0.9152133
fit 0.9237394
fit 0.9443437
fit 0.9495675
Total steps: 975
fitness 0.9516524
fitness 0.95186585
fitness 0.96007156
fitness 0.9610886
fitness 0.96325535
fitness 0.9640598
fitness 0.9649041
fitness 0.9663312
fitness 0.96650696
fitness 0.9666814
fitness 0.96689487
Processing individual 782 for 'tabpfn_fhs'...
fit 0.66957986
fit 0.7053129
fit 0.73626375
fit 0.78259456
fit 0.82055783
Total steps: 975
fitness 0.8206332
fitness 0.8251264
fitness 0.8333335
fitness 0.8427787
fitness 0.84743047
fitness 0.8487185
fitness 0.84905314
fitness 0.84912896
fitness 0.85024804
fitness 0.8513848
fitness 0.85312766
fitness 0.85345936
fitness 0.8548001
fitness 0.85838264
Processing individual 783 for 'tabpfn_fhs'...
fit 0.7331953
fit 0.7899708
fit 0.8546292
fit 0.89336854
Total steps: 975
fitness 0.9057539
fitness 0.91072977
fitness 0.9156772
fitness 0.9176881
fitness 0.9184234
fitness 0.9215203
fitness 0.92509234
fitness 0.9263019
fitness 0.92659247
Processing individual 784 for 'tabpfn_fhs'...
fit 0.8195929
fit 0.82805204
fit 0.853505
fit 0.8823906
Total steps: 975
fitness 0.8842186
fitness 0.89372766
fitness 0.89382154
fitness 0.8952569
fitness 0.9034072
fitness 0.90428174
fitness 0.9052374
fitness 0.9093118
fitness 0.9097619
fitness 0.91311777
fitness 0.9142876
fitness 0.9148298
Processing individual 785 for 'tabpfn_fhs'...
fit 0.61276686
fit 0.6475985
fit 0.67808634
fit 0.7579492
fit 0.7991115
Total steps: 975
fitness 0.8193736
fitness 0.8346166
fitness 0.83588386
fitness 0.8370918
fitness 0.838873
fitness 0.8420928
fitness 0.84403116
fitness 0.84643865
fitness 0.84701395
fitness 0.84743917
Processing individual 786 for 'tabpfn_fhs'...
fit 0.80278236
fit 0.85965836
fit 0.89910436
fit 0.92757446
Total steps: 975
fitness 0.9279629
fitness 0.9378289
fitness 0.9411126
fitness 0.94211274
fitness 0.9422073
fitness 0.9442059
fitness 0.9443954
fitness 0.9448254
fitness 0.94731134
fitness 0.94992423
fitness 0.95007324
fitness 0.9503873
fitness 0.9505889
Processing individual 787 for 'tabpfn_fhs'...
fit 0.87096447
fit 0.8861143
fit 0.8953802
fit 0.92277056
fit 0.9315035
Total steps: 975
fitness 0.9344536
fitness 0.946014
fitness 0.9481758
fitness 0.9510052
fitness 0.9512121
fitness 0.9519683
fitness 0.9538128
fitness 0.9547899
fitness 0.9575235
fitness 0.95762503
fitness 0.9579332
Processing individual 788 for 'tabpfn_fhs'...
fit 0.9067035
fit 0.92434865
fit 0.9314311
fit 0.94964916
fit 0.9550657
Total steps: 975
fitness 0.95683485
fitness 0.9629775
fitness 0.96456754
fitness 0.9662689
fitness 0.9665916
fitness 0.9671564
fitness 0.96737903
fitness 0.9674286
fitness 0.96853715
fitness 0.96943945
fitness 0.96963114
fitness 0.9699644
Processing individual 789 for 'tabpfn_fhs'...
fit 0.8518986
fit 0.8635789
fit 0.87810355
fit 0.90578353
fit 0.9188018
Total steps: 975
fitness 0.9188397
fitness 0.91910934
fitness 0.9336839
fitness 0.93727654
fitness 0.9396066
fitness 0.9421953
fitness 0.9425307
fitness 0.9456736
fitness 0.9491043
fitness 0.94939953
fitness 0.9497658
Processing individual 790 for 'tabpfn_fhs'...
fit 0.87925994
fit 0.8923553
fit 0.9015475
fit 0.9292953
fit 0.9349795
Total steps: 975
fitness 0.94227743
fitness 0.9486953
fitness 0.95235366
fitness 0.95447886
fitness 0.9545561
fitness 0.9561991
fitness 0.95761585
fitness 0.95972055
fitness 0.95988965
fitness 0.9602855
Processing individual 791 for 'tabpfn_fhs'...
fit 0.8127932
fit 0.81628466
fit 0.845933
fit 0.8740381
fit 0.8931992
Total steps: 975
fitness 0.9048571
fitness 0.9092596
fitness 0.9128432
fitness 0.91305894
fitness 0.9131162
fitness 0.9139386
fitness 0.91472423
fitness 0.91744065
fitness 0.9228745
fitness 0.9237881
Processing individual 792 for 'tabpfn_fhs'...
fit 0.80528593
fit 0.8208157
fit 0.8406828
fit 0.86804414
fit 0.8885472
Total steps: 975
fitness 0.89922917
fitness 0.9054909
fitness 0.90741175
fitness 0.90758276
fitness 0.9106248
fitness 0.9127225
fitness 0.91304445
fitness 0.91724753
fitness 0.917465
fitness 0.9182793
Processing individual 793 for 'tabpfn_fhs'...
fit 0.87925994
fit 0.8923553
fit 0.9015475
fit 0.9292953
fit 0.9349795
Total steps: 975
fitness 0.94227743
fitness 0.9486953
fitness 0.95235366
fitness 0.95447886
fitness 0.9545561
fitness 0.9561991
fitness 0.95761585
fitness 0.95972055
fitness 0.95988965
fitness 0.9602855
Processing individual 794 for 'tabpfn_fhs'...
fit 0.9432576
fit 0.95421135
fit 0.96413124
fit 0.97042066
fit 0.9725088
Total steps: 975
fitness 0.9727609
fitness 0.9777224
fitness 0.97845477
fitness 0.97912353
fitness 0.97924805
fitness 0.9795195
fitness 0.9798854
fitness 0.98040974
fitness 0.9804872
Processing individual 795 for 'tabpfn_fhs'...
fit 0.8213101
fit 0.8309982
fit 0.84960634
fit 0.8789451
fit 0.8971368
Total steps: 975
fitness 0.9099064
fitness 0.91375303
fitness 0.91662383
fitness 0.916824
fitness 0.9170774
fitness 0.9193201
fitness 0.9207847
fitness 0.92245626
fitness 0.92667913
fitness 0.9268525
fitness 0.927939
fitness 0.928395
Processing individual 796 for 'tabpfn_fhs'...
fit 0.597801
fit 0.60720444
fit 0.6569057
fit 0.72642636
fit 0.7521688
Total steps: 975
fitness 0.7528653
fitness 0.75744754
fitness 0.768578
fitness 0.774656
fitness 0.77614415
fitness 0.7770686
fitness 0.78402317
fitness 0.7871311
fitness 0.7883526
fitness 0.7906253
fitness 0.793776
fitness 0.7958052
fitness 0.797736
fitness 0.798187
fitness 0.7999
Processing individual 797 for 'tabpfn_fhs'...
fit 0.9380497
fit 0.95206344
fit 0.9582532
fit 0.9681602
fit 0.97059625
Total steps: 975
fitness 0.9707296
fitness 0.97084
fitness 0.9757929
fitness 0.97597146
fitness 0.9776169
fitness 0.97784203
fitness 0.9783922
fitness 0.97948563
Processing individual 798 for 'tabpfn_fhs'...
fit 0.8252755
fit 0.8951334
fit 0.9154146
fit 0.93908674
Total steps: 975
fitness 0.94181585
fitness 0.9498819
fitness 0.95216465
fitness 0.9529466
fitness 0.95298225
fitness 0.95309776
fitness 0.9539776
fitness 0.95649785
fitness 0.9590365
fitness 0.959602
Processing individual 799 for 'tabpfn_fhs'...
fit 0.92847186
fit 0.954129
fit 0.957115
fit 0.96676004
fit 0.97015774
Total steps: 975
fitness 0.97187006
fitness 0.97513473
fitness 0.9755789
fitness 0.9766738
fitness 0.97677046
fitness 0.97699356
fitness 0.9770932
fitness 0.97772014
fitness 0.9777498
fitness 0.9777995
fitness 0.97788143
fitness 0.97817975
Processing individual 800 for 'tabpfn_fhs'...
fit 0.9432576
fit 0.95421135
fit 0.96413124
fit 0.97042066
fit 0.9725088
Total steps: 975
fitness 0.9727609
fitness 0.9777224
fitness 0.97845477
fitness 0.97912353
fitness 0.97924805
fitness 0.9795195
fitness 0.9798854
fitness 0.98040974
fitness 0.9804872
Processing individual 801 for 'tabpfn_fhs'...
fit 0.6606135
fit 0.6849219
fit 0.72185284
fit 0.7755176
fit 0.8154601
Total steps: 975
fitness 0.8166644
fitness 0.8237103
fitness 0.8314124
fitness 0.8372987
fitness 0.84252876
fitness 0.8430969
fitness 0.843114
fitness 0.8434857
fitness 0.84675425
fitness 0.8479494
fitness 0.85139936
fitness 0.85275966
Processing individual 802 for 'tabpfn_fhs'...
fit 0.9067035
fit 0.92434865
fit 0.9314311
fit 0.94964916
fit 0.9550657
Total steps: 975
fitness 0.95683485
fitness 0.9629775
fitness 0.96456754
fitness 0.9662689
fitness 0.9665916
fitness 0.9671564
fitness 0.96737903
fitness 0.9674286
fitness 0.96853715
fitness 0.96943945
fitness 0.96963114
fitness 0.9699644
Processing individual 803 for 'tabpfn_fhs'...
fit 0.91320825
fit 0.9341744
fit 0.9389479
fit 0.95477563
fit 0.958992
Total steps: 975
fitness 0.9602367
fitness 0.96094507
fitness 0.96718115
fitness 0.96787107
fitness 0.9695029
fitness 0.96953756
fitness 0.96970785
fitness 0.9705186
fitness 0.97121763
fitness 0.9720699
fitness 0.9722816
Processing individual 804 for 'tabpfn_fhs'...
fit 0.7205915
fit 0.74797815
fit 0.7787803
Total steps: 975
fitness 0.78957397
fitness 0.7923597
fitness 0.7924614
fitness 0.7925911
fitness 0.7944268
fitness 0.7950295
fitness 0.79606223
fitness 0.7966794
fitness 0.79744595
fitness 0.79931796
fitness 0.8008266
fitness 0.80311
Processing individual 805 for 'tabpfn_fhs'...
fit 0.6231602
fit 0.68166584
fit 0.770035
fit 0.806697
Total steps: 975
fitness 0.8306545
fitness 0.83915716
fitness 0.84301275
fitness 0.84567755
fitness 0.8483639
fitness 0.8509634
fitness 0.85184115
fitness 0.85196936
Processing individual 806 for 'tabpfn_fhs'...
fit 0.80528593
fit 0.8208157
fit 0.8406828
fit 0.86804414
fit 0.8885472
Total steps: 975
fitness 0.89922917
fitness 0.9054909
fitness 0.90741175
fitness 0.90758276
fitness 0.9106248
fitness 0.9127225
fitness 0.91304445
fitness 0.91724753
fitness 0.917465
fitness 0.9182793
Processing individual 807 for 'tabpfn_fhs'...
fit 0.84739053
fit 0.8609688
fit 0.8713579
fit 0.9026493
fit 0.9158594
Total steps: 975
fitness 0.9295026
fitness 0.93259805
fitness 0.93524545
fitness 0.9353824
fitness 0.9382317
fitness 0.9406345
fitness 0.944371
fitness 0.94512624
fitness 0.9455403
Processing individual 808 for 'tabpfn_fhs'...
fit 0.9210976
fit 0.9500331
fit 0.9501945
fit 0.96421313
fit 0.96788406
Total steps: 975
fitness 0.96958923
fitness 0.973213
fitness 0.97395456
fitness 0.97396135
fitness 0.9749239
fitness 0.9749813
fitness 0.9750915
fitness 0.97511953
fitness 0.9754174
fitness 0.9756586
fitness 0.97569156
fitness 0.9757528
fitness 0.9757624
fitness 0.97587645
Processing individual 809 for 'tabpfn_fhs'...
fit 0.92021763
fit 0.9376594
fit 0.94529116
fit 0.9574318
fit 0.96202046
Total steps: 975
fitness 0.9622514
fitness 0.96250045
fitness 0.96919954
fitness 0.9700511
fitness 0.97136974
fitness 0.97145194
fitness 0.9714531
fitness 0.9719551
fitness 0.97228205
fitness 0.97290903
fitness 0.97291386
fitness 0.9729371
fitness 0.9729396
fitness 0.97301537
Processing individual 810 for 'tabpfn_fhs'...
fit 0.80278236
fit 0.85965836
fit 0.89910436
fit 0.92757446
Total steps: 975
fitness 0.9279629
fitness 0.9378289
fitness 0.9411126
fitness 0.94211274
fitness 0.9422073
fitness 0.9442059
fitness 0.9443954
fitness 0.9448254
fitness 0.94731134
fitness 0.94992423
fitness 0.95007324
fitness 0.9503873
fitness 0.9505889
Processing individual 811 for 'tabpfn_fhs'...
fit 0.80278236
fit 0.85965836
fit 0.89910436
fit 0.92757446
Total steps: 975
fitness 0.9279629
fitness 0.9378289
fitness 0.9411126
fitness 0.94211274
fitness 0.9422073
fitness 0.9442059
fitness 0.9443954
fitness 0.9448254
fitness 0.94731134
fitness 0.94992423
fitness 0.95007324
fitness 0.9503873
fitness 0.9505889
Processing individual 812 for 'tabpfn_fhs'...
fit 0.6883539
fit 0.73153687
fit 0.75077254
fit 0.811865
fit 0.86350596
Total steps: 975
fitness 0.8790401
fitness 0.88551915
fitness 0.8858438
fitness 0.8872056
fitness 0.887702
fitness 0.8905859
fitness 0.89059097
fitness 0.8943801
fitness 0.89904803
fitness 0.90014726
fitness 0.9004071
Processing individual 813 for 'tabpfn_fhs'...
fit 0.9275662
fit 0.94260246
fit 0.9490576
fit 0.96181697
fit 0.96510077
Total steps: 975
fitness 0.9654782
fitness 0.965974
fitness 0.9712863
fitness 0.97245634
fitness 0.9732014
fitness 0.9735687
fitness 0.97424
fitness 0.9746518
fitness 0.9749368
fitness 0.9752701
fitness 0.9758432
Processing individual 814 for 'tabpfn_fhs'...
fit 0.9041784
fit 0.9388333
fit 0.95656514
fit 0.962828
Total steps: 975
fitness 0.9644401
fitness 0.9691479
fitness 0.96994525
fitness 0.9712172
fitness 0.9712467
fitness 0.9715481
fitness 0.9722568
fitness 0.97292626
fitness 0.9733736
fitness 0.9735518
Processing individual 815 for 'tabpfn_fhs'...
fit 0.77723676
fit 0.7978853
fit 0.8376371
Total steps: 975
fitness 0.84960854
fitness 0.85668504
fitness 0.85690594
fitness 0.85692745
fitness 0.86011606
fitness 0.8607042
fitness 0.8612042
fitness 0.86250806
fitness 0.86306727
fitness 0.86461043
fitness 0.866313
fitness 0.8670789
fitness 0.8707161
Processing individual 816 for 'tabpfn_fhs'...
fit 0.78786194
fit 0.806882
fit 0.8445427
Total steps: 975
fitness 0.8595495
fitness 0.8651661
fitness 0.8652694
fitness 0.87054443
fitness 0.8711217
fitness 0.8714587
fitness 0.8727778
fitness 0.87473035
fitness 0.8752723
fitness 0.8778942
Processing individual 817 for 'tabpfn_fhs'...
fit 0.77004373
fit 0.8087529
fit 0.83078754
fit 0.87335753
fit 0.8875234
Total steps: 975
fitness 0.88771844
fitness 0.8902239
fitness 0.8906101
fitness 0.8953003
fitness 0.8968405
fitness 0.8986608
fitness 0.8996431
fitness 0.9005689
fitness 0.90133905
fitness 0.90295124
Processing individual 818 for 'tabpfn_fhs'...
fit 0.87925994
fit 0.8923553
fit 0.9015475
fit 0.9292953
fit 0.9349795
Total steps: 975
fitness 0.94227743
fitness 0.9486953
fitness 0.95235366
fitness 0.95447886
fitness 0.9545561
fitness 0.9561991
fitness 0.95761585
fitness 0.95972055
fitness 0.95988965
fitness 0.9602855
Processing individual 819 for 'tabpfn_fhs'...
fit 0.8675285
fit 0.9174493
fit 0.93991834
fit 0.95254517
Total steps: 975
fitness 0.9556705
fitness 0.96140766
fitness 0.9631139
fitness 0.96372
fitness 0.9639308
fitness 0.96467364
fitness 0.9649548
fitness 0.96550107
fitness 0.9658043
fitness 0.9681618
Processing individual 820 for 'tabpfn_fhs'...
fit 0.9481112
fit 0.9583212
fit 0.9674767
fit 0.972845
fit 0.9747505
Total steps: 975
fitness 0.9791072
fitness 0.98018044
fitness 0.98037153
fitness 0.98038197
fitness 0.9805648
fitness 0.9811362
fitness 0.98114187
fitness 0.98174
fitness 0.98175794
fitness 0.98177844
fitness 0.9818002
Processing individual 821 for 'tabpfn_fhs'...
fit 0.91220444
fit 0.9404784
fit 0.94432604
fit 0.9602816
fit 0.96539986
Total steps: 975
fitness 0.9667622
fitness 0.96677625
fitness 0.9713212
fitness 0.9717744
fitness 0.97323775
fitness 0.9732404
fitness 0.97352654
fitness 0.973721
fitness 0.97434795
fitness 0.97442573
fitness 0.97492963
fitness 0.9752938
Processing individual 822 for 'tabpfn_fhs'...
fit 0.71765304
fit 0.7519814
fit 0.77526075
fit 0.82742953
fit 0.8600331
Total steps: 975
fitness 0.86147916
fitness 0.8633222
fitness 0.8730811
fitness 0.8737273
fitness 0.87655073
fitness 0.8782905
fitness 0.87948906
fitness 0.87958175
Processing individual 823 for 'tabpfn_fhs'...
fit 0.95285267
fit 0.9635216
fit 0.9700949
fit 0.97529733
fit 0.9759291
Total steps: 975
fitness 0.97635436
fitness 0.9766043
fitness 0.9803549
fitness 0.98099226
fitness 0.98118395
fitness 0.98130244
fitness 0.9813035
fitness 0.98175406
fitness 0.9818205
fitness 0.9819231
fitness 0.98199797
fitness 0.9820101
fitness 0.98232484
fitness 0.98268867
fitness 0.98279965
fitness 0.98286134
Processing individual 824 for 'tabpfn_fhs'...
fit 0.91320825
fit 0.9341744
fit 0.9389479
fit 0.95477563
fit 0.958992
Total steps: 975
fitness 0.9602367
fitness 0.96094507
fitness 0.96718115
fitness 0.96787107
fitness 0.9695029
fitness 0.96953756
fitness 0.96970785
fitness 0.9705186
fitness 0.97121763
fitness 0.9720699
fitness 0.9722816
Processing individual 825 for 'tabpfn_fhs'...
fit 0.8213101
fit 0.8309982
fit 0.84960634
fit 0.8789451
fit 0.8971368
Total steps: 975
fitness 0.9099064
fitness 0.91375303
fitness 0.91662383
fitness 0.916824
fitness 0.9170774
fitness 0.9193201
fitness 0.9207847
fitness 0.92245626
fitness 0.92667913
fitness 0.9268525
fitness 0.927939
fitness 0.928395
Processing individual 826 for 'tabpfn_fhs'...
fit 0.8077582
fit 0.83030415
fit 0.86675835
Total steps: 975
fitness 0.8805041
fitness 0.88161075
fitness 0.8882656
fitness 0.88832194
fitness 0.8883355
fitness 0.8943471
fitness 0.8951204
fitness 0.8977694
fitness 0.89829654
fitness 0.89853424
fitness 0.901517
Processing individual 827 for 'tabpfn_fhs'...
fit 0.88394505
fit 0.9021565
fit 0.909784
fit 0.935237
fit 0.9414197
Total steps: 975
fitness 0.94402844
fitness 0.9523419
fitness 0.9549239
fitness 0.9571078
fitness 0.95829666
fitness 0.9608616
fitness 0.96225727
fitness 0.96225876
fitness 0.962507
Processing individual 828 for 'tabpfn_fhs'...
fit 0.5711329
fit 0.62951255
fit 0.65972406
fit 0.7232301
fit 0.7691127
Total steps: 975
fitness 0.7726221
fitness 0.79882616
fitness 0.8113891
fitness 0.8185488
fitness 0.8209819
fitness 0.82258964
fitness 0.83119273
Processing individual 829 for 'tabpfn_fhs'...
fit 0.9481112
fit 0.9583212
fit 0.9674767
fit 0.972845
fit 0.9747505
Total steps: 975
fitness 0.9791072
fitness 0.98018044
fitness 0.98037153
fitness 0.98038197
fitness 0.9805648
fitness 0.9811362
fitness 0.98114187
fitness 0.98174
fitness 0.98175794
fitness 0.98177844
fitness 0.9818002
Processing individual 830 for 'tabpfn_fhs'...
fit 0.9432576
fit 0.95421135
fit 0.96413124
fit 0.97042066
fit 0.9725088
Total steps: 975
fitness 0.9727609
fitness 0.9777224
fitness 0.97845477
fitness 0.97912353
fitness 0.97924805
fitness 0.9795195
fitness 0.9798854
fitness 0.98040974
fitness 0.9804872
Processing individual 831 for 'tabpfn_fhs'...
fit 0.86927503
fit 0.87942374
fit 0.9026709
fit 0.9255808
Total steps: 975
fitness 0.93296075
fitness 0.93297106
fitness 0.9347163
fitness 0.9402344
fitness 0.94027257
fitness 0.94064474
fitness 0.9419662
fitness 0.9424162
fitness 0.94275516
fitness 0.94470865
fitness 0.94531405
fitness 0.9454001
fitness 0.946083
fitness 0.9465858
fitness 0.9468138
fitness 0.94854283
fitness 0.94920343
fitness 0.9505297
fitness 0.95099175
Processing individual 832 for 'tabpfn_fhs'...
fit 0.9481112
fit 0.9583212
fit 0.9674767
fit 0.972845
fit 0.9747505
Total steps: 975
fitness 0.9791072
fitness 0.98018044
fitness 0.98037153
fitness 0.98038197
fitness 0.9805648
fitness 0.9811362
fitness 0.98114187
fitness 0.98174
fitness 0.98175794
fitness 0.98177844
fitness 0.9818002
Processing individual 833 for 'tabpfn_fhs'...
fit 0.89291143
fit 0.9345853
fit 0.95298547
fit 0.9603089
Total steps: 975
fitness 0.96111274
fitness 0.9620165
fitness 0.9664987
fitness 0.9677124
fitness 0.9700971
fitness 0.970609
fitness 0.97123045
fitness 0.97190356
Processing individual 834 for 'tabpfn_fhs'...
fit 0.8654835
fit 0.87783945
fit 0.8892132
fit 0.91979724
fit 0.9261971
Total steps: 975
fitness 0.9288552
fitness 0.9431303
fitness 0.9450573
fitness 0.9473623
fitness 0.9477612
fitness 0.94822335
fitness 0.9496925
fitness 0.9515785
fitness 0.9545867
fitness 0.9553
fitness 0.95542514
Processing individual 835 for 'tabpfn_fhs'...
fit 0.93232787
fit 0.9482945
fit 0.9539791
fit 0.96397465
fit 0.9681384
Total steps: 975
fitness 0.9739593
fitness 0.97505486
fitness 0.97604203
fitness 0.97671616
fitness 0.97677696
fitness 0.97685575
fitness 0.9776045
fitness 0.9778677
Processing individual 836 for 'tabpfn_fhs'...
fit 0.92021763
fit 0.9376594
fit 0.94529116
fit 0.9574318
fit 0.96202046
Total steps: 975
fitness 0.9622514
fitness 0.96250045
fitness 0.96919954
fitness 0.9700511
fitness 0.97136974
fitness 0.97145194
fitness 0.9714531
fitness 0.9719551
fitness 0.97228205
fitness 0.97290903
fitness 0.97291386
fitness 0.9729371
fitness 0.9729396
fitness 0.97301537
Processing individual 837 for 'tabpfn_fhs'...
fit 0.5853628
fit 0.5954178
fit 0.6511022
fit 0.72472465
fit 0.7430581
Total steps: 975
fitness 0.7476697
fitness 0.7621162
fitness 0.7690145
fitness 0.779625
fitness 0.78471035
fitness 0.7857232
fitness 0.7895447
fitness 0.79184157
fitness 0.79714346
Processing individual 838 for 'tabpfn_fhs'...
fit 0.8654835
fit 0.87783945
fit 0.8892132
fit 0.91979724
fit 0.9261971
Total steps: 975
fitness 0.9288552
fitness 0.9431303
fitness 0.9450573
fitness 0.9473623
fitness 0.9477612
fitness 0.94822335
fitness 0.9496925
fitness 0.9515785
fitness 0.9545867
fitness 0.9553
fitness 0.95542514
Processing individual 839 for 'tabpfn_fhs'...
fit 0.7323956
fit 0.78732806
fit 0.7889843
fit 0.84848905
fit 0.8683479
Total steps: 975
fitness 0.8691184
fitness 0.8701786
fitness 0.87550026
fitness 0.87976885
fitness 0.8817305
fitness 0.8848944
fitness 0.8853077
fitness 0.8858086
fitness 0.8861993
fitness 0.8872804
fitness 0.8886161
Processing individual 840 for 'tabpfn_fhs'...
fit 0.9380497
fit 0.95206344
fit 0.9582532
fit 0.9681602
fit 0.97059625
Total steps: 975
fitness 0.9707296
fitness 0.97084
fitness 0.9757929
fitness 0.97597146
fitness 0.9776169
fitness 0.97784203
fitness 0.9783922
fitness 0.97948563
Processing individual 841 for 'tabpfn_fhs'...
fit 0.8675285
fit 0.9174493
fit 0.93991834
fit 0.95254517
Total steps: 975
fitness 0.9556705
fitness 0.96140766
fitness 0.9631139
fitness 0.96372
fitness 0.9639308
fitness 0.96467364
fitness 0.9649548
fitness 0.96550107
fitness 0.9658043
fitness 0.9681618
Processing individual 842 for 'tabpfn_fhs'...
fit 0.8202251
fit 0.8607128
fit 0.8630744
fit 0.9070785
fit 0.90903234
Total steps: 975
fitness 0.91506016
fitness 0.91818374
fitness 0.92122614
fitness 0.9231263
fitness 0.9319163
fitness 0.9344074
fitness 0.93537587
fitness 0.9369195
fitness 0.9378656
Processing individual 843 for 'tabpfn_fhs'...
fit 0.73027366
fit 0.7562601
fit 0.7865774
Total steps: 975
fitness 0.78668493
fitness 0.7990514
fitness 0.79945713
fitness 0.8010937
fitness 0.8011632
fitness 0.802457
fitness 0.804444
fitness 0.80473024
fitness 0.8060891
Processing individual 844 for 'tabpfn_fhs'...
fit 0.8213101
fit 0.8309982
fit 0.84960634
fit 0.8789451
fit 0.8971368
Total steps: 975
fitness 0.9099064
fitness 0.91375303
fitness 0.91662383
fitness 0.916824
fitness 0.9170774
fitness 0.9193201
fitness 0.9207847
fitness 0.92245626
fitness 0.92667913
fitness 0.9268525
fitness 0.927939
fitness 0.928395
Processing individual 845 for 'tabpfn_fhs'...
fit 0.88394505
fit 0.9021565
fit 0.909784
fit 0.935237
fit 0.9414197
Total steps: 975
fitness 0.94402844
fitness 0.9523419
fitness 0.9549239
fitness 0.9571078
fitness 0.95829666
fitness 0.9608616
fitness 0.96225727
fitness 0.96225876
fitness 0.962507
Processing individual 846 for 'tabpfn_fhs'...
fit 0.88394505
fit 0.9021565
fit 0.909784
fit 0.935237
fit 0.9414197
Total steps: 975
fitness 0.94402844
fitness 0.9523419
fitness 0.9549239
fitness 0.9571078
fitness 0.95829666
fitness 0.9608616
fitness 0.96225727
fitness 0.96225876
fitness 0.962507
Processing individual 847 for 'tabpfn_fhs'...
fit 0.6047734
fit 0.67043495
fit 0.6840956
fit 0.7596613
fit 0.80202264
Total steps: 975
fitness 0.8060025
fitness 0.83494115
fitness 0.84430593
fitness 0.845529
fitness 0.84928155
fitness 0.85275507
fitness 0.85608673
Saved: tabpfn_fhs_uniform_init25_iter1000_fhs/counterfactuals.pkl
Completed tabpfn_fhs_uniform_init25_iter1000_fhs in 3583 seconds

Running: python -u run_coala.py             --model /global/home/hpc5434/models/tabpfn_fhs.pkl             --reference /global/home/hpc5434/MAP-CF/nhane/X_test_tabpfn_fhs.csv             --train /global/home/hpc5434/MAP-CF/nhane/X_train_tabpfn_fhs.csv             --feature_cat "/global/home/hpc5434/MAP-CF/nhane/feature_categories_fhs.json"             --model_name tabpfn_fhs             --method uniform             --init_pop 100             --iter 100             --output tabpfn_fhs_uniform_init100_iter100_fhs

=== Running MAP-Elites for: tabpfn_fhs ===
CUDA available: True
Processing individual 0 for 'tabpfn_fhs'...
fit 0.89802164
fit 0.9151979
fit 0.92393154
fit 0.9443066
fit 0.94961226
Total steps: 0
Processing individual 1 for 'tabpfn_fhs'...
fit 0.7204655
fit 0.76134676
fit 0.7754816
fit 0.83254945
fit 0.87933
Total steps: 0
Processing individual 2 for 'tabpfn_fhs'...
fit 0.79421717
fit 0.8187203
fit 0.8517793
fit 0.86258984
Total steps: 0
Processing individual 3 for 'tabpfn_fhs'...
fit 0.8838832
fit 0.90219027
fit 0.90979105
fit 0.9352381
fit 0.94152945
Total steps: 0
Processing individual 4 for 'tabpfn_fhs'...
fit 0.9211763
fit 0.94999266
fit 0.95020735
fit 0.964257
fit 0.96784985
Total steps: 0
Processing individual 5 for 'tabpfn_fhs'...
fit 0.82727087
fit 0.83806443
fit 0.8548444
fit 0.8845532
fit 0.9031709
Total steps: 0
Processing individual 6 for 'tabpfn_fhs'...
fit 0.8930401
fit 0.93446887
fit 0.95297873
fit 0.960325
Total steps: 0
Processing individual 7 for 'tabpfn_fhs'...
fit 0.75886375
fit 0.7830157
fit 0.81852937
fit 0.82467717
Total steps: 0
Processing individual 8 for 'tabpfn_fhs'...
fit 0.87367237
fit 0.9074617
fit 0.91547114
fit 0.9410857
fit 0.94663197
Total steps: 0
Processing individual 9 for 'tabpfn_fhs'...
fit 0.76785815
fit 0.79054093
fit 0.8239483
fit 0.83025503
Total steps: 0
Processing individual 10 for 'tabpfn_fhs'...
fit 0.9274463
fit 0.9425861
fit 0.94909924
fit 0.9617315
fit 0.9651249
Total steps: 0
Processing individual 11 for 'tabpfn_fhs'...
fit 0.79775095
fit 0.8223121
fit 0.8599215
fit 0.86944366
Total steps: 0
Processing individual 12 for 'tabpfn_fhs'...
fit 0.79421717
fit 0.8187203
fit 0.8517793
fit 0.86258984
Total steps: 0
Processing individual 13 for 'tabpfn_fhs'...
fit 0.88603216
fit 0.9143788
fit 0.9285306
fit 0.9474456
fit 0.95084584
Total steps: 0
Processing individual 14 for 'tabpfn_fhs'...
fit 0.82727087
fit 0.83806443
fit 0.8548444
fit 0.8845532
fit 0.9031709
Total steps: 0
Processing individual 15 for 'tabpfn_fhs'...
fit 0.8930401
fit 0.93446887
fit 0.95297873
fit 0.960325
Total steps: 0
Processing individual 16 for 'tabpfn_fhs'...
fit 0.66957736
fit 0.7053055
fit 0.7363166
fit 0.78253984
fit 0.8206867
Total steps: 0
Processing individual 17 for 'tabpfn_fhs'...
fit 0.57138234
fit 0.63697386
fit 0.7096371
fit 0.73220855
fit 0.7400053
Total steps: 0
Processing individual 18 for 'tabpfn_fhs'...
fit 0.9121996
fit 0.9405233
fit 0.9442806
fit 0.96026313
fit 0.965384
Total steps: 0
Processing individual 19 for 'tabpfn_fhs'...
fit 0.66957736
fit 0.7053055
fit 0.7363166
fit 0.78253984
fit 0.8206867
Total steps: 0
Processing individual 20 for 'tabpfn_fhs'...
fit 0.6048504
fit 0.6705894
fit 0.684219
fit 0.75966424
fit 0.8019832
Total steps: 0
Processing individual 21 for 'tabpfn_fhs'...
fit 0.5632684
fit 0.62984604
fit 0.7023251
fit 0.7232759
fit 0.73616076
Total steps: 0
Processing individual 22 for 'tabpfn_fhs'...
fit 0.7177461
fit 0.7519454
fit 0.7751299
fit 0.82726574
fit 0.8601333
Total steps: 0
Processing individual 23 for 'tabpfn_fhs'...
fit 0.7738318
fit 0.79594946
fit 0.83231294
fit 0.8405767
Total steps: 0
Processing individual 24 for 'tabpfn_fhs'...
fit 0.828506
fit 0.8336884
fit 0.8531952
fit 0.88905406
fit 0.896371
Total steps: 0
Processing individual 25 for 'tabpfn_fhs'...
fit 0.76785815
fit 0.79054093
fit 0.8239483
fit 0.83025503
Total steps: 0
Processing individual 26 for 'tabpfn_fhs'...
fit 0.62230366
fit 0.66996783
fit 0.6952112
fit 0.7637797
fit 0.8163347
Total steps: 0
Processing individual 27 for 'tabpfn_fhs'...
fit 0.9173014
fit 0.934816
fit 0.9494928
fit 0.9622075
fit 0.9633162
Total steps: 0
Processing individual 28 for 'tabpfn_fhs'...
fit 0.77010196
fit 0.80865633
fit 0.8305565
fit 0.8733278
fit 0.8875901
fit 0.8883991
Total steps: 0
Processing individual 29 for 'tabpfn_fhs'...
fit 0.9274463
fit 0.9425861
fit 0.94909924
fit 0.9617315
fit 0.9651249
Total steps: 0
Processing individual 30 for 'tabpfn_fhs'...
fit 0.7804488
fit 0.8500384
fit 0.8852302
fit 0.92133814
Total steps: 0
Processing individual 31 for 'tabpfn_fhs'...
fit 0.65444565
fit 0.6751802
fit 0.7121665
fit 0.7682759
fit 0.8100503
Total steps: 0
Processing individual 32 for 'tabpfn_fhs'...
fit 0.83521193
fit 0.84704983
fit 0.8602869
fit 0.8895631
fit 0.90680736
Total steps: 0
Processing individual 33 for 'tabpfn_fhs'...
fit 0.57138234
fit 0.63697386
fit 0.7096371
fit 0.73220855
fit 0.7400053
Total steps: 0
Processing individual 34 for 'tabpfn_fhs'...
fit 0.856808
fit 0.8734586
fit 0.8900498
fit 0.9147311
fit 0.9227352
Total steps: 0
Processing individual 35 for 'tabpfn_fhs'...
fit 0.7204655
fit 0.76134676
fit 0.7754816
fit 0.83254945
fit 0.87933
Total steps: 0
Processing individual 36 for 'tabpfn_fhs'...
fit 0.66055703
fit 0.68499845
fit 0.7216996
fit 0.7753768
fit 0.8152985
Total steps: 0
Processing individual 37 for 'tabpfn_fhs'...
fit 0.95751125
fit 0.9649937
fit 0.9727624
fit 0.97732246
fit 0.9779881
fit 0.97847795
Total steps: 0
Processing individual 38 for 'tabpfn_fhs'...
fit 0.9607078
fit 0.96835494
fit 0.97602695
fit 0.9795455
fit 0.9804619
fit 0.98047817
Total steps: 0
Processing individual 39 for 'tabpfn_fhs'...
fit 0.89802164
fit 0.9151979
fit 0.92393154
fit 0.9443066
fit 0.94961226
Total steps: 0
Processing individual 40 for 'tabpfn_fhs'...
fit 0.88603216
fit 0.9143788
fit 0.9285306
fit 0.9474456
fit 0.95084584
Total steps: 0
Processing individual 41 for 'tabpfn_fhs'...
fit 0.7353784
fit 0.7612531
fit 0.7979625
fit 0.80159974
Total steps: 0
Processing individual 42 for 'tabpfn_fhs'...
fit 0.6775191
fit 0.71630806
fit 0.73915553
fit 0.7924973
fit 0.83304083
Total steps: 0
Processing individual 43 for 'tabpfn_fhs'...
fit 0.87106013
fit 0.88613564
fit 0.89529425
fit 0.9230296
fit 0.931479
Total steps: 0
Processing individual 44 for 'tabpfn_fhs'...
fit 0.8654448
fit 0.87788194
fit 0.8892452
fit 0.91983813
fit 0.9262094
Total steps: 0
Processing individual 45 for 'tabpfn_fhs'...
fit 0.9607078
fit 0.96835494
fit 0.97602695
fit 0.9795455
fit 0.9804619
fit 0.98047817
Total steps: 0
Processing individual 46 for 'tabpfn_fhs'...
fit 0.8596258
fit 0.9029674
fit 0.9326874
fit 0.95004994
Total steps: 0
Processing individual 47 for 'tabpfn_fhs'...
fit 0.85936606
fit 0.8699735
fit 0.8848174
fit 0.9124186
fit 0.92219734
Total steps: 0
Processing individual 48 for 'tabpfn_fhs'...
fit 0.8474424
fit 0.86098087
fit 0.8713066
fit 0.90252167
fit 0.9157246
Total steps: 0
Processing individual 49 for 'tabpfn_fhs'...
fit 0.62230366
fit 0.66996783
fit 0.6952112
fit 0.7637797
fit 0.8163347
Total steps: 0
Processing individual 50 for 'tabpfn_fhs'...
fit 0.6157855
fit 0.63283646
fit 0.6779178
fit 0.7417956
fit 0.7726424
fit 0.7742702
Total steps: 0
Processing individual 51 for 'tabpfn_fhs'...
fit 0.890967
fit 0.9146107
fit 0.919488
fit 0.93928266
fit 0.9449776
Total steps: 0
Processing individual 52 for 'tabpfn_fhs'...
fit 0.91319835
fit 0.93424505
fit 0.93887174
fit 0.95474476
fit 0.9589603
Total steps: 0
Processing individual 53 for 'tabpfn_fhs'...
fit 0.9432157
fit 0.9542104
fit 0.96409404
fit 0.9704349
fit 0.97247905
Total steps: 0
Processing individual 54 for 'tabpfn_fhs'...
fit 0.84633744
fit 0.85455483
fit 0.8794806
fit 0.9071736
fit 0.9155663
Total steps: 0
Processing individual 55 for 'tabpfn_fhs'...
fit 0.707567
fit 0.77662003
fit 0.82497495
fit 0.8675924
Total steps: 0
Processing individual 56 for 'tabpfn_fhs'...
fit 0.9211763
fit 0.94999266
fit 0.95020735
fit 0.964257
fit 0.96784985
Total steps: 0
Processing individual 57 for 'tabpfn_fhs'...
fit 0.9432157
fit 0.9542104
fit 0.96409404
fit 0.9704349
fit 0.97247905
Total steps: 0
Processing individual 58 for 'tabpfn_fhs'...
fit 0.89802164
fit 0.9151979
fit 0.92393154
fit 0.9443066
fit 0.94961226
Total steps: 0
Processing individual 59 for 'tabpfn_fhs'...
fit 0.95751125
fit 0.9649937
fit 0.9727624
fit 0.97732246
fit 0.9779881
fit 0.97847795
Total steps: 0
Processing individual 60 for 'tabpfn_fhs'...
fit 0.9274463
fit 0.9425861
fit 0.94909924
fit 0.9617315
fit 0.9651249
Total steps: 0
Processing individual 61 for 'tabpfn_fhs'...
fit 0.6852374
fit 0.71836424
fit 0.7453294
fit 0.8043443
fit 0.8494233
Total steps: 0
Processing individual 62 for 'tabpfn_fhs'...
fit 0.7103461
fit 0.74285173
fit 0.76980853
fit 0.77494603
Total steps: 0
Processing individual 63 for 'tabpfn_fhs'...
fit 0.75964844
fit 0.8169649
fit 0.8637948
fit 0.9073099
Total steps: 0
Processing individual 64 for 'tabpfn_fhs'...
fit 0.6852374
fit 0.71836424
fit 0.7453294
fit 0.8043443
fit 0.8494233
Total steps: 0
Processing individual 65 for 'tabpfn_fhs'...
fit 0.85197115
fit 0.8898241
fit 0.9263671
fit 0.94635534
Total steps: 0
Processing individual 66 for 'tabpfn_fhs'...
fit 0.9432157
fit 0.9542104
fit 0.96409404
fit 0.9704349
fit 0.97247905
Total steps: 0
Processing individual 67 for 'tabpfn_fhs'...
fit 0.96383095
fit 0.96961224
fit 0.9786457
fit 0.98177034
fit 0.98187786
fit 0.982159
Total steps: 0
Processing individual 68 for 'tabpfn_fhs'...
fit 0.91319835
fit 0.93424505
fit 0.93887174
fit 0.95474476
fit 0.9589603
Total steps: 0
Processing individual 69 for 'tabpfn_fhs'...
fit 0.8006439
fit 0.8535257
fit 0.8974478
fit 0.9030988
fit 0.9055208
fit 0.9074685
fit 0.911573
Total steps: 0
Processing individual 70 for 'tabpfn_fhs'...
fit 0.8838832
fit 0.90219027
fit 0.90979105
fit 0.9352381
fit 0.94152945
Total steps: 0
Processing individual 71 for 'tabpfn_fhs'...
fit 0.8474424
fit 0.86098087
fit 0.8713066
fit 0.90252167
fit 0.9157246
Total steps: 0
Processing individual 72 for 'tabpfn_fhs'...
fit 0.9527873
fit 0.9635112
fit 0.97012436
fit 0.9752993
fit 0.97593814
fit 0.97630405
Total steps: 0
Processing individual 73 for 'tabpfn_fhs'...
fit 0.87106013
fit 0.88613564
fit 0.89529425
fit 0.9230296
fit 0.931479
Total steps: 0
Processing individual 74 for 'tabpfn_fhs'...
fit 0.7612771
fit 0.8295025
fit 0.8734323
fit 0.9129404
Total steps: 0
Processing individual 75 for 'tabpfn_fhs'...
fit 0.6852374
fit 0.71836424
fit 0.7453294
fit 0.8043443
fit 0.8494233
Total steps: 0
Processing individual 76 for 'tabpfn_fhs'...
fit 0.8197266
fit 0.82815516
fit 0.853426
fit 0.88253856
fit 0.8929244
Total steps: 0
Processing individual 77 for 'tabpfn_fhs'...
fit 0.9121996
fit 0.9405233
fit 0.9442806
fit 0.96026313
fit 0.965384
Total steps: 0
Processing individual 78 for 'tabpfn_fhs'...
fit 0.856808
fit 0.8734586
fit 0.8900498
fit 0.9147311
fit 0.9227352
Total steps: 0
Processing individual 79 for 'tabpfn_fhs'...
fit 0.86113864
fit 0.8941838
fit 0.90612566
fit 0.9342954
fit 0.9348345
fit 0.94202346
Total steps: 0
Processing individual 80 for 'tabpfn_fhs'...
fit 0.7102839
fit 0.7331669
fit 0.7623069
fit 0.76576096
Total steps: 0
Processing individual 81 for 'tabpfn_fhs'...
fit 0.6852374
fit 0.71836424
fit 0.7453294
fit 0.8043443
fit 0.8494233
Total steps: 0
Processing individual 82 for 'tabpfn_fhs'...
fit 0.9380559
fit 0.9540188
fit 0.96178085
fit 0.9705661
fit 0.97239965
Total steps: 0
Processing individual 83 for 'tabpfn_fhs'...
fit 0.79421717
fit 0.8187203
fit 0.8517793
fit 0.86258984
Total steps: 0
Processing individual 84 for 'tabpfn_fhs'...
fit 0.80507416
fit 0.8204629
fit 0.840713
fit 0.86802673
fit 0.88843274
Total steps: 0
Processing individual 85 for 'tabpfn_fhs'...
fit 0.8006439
fit 0.8535257
fit 0.8974478
fit 0.9030988
fit 0.9055208
fit 0.9074685
fit 0.911573
Total steps: 0
Processing individual 86 for 'tabpfn_fhs'...
fit 0.9066963
fit 0.9242564
fit 0.9314254
fit 0.9496732
fit 0.9550705
Total steps: 0
Processing individual 87 for 'tabpfn_fhs'...
fit 0.88034207
fit 0.92752635
fit 0.9463273
fit 0.9563989
Total steps: 0
Processing individual 88 for 'tabpfn_fhs'...
fit 0.83521193
fit 0.84704983
fit 0.8602869
fit 0.8895631
fit 0.90680736
Total steps: 0
Processing individual 89 for 'tabpfn_fhs'...
fit 0.71109515
fit 0.7234034
fit 0.75719684
fit 0.76045567
Total steps: 0
Processing individual 90 for 'tabpfn_fhs'...
fit 0.78654957
fit 0.7967354
fit 0.8242494
fit 0.8477201
fit 0.8705212
Total steps: 0
Processing individual 91 for 'tabpfn_fhs'...
fit 0.9527873
fit 0.9635112
fit 0.97012436
fit 0.9752993
fit 0.97593814
fit 0.97630405
Total steps: 0
Processing individual 92 for 'tabpfn_fhs'...
fit 0.7102839
fit 0.7331669
fit 0.7623069
fit 0.76576096
Total steps: 0
Processing individual 93 for 'tabpfn_fhs'...
fit 0.6884834
fit 0.7320366
fit 0.75072
fit 0.8118992
fit 0.86345637
Total steps: 0
Processing individual 94 for 'tabpfn_fhs'...
fit 0.9066963
fit 0.9242564
fit 0.9314254
fit 0.9496732
fit 0.9550705
Total steps: 0
Processing individual 95 for 'tabpfn_fhs'...
fit 0.85197115
fit 0.8898241
fit 0.9263671
fit 0.94635534
Total steps: 0
Processing individual 96 for 'tabpfn_fhs'...
fit 0.89802164
fit 0.9151979
fit 0.92393154
fit 0.9443066
fit 0.94961226
Total steps: 0
Processing individual 97 for 'tabpfn_fhs'...
fit 0.8596258
fit 0.9029674
fit 0.9326874
fit 0.95004994
Total steps: 0
Processing individual 98 for 'tabpfn_fhs'...
fit 0.7913627
fit 0.80257815
fit 0.82976896
fit 0.8554996
fit 0.8768258
Total steps: 0
Processing individual 99 for 'tabpfn_fhs'...
fit 0.8838832
fit 0.90219027
fit 0.90979105
fit 0.9352381
fit 0.94152945
Total steps: 0
Processing individual 100 for 'tabpfn_fhs'...
fit 0.8028835
fit 0.85971355
fit 0.89906406
fit 0.9275885
Total steps: 0
Processing individual 101 for 'tabpfn_fhs'...
fit 0.6852374
fit 0.71836424
fit 0.7453294
fit 0.8043443
fit 0.8494233
Total steps: 0
Processing individual 102 for 'tabpfn_fhs'...
fit 0.9121996
fit 0.9405233
fit 0.9442806
fit 0.96026313
fit 0.965384
Total steps: 0
Processing individual 103 for 'tabpfn_fhs'...
fit 0.8006439
fit 0.8535257
fit 0.8974478
fit 0.9030988
fit 0.9055208
fit 0.9074685
fit 0.911573
Total steps: 0
Processing individual 104 for 'tabpfn_fhs'...
fit 0.88603216
fit 0.9143788
fit 0.9285306
fit 0.9474456
fit 0.95084584
Total steps: 0
Processing individual 105 for 'tabpfn_fhs'...
fit 0.93229645
fit 0.94831604
fit 0.9539769
fit 0.96394783
fit 0.9681408
Total steps: 0
Processing individual 106 for 'tabpfn_fhs'...
fit 0.8596258
fit 0.9029674
fit 0.9326874
fit 0.95004994
Total steps: 0
Processing individual 107 for 'tabpfn_fhs'...
fit 0.74636865
fit 0.7737055
fit 0.80265397
fit 0.8092836
Total steps: 0
Processing individual 108 for 'tabpfn_fhs'...
fit 0.87106013
fit 0.88613564
fit 0.89529425
fit 0.9230296
fit 0.931479
Total steps: 0
Processing individual 109 for 'tabpfn_fhs'...
fit 0.59786415
fit 0.60760444
fit 0.6569057
fit 0.726312
fit 0.75211114
fit 0.7639266
Total steps: 0
Processing individual 110 for 'tabpfn_fhs'...
fit 0.523451
fit 0.5852839
fit 0.65829855
fit 0.67831606
fit 0.6933262
Total steps: 0
Processing individual 111 for 'tabpfn_fhs'...
fit 0.86765116
fit 0.9175147
fit 0.9398754
fit 0.9525454
Total steps: 0
Processing individual 112 for 'tabpfn_fhs'...
fit 0.812226
fit 0.8193253
fit 0.8418014
fit 0.87479126
fit 0.8858651
Total steps: 0
Processing individual 113 for 'tabpfn_fhs'...
fit 0.8028835
fit 0.85971355
fit 0.89906406
fit 0.9275885
Total steps: 0
Processing individual 114 for 'tabpfn_fhs'...
fit 0.7931635
fit 0.8236501
fit 0.842234
fit 0.888828
fit 0.89552987
fit 0.8992756
fit 0.902699
Total steps: 0
Processing individual 115 for 'tabpfn_fhs'...
fit 0.9202457
fit 0.93750525
fit 0.94526845
fit 0.9573938
fit 0.96206766
Total steps: 0
Processing individual 116 for 'tabpfn_fhs'...
fit 0.8654448
fit 0.87788194
fit 0.8892452
fit 0.91983813
fit 0.9262094
Total steps: 0
Processing individual 117 for 'tabpfn_fhs'...
fit 0.7804488
fit 0.8500384
fit 0.8852302
fit 0.92133814
Total steps: 0
Processing individual 118 for 'tabpfn_fhs'...
fit 0.6918329
fit 0.73514146
fit 0.74908745
fit 0.80121976
fit 0.8386952
Total steps: 0
Processing individual 119 for 'tabpfn_fhs'...
fit 0.85936606
fit 0.8699735
fit 0.8848174
fit 0.9124186
fit 0.92219734
Total steps: 0
Processing individual 120 for 'tabpfn_fhs'...
fit 0.8596258
fit 0.9029674
fit 0.9326874
fit 0.95004994
Total steps: 0
Processing individual 121 for 'tabpfn_fhs'...
fit 0.93229645
fit 0.94831604
fit 0.9539769
fit 0.96394783
fit 0.9681408
Total steps: 0
Processing individual 122 for 'tabpfn_fhs'...
fit 0.90562105
fit 0.92869383
fit 0.9435906
fit 0.9575539
fit 0.9596145
Total steps: 0
Processing individual 123 for 'tabpfn_fhs'...
fit 0.74636865
fit 0.7737055
fit 0.80265397
fit 0.8092836
Total steps: 0
Processing individual 124 for 'tabpfn_fhs'...
fit 0.57185817
fit 0.6166055
fit 0.6474264
fit 0.721957
fit 0.76091534
Total steps: 0
Processing individual 125 for 'tabpfn_fhs'...
fit 0.7527189
fit 0.8005526
fit 0.8064548
fit 0.859022
fit 0.90104455
Total steps: 0
Processing individual 126 for 'tabpfn_fhs'...
fit 0.75964844
fit 0.8169649
fit 0.8637948
fit 0.9073099
Total steps: 0
Processing individual 127 for 'tabpfn_fhs'...
fit 0.85455805
fit 0.86770844
fit 0.8856618
fit 0.9170103
fit 0.9205632
Total steps: 0
Processing individual 128 for 'tabpfn_fhs'...
fit 0.95751125
fit 0.9649937
fit 0.9727624
fit 0.97732246
fit 0.9779881
fit 0.97847795
Total steps: 0
Processing individual 129 for 'tabpfn_fhs'...
fit 0.8213006
fit 0.8310375
fit 0.84963286
fit 0.87897134
fit 0.8971692
Total steps: 0
Processing individual 130 for 'tabpfn_fhs'...
fit 0.84633744
fit 0.85455483
fit 0.8794806
fit 0.9071736
fit 0.9155663
Total steps: 0
Processing individual 131 for 'tabpfn_fhs'...
fit 0.75964844
fit 0.8169649
fit 0.8637948
fit 0.9073099
Total steps: 0
Processing individual 132 for 'tabpfn_fhs'...
fit 0.92351186
fit 0.931914
fit 0.9494161
fit 0.9585123
fit 0.9589197
Total steps: 0
Processing individual 133 for 'tabpfn_fhs'...
fit 0.83521193
fit 0.84704983
fit 0.8602869
fit 0.8895631
fit 0.90680736
Total steps: 0
Processing individual 134 for 'tabpfn_fhs'...
fit 0.6157855
fit 0.63283646
fit 0.6779178
fit 0.7417956
fit 0.7726424
fit 0.7742702
Total steps: 0
Processing individual 135 for 'tabpfn_fhs'...
fit 0.87106013
fit 0.88613564
fit 0.89529425
fit 0.9230296
fit 0.931479
Total steps: 0
Processing individual 136 for 'tabpfn_fhs'...
fit 0.86765116
fit 0.9175147
fit 0.9398754
fit 0.9525454
Total steps: 0
Processing individual 137 for 'tabpfn_fhs'...
fit 0.890967
fit 0.9146107
fit 0.919488
fit 0.93928266
fit 0.9449776
Total steps: 0
Processing individual 138 for 'tabpfn_fhs'...
fit 0.87926656
fit 0.89233136
fit 0.9015607
fit 0.9292446
fit 0.9349734
Total steps: 0
Processing individual 139 for 'tabpfn_fhs'...
fit 0.707567
fit 0.77662003
fit 0.82497495
fit 0.8675924
Total steps: 0
Processing individual 140 for 'tabpfn_fhs'...
fit 0.698558
fit 0.7576725
fit 0.76001596
fit 0.8226913
fit 0.8648384
Total steps: 0
Processing individual 141 for 'tabpfn_fhs'...
fit 0.96383095
fit 0.96961224
fit 0.9786457
fit 0.98177034
fit 0.98187786
fit 0.982159
Total steps: 0
Processing individual 142 for 'tabpfn_fhs'...
fit 0.79421717
fit 0.8187203
fit 0.8517793
fit 0.86258984
Total steps: 0
Processing individual 143 for 'tabpfn_fhs'...
fit 0.6884834
fit 0.7320366
fit 0.75072
fit 0.8118992
fit 0.86345637
Total steps: 0
Processing individual 144 for 'tabpfn_fhs'...
fit 0.78654957
fit 0.7967354
fit 0.8242494
fit 0.8477201
fit 0.8705212
Total steps: 0
Processing individual 145 for 'tabpfn_fhs'...
fit 0.8197266
fit 0.82815516
fit 0.853426
fit 0.88253856
fit 0.8929244
Total steps: 0
Processing individual 146 for 'tabpfn_fhs'...
fit 0.746579
fit 0.7886619
fit 0.7934456
fit 0.84777707
fit 0.8929535
Total steps: 0
Processing individual 147 for 'tabpfn_fhs'...
fit 0.83440286
fit 0.8518698
fit 0.87218136
fit 0.8974251
fit 0.89806384
fit 0.90857893
Total steps: 0
Processing individual 148 for 'tabpfn_fhs'...
fit 0.59786415
fit 0.60760444
fit 0.6569057
fit 0.726312
fit 0.75211114
fit 0.7639266
Total steps: 0
Processing individual 149 for 'tabpfn_fhs'...
fit 0.90411854
fit 0.9388539
fit 0.9565922
fit 0.96287274
Total steps: 0
Processing individual 150 for 'tabpfn_fhs'...
fit 0.6981863
fit 0.7310586
fit 0.7536943
fit 0.7573715
Total steps: 0
Processing individual 151 for 'tabpfn_fhs'...
fit 0.698558
fit 0.7576725
fit 0.76001596
fit 0.8226913
fit 0.8648384
Total steps: 0
Processing individual 152 for 'tabpfn_fhs'...
fit 0.86765116
fit 0.9175147
fit 0.9398754
fit 0.9525454
Total steps: 0
Processing individual 153 for 'tabpfn_fhs'...
fit 0.76785815
fit 0.79054093
fit 0.8239483
fit 0.83025503
Total steps: 0
Processing individual 154 for 'tabpfn_fhs'...
fit 0.8412467
fit 0.85260385
fit 0.86543685
fit 0.89495236
fit 0.90982604
Total steps: 0
Processing individual 155 for 'tabpfn_fhs'...
fit 0.7204655
fit 0.76134676
fit 0.7754816
fit 0.83254945
fit 0.87933
Total steps: 0
Processing individual 156 for 'tabpfn_fhs'...
fit 0.85197115
fit 0.8898241
fit 0.9263671
fit 0.94635534
Total steps: 0
Processing individual 157 for 'tabpfn_fhs'...
fit 0.835081
fit 0.8766554
fit 0.8842395
fit 0.9201068
fit 0.921025
fit 0.9225455
fit 0.92935073
Total steps: 0
Processing individual 158 for 'tabpfn_fhs'...
fit 0.9527873
fit 0.9635112
fit 0.97012436
fit 0.9752993
fit 0.97593814
fit 0.97630405
Total steps: 0
Processing individual 159 for 'tabpfn_fhs'...
fit 0.890967
fit 0.9146107
fit 0.919488
fit 0.93928266
fit 0.9449776
Total steps: 0
Processing individual 160 for 'tabpfn_fhs'...
fit 0.9274463
fit 0.9425861
fit 0.94909924
fit 0.9617315
fit 0.9651249
Total steps: 0
Processing individual 161 for 'tabpfn_fhs'...
fit 0.80771357
fit 0.83045113
fit 0.86677396
fit 0.8775087
Total steps: 0
Processing individual 162 for 'tabpfn_fhs'...
fit 0.9432157
fit 0.9542104
fit 0.96409404
fit 0.9704349
fit 0.97247905
Total steps: 0
Processing individual 163 for 'tabpfn_fhs'...
fit 0.90411854
fit 0.9388539
fit 0.9565922
fit 0.96287274
Total steps: 0
Processing individual 164 for 'tabpfn_fhs'...
fit 0.7528415
fit 0.77970046
fit 0.8090465
fit 0.817517
Total steps: 0
Processing individual 165 for 'tabpfn_fhs'...
fit 0.80507416
fit 0.8204629
fit 0.840713
fit 0.86802673
fit 0.88843274
Total steps: 0
Processing individual 166 for 'tabpfn_fhs'...
fit 0.5377096
fit 0.54522884
fit 0.62095124
fit 0.68442994
fit 0.7206269
fit 0.72541875
Total steps: 0
Processing individual 167 for 'tabpfn_fhs'...
fit 0.8412467
fit 0.85260385
fit 0.86543685
fit 0.89495236
fit 0.90982604
Total steps: 0
Processing individual 168 for 'tabpfn_fhs'...
fit 0.59786415
fit 0.60760444
fit 0.6569057
fit 0.726312
fit 0.75211114
fit 0.7639266
Total steps: 0
Processing individual 169 for 'tabpfn_fhs'...
fit 0.8254692
fit 0.8949664
fit 0.9154917
fit 0.939113
Total steps: 0
Processing individual 170 for 'tabpfn_fhs'...
fit 0.9274463
fit 0.9425861
fit 0.94909924
fit 0.9617315
fit 0.9651249
Total steps: 0
Processing individual 171 for 'tabpfn_fhs'...
fit 0.85936606
fit 0.8699735
fit 0.8848174
fit 0.9124186
fit 0.92219734
Total steps: 0
Processing individual 172 for 'tabpfn_fhs'...
fit 0.86113864
fit 0.8941838
fit 0.90612566
fit 0.9342954
fit 0.9348345
fit 0.94202346
Total steps: 0
Processing individual 173 for 'tabpfn_fhs'...
fit 0.6500596
fit 0.6802057
fit 0.71817154
fit 0.78597796
fit 0.8386612
Total steps: 0
Processing individual 174 for 'tabpfn_fhs'...
fit 0.85197115
fit 0.8898241
fit 0.9263671
fit 0.94635534
Total steps: 0
Processing individual 175 for 'tabpfn_fhs'...
fit 0.890967
fit 0.9146107
fit 0.919488
fit 0.93928266
fit 0.9449776
Total steps: 0
Processing individual 176 for 'tabpfn_fhs'...
fit 0.8128501
fit 0.8165618
fit 0.8459144
fit 0.874027
fit 0.8933397
Total steps: 0
Processing individual 177 for 'tabpfn_fhs'...
fit 0.86113864
fit 0.8941838
fit 0.90612566
fit 0.9342954
fit 0.9348345
fit 0.94202346
Total steps: 0
Processing individual 178 for 'tabpfn_fhs'...
fit 0.9211763
fit 0.94999266
fit 0.95020735
fit 0.964257
fit 0.96784985
Total steps: 0
Processing individual 179 for 'tabpfn_fhs'...
fit 0.77010196
fit 0.80865633
fit 0.8305565
fit 0.8733278
fit 0.8875901
fit 0.8883991
Total steps: 0
Processing individual 180 for 'tabpfn_fhs'...
fit 0.9202457
fit 0.93750525
fit 0.94526845
fit 0.9573938
fit 0.96206766
Total steps: 0
Processing individual 181 for 'tabpfn_fhs'...
fit 0.86927485
fit 0.8793001
fit 0.90263855
fit 0.9256593
fit 0.9298197
Total steps: 0
Processing individual 182 for 'tabpfn_fhs'...
fit 0.86765116
fit 0.9175147
fit 0.9398754
fit 0.9525454
Total steps: 0
Processing individual 183 for 'tabpfn_fhs'...
fit 0.79775095
fit 0.8223121
fit 0.8599215
fit 0.86944366
Total steps: 0
Processing individual 184 for 'tabpfn_fhs'...
fit 0.88034207
fit 0.92752635
fit 0.9463273
fit 0.9563989
Total steps: 0
Processing individual 185 for 'tabpfn_fhs'...
fit 0.76761633
fit 0.78202987
fit 0.80913025
fit 0.83206
fit 0.8540772
Total steps: 0
Processing individual 186 for 'tabpfn_fhs'...
fit 0.91319835
fit 0.93424505
fit 0.93887174
fit 0.95474476
fit 0.9589603
Total steps: 0
Processing individual 187 for 'tabpfn_fhs'...
fit 0.7913627
fit 0.80257815
fit 0.82976896
fit 0.8554996
fit 0.8768258
Total steps: 0
Processing individual 188 for 'tabpfn_fhs'...
fit 0.89802164
fit 0.9151979
fit 0.92393154
fit 0.9443066
fit 0.94961226
Total steps: 0
Processing individual 189 for 'tabpfn_fhs'...
fit 0.8654448
fit 0.87788194
fit 0.8892452
fit 0.91983813
fit 0.9262094
Total steps: 0
Processing individual 190 for 'tabpfn_fhs'...
fit 0.92859674
fit 0.95416987
fit 0.95711017
fit 0.9667473
fit 0.97014564
Total steps: 0
Processing individual 191 for 'tabpfn_fhs'...
fit 0.9211763
fit 0.94999266
fit 0.95020735
fit 0.964257
fit 0.96784985
Total steps: 0
Processing individual 192 for 'tabpfn_fhs'...
fit 0.9607078
fit 0.96835494
fit 0.97602695
fit 0.9795455
fit 0.9804619
fit 0.98047817
Total steps: 0
Processing individual 193 for 'tabpfn_fhs'...
fit 0.95751125
fit 0.9649937
fit 0.9727624
fit 0.97732246
fit 0.9779881
fit 0.97847795
Total steps: 0
Processing individual 194 for 'tabpfn_fhs'...
fit 0.7804488
fit 0.8500384
fit 0.8852302
fit 0.92133814
Total steps: 0
Processing individual 195 for 'tabpfn_fhs'...
fit 0.92859674
fit 0.95416987
fit 0.95711017
fit 0.9667473
fit 0.97014564
Total steps: 0
Processing individual 196 for 'tabpfn_fhs'...
fit 0.7913627
fit 0.80257815
fit 0.82976896
fit 0.8554996
fit 0.8768258
Total steps: 0
Processing individual 197 for 'tabpfn_fhs'...
fit 0.8654448
fit 0.87788194
fit 0.8892452
fit 0.91983813
fit 0.9262094
Total steps: 0
Processing individual 198 for 'tabpfn_fhs'...
fit 0.7612771
fit 0.8295025
fit 0.8734323
fit 0.9129404
Total steps: 0
Processing individual 199 for 'tabpfn_fhs'...
fit 0.7103461
fit 0.74285173
fit 0.76980853
fit 0.77494603
Total steps: 0
Processing individual 200 for 'tabpfn_fhs'...
fit 0.9380559
fit 0.9540188
fit 0.96178085
fit 0.9705661
fit 0.97239965
Total steps: 0
Processing individual 201 for 'tabpfn_fhs'...
fit 0.66957736
fit 0.7053055
fit 0.7363166
fit 0.78253984
fit 0.8206867
Total steps: 0
Processing individual 202 for 'tabpfn_fhs'...
fit 0.90411854
fit 0.9388539
fit 0.9565922
fit 0.96287274
Total steps: 0
Processing individual 203 for 'tabpfn_fhs'...
fit 0.80771357
fit 0.83045113
fit 0.86677396
fit 0.8775087
Total steps: 0
Processing individual 204 for 'tabpfn_fhs'...
fit 0.8838832
fit 0.90219027
fit 0.90979105
fit 0.9352381
fit 0.94152945
Total steps: 0
Processing individual 205 for 'tabpfn_fhs'...
fit 0.76785815
fit 0.79054093
fit 0.8239483
fit 0.83025503
Total steps: 0
Processing individual 206 for 'tabpfn_fhs'...
fit 0.9481221
fit 0.9583378
fit 0.9674315
fit 0.9728575
fit 0.97480416
Total steps: 0
Processing individual 207 for 'tabpfn_fhs'...
fit 0.8654448
fit 0.87788194
fit 0.8892452
fit 0.91983813
fit 0.9262094
Total steps: 0
Processing individual 208 for 'tabpfn_fhs'...
fit 0.6157855
fit 0.63283646
fit 0.6779178
fit 0.7417956
fit 0.7726424
fit 0.7742702
Total steps: 0
Processing individual 209 for 'tabpfn_fhs'...
fit 0.84633744
fit 0.85455483
fit 0.8794806
fit 0.9071736
fit 0.9155663
Total steps: 0
Processing individual 210 for 'tabpfn_fhs'...
fit 0.93229645
fit 0.94831604
fit 0.9539769
fit 0.96394783
fit 0.9681408
Total steps: 0
Processing individual 211 for 'tabpfn_fhs'...
fit 0.7612771
fit 0.8295025
fit 0.8734323
fit 0.9129404
Total steps: 0
Processing individual 212 for 'tabpfn_fhs'...
fit 0.90411854
fit 0.9388539
fit 0.9565922
fit 0.96287274
Total steps: 0
Processing individual 213 for 'tabpfn_fhs'...
fit 0.91319835
fit 0.93424505
fit 0.93887174
fit 0.95474476
fit 0.9589603
Total steps: 0
Processing individual 214 for 'tabpfn_fhs'...
fit 0.95751125
fit 0.9649937
fit 0.9727624
fit 0.97732246
fit 0.9779881
fit 0.97847795
Total steps: 0
Processing individual 215 for 'tabpfn_fhs'...
fit 0.6918329
fit 0.73514146
fit 0.74908745
fit 0.80121976
fit 0.8386952
Total steps: 0
Processing individual 216 for 'tabpfn_fhs'...
fit 0.6157855
fit 0.63283646
fit 0.6779178
fit 0.7417956
fit 0.7726424
fit 0.7742702
Total steps: 0
Processing individual 217 for 'tabpfn_fhs'...
fit 0.9380241
fit 0.9520589
fit 0.95825505
fit 0.9682263
fit 0.97057116
Total steps: 0
Processing individual 218 for 'tabpfn_fhs'...
fit 0.8197266
fit 0.82815516
fit 0.853426
fit 0.88253856
fit 0.8929244
Total steps: 0
Processing individual 219 for 'tabpfn_fhs'...
fit 0.7177461
fit 0.7519454
fit 0.7751299
fit 0.82726574
fit 0.8601333
Total steps: 0
Processing individual 220 for 'tabpfn_fhs'...
fit 0.92859674
fit 0.95416987
fit 0.95711017
fit 0.9667473
fit 0.97014564
Total steps: 0
Processing individual 221 for 'tabpfn_fhs'...
fit 0.72680044
fit 0.79437596
fit 0.844306
fit 0.8850938
Total steps: 0
Processing individual 222 for 'tabpfn_fhs'...
fit 0.5414438
fit 0.6019153
fit 0.6838352
fit 0.6954441
fit 0.7077968
Total steps: 0
Processing individual 223 for 'tabpfn_fhs'...
fit 0.59341407
fit 0.6258488
fit 0.6736474
fit 0.75398093
fit 0.8011229
Total steps: 0
Processing individual 224 for 'tabpfn_fhs'...
fit 0.91319835
fit 0.93424505
fit 0.93887174
fit 0.95474476
fit 0.9589603
Total steps: 0
Processing individual 225 for 'tabpfn_fhs'...
fit 0.85936606
fit 0.8699735
fit 0.8848174
fit 0.9124186
fit 0.92219734
Total steps: 0
Processing individual 226 for 'tabpfn_fhs'...
fit 0.9527873
fit 0.9635112
fit 0.97012436
fit 0.9752993
fit 0.97593814
fit 0.97630405
Total steps: 0
Processing individual 227 for 'tabpfn_fhs'...
fit 0.85936606
fit 0.8699735
fit 0.8848174
fit 0.9124186
fit 0.92219734
Total steps: 0
Processing individual 228 for 'tabpfn_fhs'...
fit 0.9066963
fit 0.9242564
fit 0.9314254
fit 0.9496732
fit 0.9550705
Total steps: 0
Processing individual 229 for 'tabpfn_fhs'...
fit 0.7799309
fit 0.8018385
fit 0.83764386
fit 0.83783394
fit 0.84684783
Total steps: 0
Processing individual 230 for 'tabpfn_fhs'...
fit 0.7299979
fit 0.75636196
fit 0.78630126
fit 0.7926421
Total steps: 0
Processing individual 231 for 'tabpfn_fhs'...
fit 0.9274463
fit 0.9425861
fit 0.94909924
fit 0.9617315
fit 0.9651249
Total steps: 0
Processing individual 232 for 'tabpfn_fhs'...
fit 0.8930401
fit 0.93446887
fit 0.95297873
fit 0.960325
Total steps: 0
Processing individual 233 for 'tabpfn_fhs'...
fit 0.8061231
fit 0.83085036
fit 0.87083226
fit 0.87520355
Total steps: 0
Processing individual 234 for 'tabpfn_fhs'...
fit 0.7204655
fit 0.76134676
fit 0.7754816
fit 0.83254945
fit 0.87933
Total steps: 0
Processing individual 235 for 'tabpfn_fhs'...
fit 0.95751125
fit 0.9649937
fit 0.9727624
fit 0.97732246
fit 0.9779881
fit 0.97847795
Total steps: 0
Processing individual 236 for 'tabpfn_fhs'...
fit 0.80507416
fit 0.8204629
fit 0.840713
fit 0.86802673
fit 0.88843274
Total steps: 0
Processing individual 237 for 'tabpfn_fhs'...
fit 0.87367237
fit 0.9074617
fit 0.91547114
fit 0.9410857
fit 0.94663197
Total steps: 0
Processing individual 238 for 'tabpfn_fhs'...
fit 0.78771144
fit 0.806882
fit 0.8443694
fit 0.84453446
fit 0.8551195
Total steps: 0
Processing individual 239 for 'tabpfn_fhs'...
fit 0.890967
fit 0.9146107
fit 0.919488
fit 0.93928266
fit 0.9449776
Total steps: 0
Processing individual 240 for 'tabpfn_fhs'...
fit 0.8028835
fit 0.85971355
fit 0.89906406
fit 0.9275885
Total steps: 0
Processing individual 241 for 'tabpfn_fhs'...
fit 0.75964844
fit 0.8169649
fit 0.8637948
fit 0.9073099
Total steps: 0
Processing individual 242 for 'tabpfn_fhs'...
fit 0.75964844
fit 0.8169649
fit 0.8637948
fit 0.9073099
Total steps: 0
Processing individual 243 for 'tabpfn_fhs'...
fit 0.7738318
fit 0.79594946
fit 0.83231294
fit 0.8405767
Total steps: 0
Processing individual 244 for 'tabpfn_fhs'...
fit 0.93229645
fit 0.94831604
fit 0.9539769
fit 0.96394783
fit 0.9681408
Total steps: 0
Processing individual 245 for 'tabpfn_fhs'...
fit 0.8128501
fit 0.8165618
fit 0.8459144
fit 0.874027
fit 0.8933397
Total steps: 0
Processing individual 246 for 'tabpfn_fhs'...
fit 0.8028835
fit 0.85971355
fit 0.89906406
fit 0.9275885
Total steps: 0
Processing individual 247 for 'tabpfn_fhs'...
fit 0.57138234
fit 0.63697386
fit 0.7096371
fit 0.73220855
fit 0.7400053
Total steps: 0
Processing individual 248 for 'tabpfn_fhs'...
fit 0.89802164
fit 0.9151979
fit 0.92393154
fit 0.9443066
fit 0.94961226
Total steps: 0
Processing individual 249 for 'tabpfn_fhs'...
fit 0.86765116
fit 0.9175147
fit 0.9398754
fit 0.9525454
Total steps: 0
Processing individual 250 for 'tabpfn_fhs'...
fit 0.9202457
fit 0.93750525
fit 0.94526845
fit 0.9573938
fit 0.96206766
Total steps: 0
Processing individual 251 for 'tabpfn_fhs'...
fit 0.8596258
fit 0.9029674
fit 0.9326874
fit 0.95004994
Total steps: 0
Processing individual 252 for 'tabpfn_fhs'...
fit 0.8286741
fit 0.8363484
fit 0.858928
fit 0.8906582
fit 0.90109336
Total steps: 0
Processing individual 253 for 'tabpfn_fhs'...
fit 0.9481221
fit 0.9583378
fit 0.9674315
fit 0.9728575
fit 0.97480416
Total steps: 0
Processing individual 254 for 'tabpfn_fhs'...
fit 0.9432157
fit 0.9542104
fit 0.96409404
fit 0.9704349
fit 0.97247905
Total steps: 0
Processing individual 255 for 'tabpfn_fhs'...
fit 0.86765116
fit 0.9175147
fit 0.9398754
fit 0.9525454
Total steps: 0
Processing individual 256 for 'tabpfn_fhs'...
fit 0.8028835
fit 0.85971355
fit 0.89906406
fit 0.9275885
Total steps: 0
Processing individual 257 for 'tabpfn_fhs'...
fit 0.6000581
fit 0.627271
fit 0.66512746
fit 0.7330429
fit 0.7886785
Total steps: 0
Processing individual 258 for 'tabpfn_fhs'...
fit 0.89802164
fit 0.9151979
fit 0.92393154
fit 0.9443066
fit 0.94961226
Total steps: 0
Processing individual 259 for 'tabpfn_fhs'...
fit 0.9066963
fit 0.9242564
fit 0.9314254
fit 0.9496732
fit 0.9550705
Total steps: 0
Processing individual 260 for 'tabpfn_fhs'...
fit 0.9274463
fit 0.9425861
fit 0.94909924
fit 0.9617315
fit 0.9651249
Total steps: 0
Processing individual 261 for 'tabpfn_fhs'...
fit 0.9432157
fit 0.9542104
fit 0.96409404
fit 0.9704349
fit 0.97247905
Total steps: 0
Processing individual 262 for 'tabpfn_fhs'...
fit 0.7913627
fit 0.80257815
fit 0.82976896
fit 0.8554996
fit 0.8768258
Total steps: 0
Processing individual 263 for 'tabpfn_fhs'...
fit 0.9380241
fit 0.9520589
fit 0.95825505
fit 0.9682263
fit 0.97057116
Total steps: 0
Processing individual 264 for 'tabpfn_fhs'...
fit 0.9202457
fit 0.93750525
fit 0.94526845
fit 0.9573938
fit 0.96206766
Total steps: 0
Processing individual 265 for 'tabpfn_fhs'...
fit 0.6918329
fit 0.73514146
fit 0.74908745
fit 0.80121976
fit 0.8386952
Total steps: 0
Processing individual 266 for 'tabpfn_fhs'...
fit 0.707567
fit 0.77662003
fit 0.82497495
fit 0.8675924
Total steps: 0
Processing individual 267 for 'tabpfn_fhs'...
fit 0.8213006
fit 0.8310375
fit 0.84963286
fit 0.87897134
fit 0.8971692
Total steps: 0
Processing individual 268 for 'tabpfn_fhs'...
fit 0.75886375
fit 0.7830157
fit 0.81852937
fit 0.82467717
Total steps: 0
Processing individual 269 for 'tabpfn_fhs'...
fit 0.51655155
fit 0.51888275
fit 0.5896591
fit 0.6774213
fit 0.69648975
fit 0.69818246
Total steps: 0
Processing individual 270 for 'tabpfn_fhs'...
fit 0.9066963
fit 0.9242564
fit 0.9314254
fit 0.9496732
fit 0.9550705
Total steps: 0
Processing individual 271 for 'tabpfn_fhs'...
fit 0.85197115
fit 0.8898241
fit 0.9263671
fit 0.94635534
Total steps: 0
Processing individual 272 for 'tabpfn_fhs'...
fit 0.82727087
fit 0.83806443
fit 0.8548444
fit 0.8845532
fit 0.9031709
Total steps: 0
Processing individual 273 for 'tabpfn_fhs'...
fit 0.58510154
fit 0.5955161
fit 0.65110064
fit 0.72456896
fit 0.74299264
fit 0.7458701
Total steps: 0
Processing individual 274 for 'tabpfn_fhs'...
fit 0.9481221
fit 0.9583378
fit 0.9674315
fit 0.9728575
fit 0.97480416
Total steps: 0
Processing individual 275 for 'tabpfn_fhs'...
fit 0.7299979
fit 0.75636196
fit 0.78630126
fit 0.7926421
Total steps: 0
Processing individual 276 for 'tabpfn_fhs'...
fit 0.82727087
fit 0.83806443
fit 0.8548444
fit 0.8845532
fit 0.9031709
Total steps: 0
Processing individual 277 for 'tabpfn_fhs'...
fit 0.9380241
fit 0.9520589
fit 0.95825505
fit 0.9682263
fit 0.97057116
Total steps: 0
Processing individual 278 for 'tabpfn_fhs'...
fit 0.79421717
fit 0.8187203
fit 0.8517793
fit 0.86258984
Total steps: 0
Processing individual 279 for 'tabpfn_fhs'...
fit 0.9490132
fit 0.96336365
fit 0.9692873
fit 0.97583616
fit 0.97749776
Total steps: 0
Processing individual 280 for 'tabpfn_fhs'...
fit 0.7799309
fit 0.8018385
fit 0.83764386
fit 0.83783394
fit 0.84684783
Total steps: 0
Processing individual 281 for 'tabpfn_fhs'...
fit 0.7990429
fit 0.81331515
fit 0.83704233
fit 0.8608388
fit 0.88235515
Total steps: 0
Processing individual 282 for 'tabpfn_fhs'...
fit 0.9481221
fit 0.9583378
fit 0.9674315
fit 0.9728575
fit 0.97480416
Total steps: 0
Processing individual 283 for 'tabpfn_fhs'...
fit 0.8202472
fit 0.86081016
fit 0.86330193
fit 0.90706885
fit 0.9090937
fit 0.9105833
fit 0.9144914
fit 0.9217153
Total steps: 0
Processing individual 284 for 'tabpfn_fhs'...
fit 0.6707326
fit 0.69862306
fit 0.72609174
Total steps: 0
Processing individual 285 for 'tabpfn_fhs'...
fit 0.9481221
fit 0.9583378
fit 0.9674315
fit 0.9728575
fit 0.97480416
Total steps: 0
Processing individual 286 for 'tabpfn_fhs'...
fit 0.8122332
fit 0.86598754
fit 0.90875953
fit 0.934042
Total steps: 0
Processing individual 287 for 'tabpfn_fhs'...
fit 0.72680044
fit 0.79437596
fit 0.844306
fit 0.8850938
Total steps: 0
Processing individual 288 for 'tabpfn_fhs'...
fit 0.89802164
fit 0.9151979
fit 0.92393154
fit 0.9443066
fit 0.94961226
Total steps: 0
Processing individual 289 for 'tabpfn_fhs'...
fit 0.9432157
fit 0.9542104
fit 0.96409404
fit 0.9704349
fit 0.97247905
Total steps: 0
Processing individual 290 for 'tabpfn_fhs'...
fit 0.5632684
fit 0.62984604
fit 0.7023251
fit 0.7232759
fit 0.73616076
Total steps: 0
Processing individual 291 for 'tabpfn_fhs'...
fit 0.78771144
fit 0.806882
fit 0.8443694
fit 0.84453446
fit 0.8551195
Total steps: 0
Processing individual 292 for 'tabpfn_fhs'...
fit 0.6500596
fit 0.6802057
fit 0.71817154
fit 0.78597796
fit 0.8386612
Total steps: 0
Processing individual 293 for 'tabpfn_fhs'...
fit 0.6393403
fit 0.6971933
fit 0.7137615
fit 0.77150464
fit 0.8280371
Total steps: 0
Processing individual 294 for 'tabpfn_fhs'...
fit 0.8254692
fit 0.8949664
fit 0.9154917
fit 0.939113
Total steps: 0
Processing individual 295 for 'tabpfn_fhs'...
fit 0.7206241
fit 0.72560036
fit 0.766343
fit 0.7704388
Total steps: 0
Processing individual 296 for 'tabpfn_fhs'...
fit 0.9274463
fit 0.9425861
fit 0.94909924
fit 0.9617315
fit 0.9651249
Total steps: 0
Processing individual 297 for 'tabpfn_fhs'...
fit 0.7527189
fit 0.8005526
fit 0.8064548
fit 0.859022
fit 0.90104455
Total steps: 0
Processing individual 298 for 'tabpfn_fhs'...
fit 0.89802164
fit 0.9151979
fit 0.92393154
fit 0.9443066
fit 0.94961226
Total steps: 0
Processing individual 299 for 'tabpfn_fhs'...
fit 0.85936606
fit 0.8699735
fit 0.8848174
fit 0.9124186
fit 0.92219734
Total steps: 0
Processing individual 300 for 'tabpfn_fhs'...
fit 0.9432157
fit 0.9542104
fit 0.96409404
fit 0.9704349
fit 0.97247905
Total steps: 0
Processing individual 301 for 'tabpfn_fhs'...
fit 0.698558
fit 0.7576725
fit 0.76001596
fit 0.8226913
fit 0.8648384
Total steps: 0
Processing individual 302 for 'tabpfn_fhs'...
fit 0.9274463
fit 0.9425861
fit 0.94909924
fit 0.9617315
fit 0.9651249
Total steps: 0
Processing individual 303 for 'tabpfn_fhs'...
fit 0.8412467
fit 0.85260385
fit 0.86543685
fit 0.89495236
fit 0.90982604
Total steps: 0
Processing individual 304 for 'tabpfn_fhs'...
fit 0.6393403
fit 0.6971933
fit 0.7137615
fit 0.77150464
fit 0.8280371
Total steps: 0
Processing individual 305 for 'tabpfn_fhs'...
fit 0.8028835
fit 0.85971355
fit 0.89906406
fit 0.9275885
Total steps: 0
Processing individual 306 for 'tabpfn_fhs'...
fit 0.9121996
fit 0.9405233
fit 0.9442806
fit 0.96026313
fit 0.965384
Total steps: 0
Processing individual 307 for 'tabpfn_fhs'...
fit 0.91319835
fit 0.93424505
fit 0.93887174
fit 0.95474476
fit 0.9589603
Total steps: 0
Processing individual 308 for 'tabpfn_fhs'...
fit 0.9668963
fit 0.9727246
fit 0.9805985
fit 0.98324555
fit 0.9834455
fit 0.98375756
Total steps: 0
Processing individual 309 for 'tabpfn_fhs'...
fit 0.85936606
fit 0.8699735
fit 0.8848174
fit 0.9124186
fit 0.92219734
Total steps: 0
Processing individual 310 for 'tabpfn_fhs'...
fit 0.9481221
fit 0.9583378
fit 0.9674315
fit 0.9728575
fit 0.97480416
Total steps: 0
Processing individual 311 for 'tabpfn_fhs'...
fit 0.9110693
fit 0.9419114
fit 0.9464209
fit 0.95981693
fit 0.9660278
Total steps: 0
Processing individual 312 for 'tabpfn_fhs'...
fit 0.698558
fit 0.7576725
fit 0.76001596
fit 0.8226913
fit 0.8648384
Total steps: 0
Processing individual 313 for 'tabpfn_fhs'...
fit 0.7029563
fit 0.74487525
fit 0.7634745
fit 0.81835526
fit 0.85066336
Total steps: 0
Processing individual 314 for 'tabpfn_fhs'...
fit 0.75964844
fit 0.8169649
fit 0.8637948
fit 0.9073099
Total steps: 0
Processing individual 315 for 'tabpfn_fhs'...
fit 0.5952373
fit 0.60275674
fit 0.6705251
fit 0.7389441
fit 0.7625535
fit 0.7645019
Total steps: 0
Processing individual 316 for 'tabpfn_fhs'...
fit 0.87106013
fit 0.88613564
fit 0.89529425
fit 0.9230296
fit 0.931479
Total steps: 0
Processing individual 317 for 'tabpfn_fhs'...
fit 0.84633744
fit 0.85455483
fit 0.8794806
fit 0.9071736
fit 0.9155663
Total steps: 0
Processing individual 318 for 'tabpfn_fhs'...
fit 0.8213006
fit 0.8310375
fit 0.84963286
fit 0.87897134
fit 0.8971692
Total steps: 0
Processing individual 319 for 'tabpfn_fhs'...
fit 0.7612771
fit 0.8295025
fit 0.8734323
fit 0.9129404
Total steps: 0
Processing individual 320 for 'tabpfn_fhs'...
fit 0.8930401
fit 0.93446887
fit 0.95297873
fit 0.960325
Total steps: 0
Processing individual 321 for 'tabpfn_fhs'...
fit 0.8838832
fit 0.90219027
fit 0.90979105
fit 0.9352381
fit 0.94152945
Total steps: 0
Processing individual 322 for 'tabpfn_fhs'...
fit 0.8596258
fit 0.9029674
fit 0.9326874
fit 0.95004994
Total steps: 0
Processing individual 323 for 'tabpfn_fhs'...
fit 0.62230366
fit 0.66996783
fit 0.6952112
fit 0.7637797
fit 0.8163347
Total steps: 0
Processing individual 324 for 'tabpfn_fhs'...
fit 0.8887667
fit 0.9034133
fit 0.91857773
fit 0.93846166
fit 0.9413138
Total steps: 0
Processing individual 325 for 'tabpfn_fhs'...
fit 0.7804488
fit 0.8500384
fit 0.8852302
fit 0.92133814
Total steps: 0
Processing individual 326 for 'tabpfn_fhs'...
fit 0.9380559
fit 0.9540188
fit 0.96178085
fit 0.9705661
fit 0.97239965
Total steps: 0
Processing individual 327 for 'tabpfn_fhs'...
fit 0.7501403
fit 0.7578838
fit 0.79951006
fit 0.8053935
Total steps: 0
Processing individual 328 for 'tabpfn_fhs'...
fit 0.80507416
fit 0.8204629
fit 0.840713
fit 0.86802673
fit 0.88843274
Total steps: 0
Processing individual 329 for 'tabpfn_fhs'...
fit 0.890967
fit 0.9146107
fit 0.919488
fit 0.93928266
fit 0.9449776
Total steps: 0
Processing individual 330 for 'tabpfn_fhs'...
fit 0.6852374
fit 0.71836424
fit 0.7453294
fit 0.8043443
fit 0.8494233
Total steps: 0
Processing individual 331 for 'tabpfn_fhs'...
fit 0.8412467
fit 0.85260385
fit 0.86543685
fit 0.89495236
fit 0.90982604
Total steps: 0
Processing individual 332 for 'tabpfn_fhs'...
fit 0.6884834
fit 0.7320366
fit 0.75072
fit 0.8118992
fit 0.86345637
Total steps: 0
Processing individual 333 for 'tabpfn_fhs'...
fit 0.95751125
fit 0.9649937
fit 0.9727624
fit 0.97732246
fit 0.9779881
fit 0.97847795
Total steps: 0
Processing individual 334 for 'tabpfn_fhs'...
fit 0.746579
fit 0.7886619
fit 0.7934456
fit 0.84777707
fit 0.8929535
Total steps: 0
Processing individual 335 for 'tabpfn_fhs'...
fit 0.8596258
fit 0.9029674
fit 0.9326874
fit 0.95004994
Total steps: 0
Processing individual 336 for 'tabpfn_fhs'...
fit 0.7353784
fit 0.7612531
fit 0.7979625
fit 0.80159974
Total steps: 0
Processing individual 337 for 'tabpfn_fhs'...
fit 0.79775095
fit 0.8223121
fit 0.8599215
fit 0.86944366
Total steps: 0
Processing individual 338 for 'tabpfn_fhs'...
fit 0.8596258
fit 0.9029674
fit 0.9326874
fit 0.95004994
Total steps: 0
Processing individual 339 for 'tabpfn_fhs'...
fit 0.9066963
fit 0.9242564
fit 0.9314254
fit 0.9496732
fit 0.9550705
Total steps: 0
Processing individual 340 for 'tabpfn_fhs'...
fit 0.84633744
fit 0.85455483
fit 0.8794806
fit 0.9071736
fit 0.9155663
Total steps: 0
Processing individual 341 for 'tabpfn_fhs'...
fit 0.9274463
fit 0.9425861
fit 0.94909924
fit 0.9617315
fit 0.9651249
Total steps: 0
Processing individual 342 for 'tabpfn_fhs'...
fit 0.8930401
fit 0.93446887
fit 0.95297873
fit 0.960325
Total steps: 0
Processing individual 343 for 'tabpfn_fhs'...
fit 0.9668963
fit 0.9727246
fit 0.9805985
fit 0.98324555
fit 0.9834455
fit 0.98375756
Total steps: 0
Processing individual 344 for 'tabpfn_fhs'...
fit 0.7299979
fit 0.75636196
fit 0.78630126
fit 0.7926421
Total steps: 0
Processing individual 345 for 'tabpfn_fhs'...
fit 0.835081
fit 0.8766554
fit 0.8842395
fit 0.9201068
fit 0.921025
fit 0.9225455
fit 0.92935073
Total steps: 0
Processing individual 346 for 'tabpfn_fhs'...
fit 0.87106013
fit 0.88613564
fit 0.89529425
fit 0.9230296
fit 0.931479
Total steps: 0
Processing individual 347 for 'tabpfn_fhs'...
fit 0.68872184
fit 0.70099413
fit 0.7319594
fit 0.73456866
Total steps: 0
Processing individual 348 for 'tabpfn_fhs'...
fit 0.5952373
fit 0.60275674
fit 0.6705251
fit 0.7389441
fit 0.7625535
fit 0.7645019
Total steps: 0
Processing individual 349 for 'tabpfn_fhs'...
fit 0.8989236
fit 0.9199469
fit 0.9382648
fit 0.9516881
fit 0.9549582
Total steps: 0
Processing individual 350 for 'tabpfn_fhs'...
fit 0.8838832
fit 0.90219027
fit 0.90979105
fit 0.9352381
fit 0.94152945
Total steps: 0
Processing individual 351 for 'tabpfn_fhs'...
fit 0.7612771
fit 0.8295025
fit 0.8734323
fit 0.9129404
Total steps: 0
Processing individual 352 for 'tabpfn_fhs'...
fit 0.91319835
fit 0.93424505
fit 0.93887174
fit 0.95474476
fit 0.9589603
Total steps: 0
Processing individual 353 for 'tabpfn_fhs'...
fit 0.7353784
fit 0.7612531
fit 0.7979625
fit 0.80159974
Total steps: 0
Processing individual 354 for 'tabpfn_fhs'...
fit 0.8412467
fit 0.85260385
fit 0.86543685
fit 0.89495236
fit 0.90982604
Total steps: 0
Processing individual 355 for 'tabpfn_fhs'...
fit 0.76785815
fit 0.79054093
fit 0.8239483
fit 0.83025503
Total steps: 0
Processing individual 356 for 'tabpfn_fhs'...
fit 0.7029563
fit 0.74487525
fit 0.7634745
fit 0.81835526
fit 0.85066336
Total steps: 0
Processing individual 357 for 'tabpfn_fhs'...
fit 0.85197115
fit 0.8898241
fit 0.9263671
fit 0.94635534
Total steps: 0
Processing individual 358 for 'tabpfn_fhs'...
fit 0.93229645
fit 0.94831604
fit 0.9539769
fit 0.96394783
fit 0.9681408
Total steps: 0
Processing individual 359 for 'tabpfn_fhs'...
fit 0.93229645
fit 0.94831604
fit 0.9539769
fit 0.96394783
fit 0.9681408
Total steps: 0
Processing individual 360 for 'tabpfn_fhs'...
fit 0.86927485
fit 0.8793001
fit 0.90263855
fit 0.9256593
fit 0.9298197
Total steps: 0
Processing individual 361 for 'tabpfn_fhs'...
fit 0.75964844
fit 0.8169649
fit 0.8637948
fit 0.9073099
Total steps: 0
Processing individual 362 for 'tabpfn_fhs'...
fit 0.92859674
fit 0.95416987
fit 0.95711017
fit 0.9667473
fit 0.97014564
Total steps: 0
Processing individual 363 for 'tabpfn_fhs'...
fit 0.9202457
fit 0.93750525
fit 0.94526845
fit 0.9573938
fit 0.96206766
Total steps: 0
Processing individual 364 for 'tabpfn_fhs'...
fit 0.7527189
fit 0.8005526
fit 0.8064548
fit 0.859022
fit 0.90104455
Total steps: 0
Processing individual 365 for 'tabpfn_fhs'...
fit 0.890967
fit 0.9146107
fit 0.919488
fit 0.93928266
fit 0.9449776
Total steps: 0
Processing individual 366 for 'tabpfn_fhs'...
fit 0.76785815
fit 0.79054093
fit 0.8239483
fit 0.83025503
Total steps: 0
Processing individual 367 for 'tabpfn_fhs'...
fit 0.76108986
fit 0.7766297
fit 0.8043804
fit 0.8253402
fit 0.8471351
Total steps: 0
Processing individual 368 for 'tabpfn_fhs'...
fit 0.8838832
fit 0.90219027
fit 0.90979105
fit 0.9352381
fit 0.94152945
Total steps: 0
Processing individual 369 for 'tabpfn_fhs'...
fit 0.93229645
fit 0.94831604
fit 0.9539769
fit 0.96394783
fit 0.9681408
Total steps: 0
Processing individual 370 for 'tabpfn_fhs'...
fit 0.88034207
fit 0.92752635
fit 0.9463273
fit 0.9563989
Total steps: 0
Processing individual 371 for 'tabpfn_fhs'...
fit 0.8254692
fit 0.8949664
fit 0.9154917
fit 0.939113
Total steps: 0
Processing individual 372 for 'tabpfn_fhs'...
fit 0.87367237
fit 0.9074617
fit 0.91547114
fit 0.9410857
fit 0.94663197
Total steps: 0
Processing individual 373 for 'tabpfn_fhs'...
fit 0.698558
fit 0.7576725
fit 0.76001596
fit 0.8226913
fit 0.8648384
Total steps: 0
Processing individual 374 for 'tabpfn_fhs'...
fit 0.9202457
fit 0.93750525
fit 0.94526845
fit 0.9573938
fit 0.96206766
Total steps: 0
Processing individual 375 for 'tabpfn_fhs'...
fit 0.84633744
fit 0.85455483
fit 0.8794806
fit 0.9071736
fit 0.9155663
Total steps: 0
Processing individual 376 for 'tabpfn_fhs'...
fit 0.74636865
fit 0.7737055
fit 0.80265397
fit 0.8092836
Total steps: 0
Processing individual 377 for 'tabpfn_fhs'...
fit 0.7204655
fit 0.76134676
fit 0.7754816
fit 0.83254945
fit 0.87933
Total steps: 0
Processing individual 378 for 'tabpfn_fhs'...
fit 0.7931635
fit 0.8236501
fit 0.842234
fit 0.888828
fit 0.89552987
fit 0.8992756
fit 0.902699
Total steps: 0
Processing individual 379 for 'tabpfn_fhs'...
fit 0.8984034
fit 0.90749884
fit 0.9266196
fit 0.9441047
fit 0.9456378
Total steps: 0
Processing individual 380 for 'tabpfn_fhs'...
fit 0.9274463
fit 0.9425861
fit 0.94909924
fit 0.9617315
fit 0.9651249
Total steps: 0
Processing individual 381 for 'tabpfn_fhs'...
fit 0.9432157
fit 0.9542104
fit 0.96409404
fit 0.9704349
fit 0.97247905
Total steps: 0
Processing individual 382 for 'tabpfn_fhs'...
fit 0.9527873
fit 0.9635112
fit 0.97012436
fit 0.9752993
fit 0.97593814
fit 0.97630405
Total steps: 0
Processing individual 383 for 'tabpfn_fhs'...
fit 0.82727087
fit 0.83806443
fit 0.8548444
fit 0.8845532
fit 0.9031709
Total steps: 0
Processing individual 384 for 'tabpfn_fhs'...
fit 0.6918329
fit 0.73514146
fit 0.74908745
fit 0.80121976
fit 0.8386952
Total steps: 0
Processing individual 385 for 'tabpfn_fhs'...
fit 0.9688208
fit 0.9731214
fit 0.9817027
fit 0.9847317
fit 0.98523986
fit 0.9852996
Total steps: 0
Processing individual 386 for 'tabpfn_fhs'...
fit 0.8596258
fit 0.9029674
fit 0.9326874
fit 0.95004994
Total steps: 0
Processing individual 387 for 'tabpfn_fhs'...
fit 0.8412467
fit 0.85260385
fit 0.86543685
fit 0.89495236
fit 0.90982604
Total steps: 0
Processing individual 388 for 'tabpfn_fhs'...
fit 0.698558
fit 0.7576725
fit 0.76001596
fit 0.8226913
fit 0.8648384
Total steps: 0
Processing individual 389 for 'tabpfn_fhs'...
fit 0.93229645
fit 0.94831604
fit 0.9539769
fit 0.96394783
fit 0.9681408
Total steps: 0
Processing individual 390 for 'tabpfn_fhs'...
fit 0.91319835
fit 0.93424505
fit 0.93887174
fit 0.95474476
fit 0.9589603
Total steps: 0
Processing individual 391 for 'tabpfn_fhs'...
fit 0.62230366
fit 0.66996783
fit 0.6952112
fit 0.7637797
fit 0.8163347
Total steps: 0
Processing individual 392 for 'tabpfn_fhs'...
fit 0.87780195
fit 0.88903826
fit 0.91135776
fit 0.9311422
fit 0.9313829
fit 0.9315127
fit 0.9355992
Total steps: 0
Processing individual 393 for 'tabpfn_fhs'...
fit 0.9202457
fit 0.93750525
fit 0.94526845
fit 0.9573938
fit 0.96206766
Total steps: 0
Processing individual 394 for 'tabpfn_fhs'...
fit 0.86927485
fit 0.8793001
fit 0.90263855
fit 0.9256593
fit 0.9298197
Total steps: 0
Processing individual 395 for 'tabpfn_fhs'...
fit 0.828506
fit 0.8336884
fit 0.8531952
fit 0.88905406
fit 0.896371
Total steps: 0
Processing individual 396 for 'tabpfn_fhs'...
fit 0.8202472
fit 0.86081016
fit 0.86330193
fit 0.90706885
fit 0.9090937
fit 0.9105833
fit 0.9144914
fit 0.9217153
Total steps: 0
Processing individual 397 for 'tabpfn_fhs'...
fit 0.9481221
fit 0.9583378
fit 0.9674315
fit 0.9728575
fit 0.97480416
Total steps: 0
Processing individual 398 for 'tabpfn_fhs'...
fit 0.8596258
fit 0.9029674
fit 0.9326874
fit 0.95004994
Total steps: 0
Processing individual 399 for 'tabpfn_fhs'...
fit 0.7353784
fit 0.7612531
fit 0.7979625
fit 0.80159974
Total steps: 0
Processing individual 400 for 'tabpfn_fhs'...
fit 0.9274463
fit 0.9425861
fit 0.94909924
fit 0.9617315
fit 0.9651249
Total steps: 0
Processing individual 401 for 'tabpfn_fhs'...
fit 0.9607078
fit 0.96835494
fit 0.97602695
fit 0.9795455
fit 0.9804619
fit 0.98047817
Total steps: 0
Processing individual 402 for 'tabpfn_fhs'...
fit 0.7738318
fit 0.79594946
fit 0.83231294
fit 0.8405767
Total steps: 0
Processing individual 403 for 'tabpfn_fhs'...
fit 0.8474424
fit 0.86098087
fit 0.8713066
fit 0.90252167
fit 0.9157246
Total steps: 0
Processing individual 404 for 'tabpfn_fhs'...
fit 0.9066963
fit 0.9242564
fit 0.9314254
fit 0.9496732
fit 0.9550705
Total steps: 0
Processing individual 405 for 'tabpfn_fhs'...
fit 0.7804488
fit 0.8500384
fit 0.8852302
fit 0.92133814
Total steps: 0
Processing individual 406 for 'tabpfn_fhs'...
fit 0.9527873
fit 0.9635112
fit 0.97012436
fit 0.9752993
fit 0.97593814
fit 0.97630405
Total steps: 0
Processing individual 407 for 'tabpfn_fhs'...
fit 0.9607078
fit 0.96835494
fit 0.97602695
fit 0.9795455
fit 0.9804619
fit 0.98047817
Total steps: 0
Processing individual 408 for 'tabpfn_fhs'...
fit 0.8474424
fit 0.86098087
fit 0.8713066
fit 0.90252167
fit 0.9157246
Total steps: 0
Processing individual 409 for 'tabpfn_fhs'...
fit 0.890967
fit 0.9146107
fit 0.919488
fit 0.93928266
fit 0.9449776
Total steps: 0
Processing individual 410 for 'tabpfn_fhs'...
fit 0.856808
fit 0.8734586
fit 0.8900498
fit 0.9147311
fit 0.9227352
Total steps: 0
Processing individual 411 for 'tabpfn_fhs'...
fit 0.92859674
fit 0.95416987
fit 0.95711017
fit 0.9667473
fit 0.97014564
Total steps: 0
Processing individual 412 for 'tabpfn_fhs'...
fit 0.8254692
fit 0.8949664
fit 0.9154917
fit 0.939113
Total steps: 0
Processing individual 413 for 'tabpfn_fhs'...
fit 0.87367237
fit 0.9074617
fit 0.91547114
fit 0.9410857
fit 0.94663197
Total steps: 0
Processing individual 414 for 'tabpfn_fhs'...
fit 0.8028835
fit 0.85971355
fit 0.89906406
fit 0.9275885
Total steps: 0
Processing individual 415 for 'tabpfn_fhs'...
fit 0.9066963
fit 0.9242564
fit 0.9314254
fit 0.9496732
fit 0.9550705
Total steps: 0
Processing individual 416 for 'tabpfn_fhs'...
fit 0.856808
fit 0.8734586
fit 0.8900498
fit 0.9147311
fit 0.9227352
Total steps: 0
Processing individual 417 for 'tabpfn_fhs'...
fit 0.9380559
fit 0.9540188
fit 0.96178085
fit 0.9705661
fit 0.97239965
Total steps: 0
Processing individual 418 for 'tabpfn_fhs'...
fit 0.8202472
fit 0.86081016
fit 0.86330193
fit 0.90706885
fit 0.9090937
fit 0.9105833
fit 0.9144914
fit 0.9217153
Total steps: 0
Processing individual 419 for 'tabpfn_fhs'...
fit 0.74636865
fit 0.7737055
fit 0.80265397
fit 0.8092836
Total steps: 0
Processing individual 420 for 'tabpfn_fhs'...
fit 0.7931635
fit 0.8236501
fit 0.842234
fit 0.888828
fit 0.89552987
fit 0.8992756
fit 0.902699
Total steps: 0
Processing individual 421 for 'tabpfn_fhs'...
fit 0.8197266
fit 0.82815516
fit 0.853426
fit 0.88253856
fit 0.8929244
Total steps: 0
Processing individual 422 for 'tabpfn_fhs'...
fit 0.9481221
fit 0.9583378
fit 0.9674315
fit 0.9728575
fit 0.97480416
Total steps: 0
Processing individual 423 for 'tabpfn_fhs'...
fit 0.83521193
fit 0.84704983
fit 0.8602869
fit 0.8895631
fit 0.90680736
Total steps: 0
Processing individual 424 for 'tabpfn_fhs'...
fit 0.7799309
fit 0.8018385
fit 0.83764386
fit 0.83783394
fit 0.84684783
Total steps: 0
Processing individual 425 for 'tabpfn_fhs'...
fit 0.9066963
fit 0.9242564
fit 0.9314254
fit 0.9496732
fit 0.9550705
Total steps: 0
Processing individual 426 for 'tabpfn_fhs'...
fit 0.91319835
fit 0.93424505
fit 0.93887174
fit 0.95474476
fit 0.9589603
Total steps: 0
Processing individual 427 for 'tabpfn_fhs'...
fit 0.7353784
fit 0.7612531
fit 0.7979625
fit 0.80159974
Total steps: 0
Processing individual 428 for 'tabpfn_fhs'...
fit 0.7299979
fit 0.75636196
fit 0.78630126
fit 0.7926421
Total steps: 0
Processing individual 429 for 'tabpfn_fhs'...
fit 0.7299979
fit 0.75636196
fit 0.78630126
fit 0.7926421
Total steps: 0
Processing individual 430 for 'tabpfn_fhs'...
fit 0.86765116
fit 0.9175147
fit 0.9398754
fit 0.9525454
Total steps: 0
Processing individual 431 for 'tabpfn_fhs'...
fit 0.79421717
fit 0.8187203
fit 0.8517793
fit 0.86258984
Total steps: 0
Processing individual 432 for 'tabpfn_fhs'...
fit 0.58510154
fit 0.5955161
fit 0.65110064
fit 0.72456896
fit 0.74299264
fit 0.7458701
Total steps: 0
Processing individual 433 for 'tabpfn_fhs'...
fit 0.9380559
fit 0.9540188
fit 0.96178085
fit 0.9705661
fit 0.97239965
Total steps: 0
Processing individual 434 for 'tabpfn_fhs'...
fit 0.8197266
fit 0.82815516
fit 0.853426
fit 0.88253856
fit 0.8929244
Total steps: 0
Processing individual 435 for 'tabpfn_fhs'...
fit 0.7299979
fit 0.75636196
fit 0.78630126
fit 0.7926421
Total steps: 0
Processing individual 436 for 'tabpfn_fhs'...
fit 0.8128501
fit 0.8165618
fit 0.8459144
fit 0.874027
fit 0.8933397
Total steps: 0
Processing individual 437 for 'tabpfn_fhs'...
fit 0.8474424
fit 0.86098087
fit 0.8713066
fit 0.90252167
fit 0.9157246
Total steps: 0
Processing individual 438 for 'tabpfn_fhs'...
fit 0.9481221
fit 0.9583378
fit 0.9674315
fit 0.9728575
fit 0.97480416
Total steps: 0
Processing individual 439 for 'tabpfn_fhs'...
fit 0.9202457
fit 0.93750525
fit 0.94526845
fit 0.9573938
fit 0.96206766
Total steps: 0
Processing individual 440 for 'tabpfn_fhs'...
fit 0.8122332
fit 0.86598754
fit 0.90875953
fit 0.934042
Total steps: 0
Processing individual 441 for 'tabpfn_fhs'...
fit 0.9380241
fit 0.9520589
fit 0.95825505
fit 0.9682263
fit 0.97057116
Total steps: 0
Processing individual 442 for 'tabpfn_fhs'...
fit 0.8254692
fit 0.8949664
fit 0.9154917
fit 0.939113
Total steps: 0
Processing individual 443 for 'tabpfn_fhs'...
fit 0.890967
fit 0.9146107
fit 0.919488
fit 0.93928266
fit 0.9449776
Total steps: 0
Processing individual 444 for 'tabpfn_fhs'...
fit 0.890967
fit 0.9146107
fit 0.919488
fit 0.93928266
fit 0.9449776
Total steps: 0
Processing individual 445 for 'tabpfn_fhs'...
fit 0.7527189
fit 0.8005526
fit 0.8064548
fit 0.859022
fit 0.90104455
Total steps: 0
Processing individual 446 for 'tabpfn_fhs'...
fit 0.80507416
fit 0.8204629
fit 0.840713
fit 0.86802673
fit 0.88843274
Total steps: 0
Processing individual 447 for 'tabpfn_fhs'...
fit 0.8128501
fit 0.8165618
fit 0.8459144
fit 0.874027
fit 0.8933397
Total steps: 0
Processing individual 448 for 'tabpfn_fhs'...
fit 0.9432157
fit 0.9542104
fit 0.96409404
fit 0.9704349
fit 0.97247905
Total steps: 0
Processing individual 449 for 'tabpfn_fhs'...
fit 0.8474424
fit 0.86098087
fit 0.8713066
fit 0.90252167
fit 0.9157246
Total steps: 0
Processing individual 450 for 'tabpfn_fhs'...
fit 0.9380241
fit 0.9520589
fit 0.95825505
fit 0.9682263
fit 0.97057116
Total steps: 0
Processing individual 451 for 'tabpfn_fhs'...
fit 0.76108986
fit 0.7766297
fit 0.8043804
fit 0.8253402
fit 0.8471351
Total steps: 0
Processing individual 452 for 'tabpfn_fhs'...
fit 0.84633744
fit 0.85455483
fit 0.8794806
fit 0.9071736
fit 0.9155663
Total steps: 0
Processing individual 453 for 'tabpfn_fhs'...
fit 0.9274463
fit 0.9425861
fit 0.94909924
fit 0.9617315
fit 0.9651249
Total steps: 0
Processing individual 454 for 'tabpfn_fhs'...
fit 0.6916316
fit 0.71563137
fit 0.74534285
fit 0.74687696
Total steps: 0
Processing individual 455 for 'tabpfn_fhs'...
fit 0.5632684
fit 0.62984604
fit 0.7023251
fit 0.7232759
fit 0.73616076
Total steps: 0
Processing individual 456 for 'tabpfn_fhs'...
fit 0.9481221
fit 0.9583378
fit 0.9674315
fit 0.9728575
fit 0.97480416
Total steps: 0
Processing individual 457 for 'tabpfn_fhs'...
fit 0.91319835
fit 0.93424505
fit 0.93887174
fit 0.95474476
fit 0.9589603
Total steps: 0
Processing individual 458 for 'tabpfn_fhs'...
fit 0.89802164
fit 0.9151979
fit 0.92393154
fit 0.9443066
fit 0.94961226
Total steps: 0
Processing individual 459 for 'tabpfn_fhs'...
fit 0.83440286
fit 0.8518698
fit 0.87218136
fit 0.8974251
fit 0.89806384
fit 0.90857893
Total steps: 0
Processing individual 460 for 'tabpfn_fhs'...
fit 0.7204655
fit 0.76134676
fit 0.7754816
fit 0.83254945
fit 0.87933
Total steps: 0
Processing individual 461 for 'tabpfn_fhs'...
fit 0.8930401
fit 0.93446887
fit 0.95297873
fit 0.960325
Total steps: 0
Processing individual 462 for 'tabpfn_fhs'...
fit 0.85936606
fit 0.8699735
fit 0.8848174
fit 0.9124186
fit 0.92219734
Total steps: 0
Processing individual 463 for 'tabpfn_fhs'...
fit 0.88603216
fit 0.9143788
fit 0.9285306
fit 0.9474456
fit 0.95084584
Total steps: 0
Processing individual 464 for 'tabpfn_fhs'...
fit 0.7353784
fit 0.7612531
fit 0.7979625
fit 0.80159974
Total steps: 0
Processing individual 465 for 'tabpfn_fhs'...
fit 0.6048504
fit 0.6705894
fit 0.684219
fit 0.75966424
fit 0.8019832
Total steps: 0
Processing individual 466 for 'tabpfn_fhs'...
fit 0.72680044
fit 0.79437596
fit 0.844306
fit 0.8850938
Total steps: 0
Processing individual 467 for 'tabpfn_fhs'...
fit 0.9121996
fit 0.9405233
fit 0.9442806
fit 0.96026313
fit 0.965384
Total steps: 0
Processing individual 468 for 'tabpfn_fhs'...
fit 0.8596258
fit 0.9029674
fit 0.9326874
fit 0.95004994
Total steps: 0
Processing individual 469 for 'tabpfn_fhs'...
fit 0.890967
fit 0.9146107
fit 0.919488
fit 0.93928266
fit 0.9449776
Total steps: 0
Processing individual 470 for 'tabpfn_fhs'...
fit 0.7495018
fit 0.7535785
fit 0.7856295
fit 0.80872566
fit 0.8289642
Total steps: 0
Processing individual 471 for 'tabpfn_fhs'...
fit 0.87926656
fit 0.89233136
fit 0.9015607
fit 0.9292446
fit 0.9349734
Total steps: 0
Processing individual 472 for 'tabpfn_fhs'...
fit 0.96383095
fit 0.96961224
fit 0.9786457
fit 0.98177034
fit 0.98187786
fit 0.982159
Total steps: 0
Processing individual 473 for 'tabpfn_fhs'...
fit 0.9481221
fit 0.9583378
fit 0.9674315
fit 0.9728575
fit 0.97480416
Total steps: 0
Processing individual 474 for 'tabpfn_fhs'...
fit 0.7206241
fit 0.72560036
fit 0.766343
fit 0.7704388
Total steps: 0
Processing individual 475 for 'tabpfn_fhs'...
fit 0.66957736
fit 0.7053055
fit 0.7363166
fit 0.78253984
fit 0.8206867
Total steps: 0
Processing individual 476 for 'tabpfn_fhs'...
fit 0.9380241
fit 0.9520589
fit 0.95825505
fit 0.9682263
fit 0.97057116
Total steps: 0
Processing individual 477 for 'tabpfn_fhs'...
fit 0.9274463
fit 0.9425861
fit 0.94909924
fit 0.9617315
fit 0.9651249
Total steps: 0
Processing individual 478 for 'tabpfn_fhs'...
fit 0.9066963
fit 0.9242564
fit 0.9314254
fit 0.9496732
fit 0.9550705
Total steps: 0
Processing individual 479 for 'tabpfn_fhs'...
fit 0.8197266
fit 0.82815516
fit 0.853426
fit 0.88253856
fit 0.8929244
Total steps: 0
Processing individual 480 for 'tabpfn_fhs'...
fit 0.87367237
fit 0.9074617
fit 0.91547114
fit 0.9410857
fit 0.94663197
Total steps: 0
Processing individual 481 for 'tabpfn_fhs'...
fit 0.6775191
fit 0.71630806
fit 0.73915553
fit 0.7924973
fit 0.83304083
Total steps: 0
Processing individual 482 for 'tabpfn_fhs'...
fit 0.7103461
fit 0.74285173
fit 0.76980853
fit 0.77494603
Total steps: 0
Processing individual 483 for 'tabpfn_fhs'...
fit 0.78654957
fit 0.7967354
fit 0.8242494
fit 0.8477201
fit 0.8705212
Total steps: 0
Processing individual 484 for 'tabpfn_fhs'...
fit 0.87106013
fit 0.88613564
fit 0.89529425
fit 0.9230296
fit 0.931479
Total steps: 0
Processing individual 485 for 'tabpfn_fhs'...
fit 0.7738318
fit 0.79594946
fit 0.83231294
fit 0.8405767
Total steps: 0
Processing individual 486 for 'tabpfn_fhs'...
fit 0.7204655
fit 0.76134676
fit 0.7754816
fit 0.83254945
fit 0.87933
Total steps: 0
Processing individual 487 for 'tabpfn_fhs'...
fit 0.80771357
fit 0.83045113
fit 0.86677396
fit 0.8775087
Total steps: 0
Processing individual 488 for 'tabpfn_fhs'...
fit 0.93229645
fit 0.94831604
fit 0.9539769
fit 0.96394783
fit 0.9681408
Total steps: 0
Processing individual 489 for 'tabpfn_fhs'...
fit 0.8838832
fit 0.90219027
fit 0.90979105
fit 0.9352381
fit 0.94152945
Total steps: 0
Processing individual 490 for 'tabpfn_fhs'...
fit 0.7808536
fit 0.7849901
fit 0.8165316
fit 0.8391607
fit 0.8631942
Total steps: 0
Processing individual 491 for 'tabpfn_fhs'...
fit 0.6127745
fit 0.6475247
fit 0.67815906
fit 0.7578387
fit 0.7991402
Total steps: 0
Processing individual 492 for 'tabpfn_fhs'...
fit 0.8654448
fit 0.87788194
fit 0.8892452
fit 0.91983813
fit 0.9262094
Total steps: 0
Processing individual 493 for 'tabpfn_fhs'...
fit 0.812226
fit 0.8193253
fit 0.8418014
fit 0.87479126
fit 0.8858651
Total steps: 0
Processing individual 494 for 'tabpfn_fhs'...
fit 0.8474424
fit 0.86098087
fit 0.8713066
fit 0.90252167
fit 0.9157246
Total steps: 0
Processing individual 495 for 'tabpfn_fhs'...
fit 0.7102839
fit 0.7331669
fit 0.7623069
fit 0.76576096
Total steps: 0
Processing individual 496 for 'tabpfn_fhs'...
fit 0.93229645
fit 0.94831604
fit 0.9539769
fit 0.96394783
fit 0.9681408
Total steps: 0
Processing individual 497 for 'tabpfn_fhs'...
fit 0.7931635
fit 0.8236501
fit 0.842234
fit 0.888828
fit 0.89552987
fit 0.8992756
fit 0.902699
Total steps: 0
Processing individual 498 for 'tabpfn_fhs'...
fit 0.90411854
fit 0.9388539
fit 0.9565922
fit 0.96287274
Total steps: 0
Processing individual 499 for 'tabpfn_fhs'...
fit 0.8412467
fit 0.85260385
fit 0.86543685
fit 0.89495236
fit 0.90982604
Total steps: 0
Processing individual 500 for 'tabpfn_fhs'...
fit 0.89802164
fit 0.9151979
fit 0.92393154
fit 0.9443066
fit 0.94961226
Total steps: 0
Processing individual 501 for 'tabpfn_fhs'...
fit 0.8254692
fit 0.8949664
fit 0.9154917
fit 0.939113
Total steps: 0
Processing individual 502 for 'tabpfn_fhs'...
fit 0.82727087
fit 0.83806443
fit 0.8548444
fit 0.8845532
fit 0.9031709
Total steps: 0
Processing individual 503 for 'tabpfn_fhs'...
fit 0.9481221
fit 0.9583378
fit 0.9674315
fit 0.9728575
fit 0.97480416
Total steps: 0
Processing individual 504 for 'tabpfn_fhs'...
fit 0.8930401
fit 0.93446887
fit 0.95297873
fit 0.960325
Total steps: 0
Processing individual 505 for 'tabpfn_fhs'...
fit 0.9066963
fit 0.9242564
fit 0.9314254
fit 0.9496732
fit 0.9550705
Total steps: 0
Processing individual 506 for 'tabpfn_fhs'...
fit 0.8518381
fit 0.8636378
fit 0.87819535
fit 0.905689
fit 0.91883475
Total steps: 0
Processing individual 507 for 'tabpfn_fhs'...
fit 0.8474424
fit 0.86098087
fit 0.8713066
fit 0.90252167
fit 0.9157246
Total steps: 0
Processing individual 508 for 'tabpfn_fhs'...
fit 0.87106013
fit 0.88613564
fit 0.89529425
fit 0.9230296
fit 0.931479
Total steps: 0
Processing individual 509 for 'tabpfn_fhs'...
fit 0.698558
fit 0.7576725
fit 0.76001596
fit 0.8226913
fit 0.8648384
Total steps: 0
Processing individual 510 for 'tabpfn_fhs'...
fit 0.8122332
fit 0.86598754
fit 0.90875953
fit 0.934042
Total steps: 0
Processing individual 511 for 'tabpfn_fhs'...
fit 0.9380241
fit 0.9520589
fit 0.95825505
fit 0.9682263
fit 0.97057116
Total steps: 0
Processing individual 512 for 'tabpfn_fhs'...
fit 0.7205444
fit 0.74761313
fit 0.7789202
fit 0.7831502
Total steps: 0
Processing individual 513 for 'tabpfn_fhs'...
fit 0.6277627
fit 0.628991
fit 0.6867901
fit 0.7515795
fit 0.78128934
Total steps: 0
Processing individual 514 for 'tabpfn_fhs'...
fit 0.95751125
fit 0.9649937
fit 0.9727624
fit 0.97732246
fit 0.9779881
fit 0.97847795
Total steps: 0
Processing individual 515 for 'tabpfn_fhs'...
fit 0.8930401
fit 0.93446887
fit 0.95297873
fit 0.960325
Total steps: 0
Processing individual 516 for 'tabpfn_fhs'...
fit 0.8474424
fit 0.86098087
fit 0.8713066
fit 0.90252167
fit 0.9157246
Total steps: 0
Processing individual 517 for 'tabpfn_fhs'...
fit 0.83521193
fit 0.84704983
fit 0.8602869
fit 0.8895631
fit 0.90680736
Total steps: 0
Processing individual 518 for 'tabpfn_fhs'...
fit 0.8930401
fit 0.93446887
fit 0.95297873
fit 0.960325
Total steps: 0
Processing individual 519 for 'tabpfn_fhs'...
fit 0.8028835
fit 0.85971355
fit 0.89906406
fit 0.9275885
Total steps: 0
Processing individual 520 for 'tabpfn_fhs'...
fit 0.7799309
fit 0.8018385
fit 0.83764386
fit 0.83783394
fit 0.84684783
Total steps: 0
Processing individual 521 for 'tabpfn_fhs'...
fit 0.78771144
fit 0.806882
fit 0.8443694
fit 0.84453446
fit 0.8551195
Total steps: 0
Processing individual 522 for 'tabpfn_fhs'...
fit 0.7931068
fit 0.8148206
fit 0.8499517
fit 0.86209655
Total steps: 0
Processing individual 523 for 'tabpfn_fhs'...
fit 0.79775095
fit 0.8223121
fit 0.8599215
fit 0.86944366
Total steps: 0
Processing individual 524 for 'tabpfn_fhs'...
fit 0.9380241
fit 0.9520589
fit 0.95825505
fit 0.9682263
fit 0.97057116
Total steps: 0
Processing individual 525 for 'tabpfn_fhs'...
fit 0.86765116
fit 0.9175147
fit 0.9398754
fit 0.9525454
Total steps: 0
Processing individual 526 for 'tabpfn_fhs'...
fit 0.9066963
fit 0.9242564
fit 0.9314254
fit 0.9496732
fit 0.9550705
Total steps: 0
Processing individual 527 for 'tabpfn_fhs'...
fit 0.4969505
fit 0.5649797
fit 0.6558298
fit 0.6659118
Total steps: 0
Processing individual 528 for 'tabpfn_fhs'...
fit 0.88603216
fit 0.9143788
fit 0.9285306
fit 0.9474456
fit 0.95084584
Total steps: 0
Processing individual 529 for 'tabpfn_fhs'...
fit 0.93229645
fit 0.94831604
fit 0.9539769
fit 0.96394783
fit 0.9681408
Total steps: 0
Processing individual 530 for 'tabpfn_fhs'...
fit 0.91319835
fit 0.93424505
fit 0.93887174
fit 0.95474476
fit 0.9589603
Total steps: 0
Processing individual 531 for 'tabpfn_fhs'...
fit 0.7103461
fit 0.74285173
fit 0.76980853
fit 0.77494603
Total steps: 0
Processing individual 532 for 'tabpfn_fhs'...
fit 0.6606087
fit 0.7019719
fit 0.73242545
fit 0.7939316
fit 0.83829343
Total steps: 0
Processing individual 533 for 'tabpfn_fhs'...
fit 0.9380241
fit 0.9520589
fit 0.95825505
fit 0.9682263
fit 0.97057116
Total steps: 0
Processing individual 534 for 'tabpfn_fhs'...
fit 0.9481221
fit 0.9583378
fit 0.9674315
fit 0.9728575
fit 0.97480416
Total steps: 0
Processing individual 535 for 'tabpfn_fhs'...
fit 0.87106013
fit 0.88613564
fit 0.89529425
fit 0.9230296
fit 0.931479
Total steps: 0
Processing individual 536 for 'tabpfn_fhs'...
fit 0.9668963
fit 0.9727246
fit 0.9805985
fit 0.98324555
fit 0.9834455
fit 0.98375756
Total steps: 0
Processing individual 537 for 'tabpfn_fhs'...
fit 0.7738318
fit 0.79594946
fit 0.83231294
fit 0.8405767
Total steps: 0
Processing individual 538 for 'tabpfn_fhs'...
fit 0.9211763
fit 0.94999266
fit 0.95020735
fit 0.964257
fit 0.96784985
Total steps: 0
Processing individual 539 for 'tabpfn_fhs'...
fit 0.835081
fit 0.8766554
fit 0.8842395
fit 0.9201068
fit 0.921025
fit 0.9225455
fit 0.92935073
Total steps: 0
Processing individual 540 for 'tabpfn_fhs'...
fit 0.9481221
fit 0.9583378
fit 0.9674315
fit 0.9728575
fit 0.97480416
Total steps: 0
Processing individual 541 for 'tabpfn_fhs'...
fit 0.89802164
fit 0.9151979
fit 0.92393154
fit 0.9443066
fit 0.94961226
Total steps: 0
Processing individual 542 for 'tabpfn_fhs'...
fit 0.8518381
fit 0.8636378
fit 0.87819535
fit 0.905689
fit 0.91883475
Total steps: 0
Processing individual 543 for 'tabpfn_fhs'...
fit 0.7204655
fit 0.76134676
fit 0.7754816
fit 0.83254945
fit 0.87933
Total steps: 0
Processing individual 544 for 'tabpfn_fhs'...
fit 0.8412467
fit 0.85260385
fit 0.86543685
fit 0.89495236
fit 0.90982604
Total steps: 0
Processing individual 545 for 'tabpfn_fhs'...
fit 0.79775095
fit 0.8223121
fit 0.8599215
fit 0.86944366
Total steps: 0
Processing individual 546 for 'tabpfn_fhs'...
fit 0.8838832
fit 0.90219027
fit 0.90979105
fit 0.9352381
fit 0.94152945
Total steps: 0
Processing individual 547 for 'tabpfn_fhs'...
fit 0.9202457
fit 0.93750525
fit 0.94526845
fit 0.9573938
fit 0.96206766
Total steps: 0
Processing individual 548 for 'tabpfn_fhs'...
fit 0.85197115
fit 0.8898241
fit 0.9263671
fit 0.94635534
Total steps: 0
Processing individual 549 for 'tabpfn_fhs'...
fit 0.7931635
fit 0.8236501
fit 0.842234
fit 0.888828
fit 0.89552987
fit 0.8992756
fit 0.902699
Total steps: 0
Processing individual 550 for 'tabpfn_fhs'...
fit 0.65444565
fit 0.6751802
fit 0.7121665
fit 0.7682759
fit 0.8100503
Total steps: 0
Processing individual 551 for 'tabpfn_fhs'...
fit 0.8474424
fit 0.86098087
fit 0.8713066
fit 0.90252167
fit 0.9157246
Total steps: 0
Processing individual 552 for 'tabpfn_fhs'...
fit 0.6277627
fit 0.628991
fit 0.6867901
fit 0.7515795
fit 0.78128934
Total steps: 0
Processing individual 553 for 'tabpfn_fhs'...
fit 0.75964844
fit 0.8169649
fit 0.8637948
fit 0.9073099
Total steps: 0
Processing individual 554 for 'tabpfn_fhs'...
fit 0.91319835
fit 0.93424505
fit 0.93887174
fit 0.95474476
fit 0.9589603
Total steps: 0
Processing individual 555 for 'tabpfn_fhs'...
fit 0.9481221
fit 0.9583378
fit 0.9674315
fit 0.9728575
fit 0.97480416
Total steps: 0
Processing individual 556 for 'tabpfn_fhs'...
fit 0.72680044
fit 0.79437596
fit 0.844306
fit 0.8850938
Total steps: 0
Processing individual 557 for 'tabpfn_fhs'...
fit 0.8474424
fit 0.86098087
fit 0.8713066
fit 0.90252167
fit 0.9157246
Total steps: 0
Processing individual 558 for 'tabpfn_fhs'...
fit 0.8213006
fit 0.8310375
fit 0.84963286
fit 0.87897134
fit 0.8971692
Total steps: 0
Processing individual 559 for 'tabpfn_fhs'...
fit 0.79775095
fit 0.8223121
fit 0.8599215
fit 0.86944366
Total steps: 0
Processing individual 560 for 'tabpfn_fhs'...
fit 0.812226
fit 0.8193253
fit 0.8418014
fit 0.87479126
fit 0.8858651
Total steps: 0
Processing individual 561 for 'tabpfn_fhs'...
fit 0.62230366
fit 0.66996783
fit 0.6952112
fit 0.7637797
fit 0.8163347
Total steps: 0
Processing individual 562 for 'tabpfn_fhs'...
fit 0.6500596
fit 0.6802057
fit 0.71817154
fit 0.78597796
fit 0.8386612
Total steps: 0
Processing individual 563 for 'tabpfn_fhs'...
fit 0.7299979
fit 0.75636196
fit 0.78630126
fit 0.7926421
Total steps: 0
Processing individual 564 for 'tabpfn_fhs'...
fit 0.9211763
fit 0.94999266
fit 0.95020735
fit 0.964257
fit 0.96784985
Total steps: 0
Processing individual 565 for 'tabpfn_fhs'...
fit 0.9450175
fit 0.96010554
fit 0.967185
fit 0.97348124
fit 0.9754861
Total steps: 0
Processing individual 566 for 'tabpfn_fhs'...
fit 0.8122332
fit 0.86598754
fit 0.90875953
fit 0.934042
Total steps: 0
Processing individual 567 for 'tabpfn_fhs'...
fit 0.75475985
fit 0.806034
fit 0.8580885
fit 0.87865096
fit 0.88022536
Total steps: 0
Processing individual 568 for 'tabpfn_fhs'...
fit 0.91319835
fit 0.93424505
fit 0.93887174
fit 0.95474476
fit 0.9589603
Total steps: 0
Processing individual 569 for 'tabpfn_fhs'...
fit 0.83521193
fit 0.84704983
fit 0.8602869
fit 0.8895631
fit 0.90680736
Total steps: 0
Processing individual 570 for 'tabpfn_fhs'...
fit 0.76761633
fit 0.78202987
fit 0.80913025
fit 0.83206
fit 0.8540772
Total steps: 0
Processing individual 571 for 'tabpfn_fhs'...
fit 0.707567
fit 0.77662003
fit 0.82497495
fit 0.8675924
Total steps: 0
Processing individual 572 for 'tabpfn_fhs'...
fit 0.82928455
fit 0.86679816
fit 0.89687246
fit 0.89770377
Total steps: 0
Processing individual 573 for 'tabpfn_fhs'...
fit 0.9380241
fit 0.9520589
fit 0.95825505
fit 0.9682263
fit 0.97057116
Total steps: 0
Processing individual 574 for 'tabpfn_fhs'...
fit 0.7804488
fit 0.8500384
fit 0.8852302
fit 0.92133814
Total steps: 0
Processing individual 575 for 'tabpfn_fhs'...
fit 0.9274463
fit 0.9425861
fit 0.94909924
fit 0.9617315
fit 0.9651249
Total steps: 0
Processing individual 576 for 'tabpfn_fhs'...
fit 0.68872184
fit 0.70099413
fit 0.7319594
fit 0.73456866
Total steps: 0
Processing individual 577 for 'tabpfn_fhs'...
fit 0.7527189
fit 0.8005526
fit 0.8064548
fit 0.859022
fit 0.90104455
Total steps: 0
Processing individual 578 for 'tabpfn_fhs'...
fit 0.9121996
fit 0.9405233
fit 0.9442806
fit 0.96026313
fit 0.965384
Total steps: 0
Processing individual 579 for 'tabpfn_fhs'...
fit 0.7103461
fit 0.74285173
fit 0.76980853
fit 0.77494603
Total steps: 0
Processing individual 580 for 'tabpfn_fhs'...
fit 0.9432157
fit 0.9542104
fit 0.96409404
fit 0.9704349
fit 0.97247905
Total steps: 0
Processing individual 581 for 'tabpfn_fhs'...
fit 0.6500596
fit 0.6802057
fit 0.71817154
fit 0.78597796
fit 0.8386612
Total steps: 0
Processing individual 582 for 'tabpfn_fhs'...
fit 0.7804488
fit 0.8500384
fit 0.8852302
fit 0.92133814
Total steps: 0
Processing individual 583 for 'tabpfn_fhs'...
fit 0.92859674
fit 0.95416987
fit 0.95711017
fit 0.9667473
fit 0.97014564
Total steps: 0
Processing individual 584 for 'tabpfn_fhs'...
fit 0.95751125
fit 0.9649937
fit 0.9727624
fit 0.97732246
fit 0.9779881
fit 0.97847795
Total steps: 0
Processing individual 585 for 'tabpfn_fhs'...
fit 0.78771144
fit 0.806882
fit 0.8443694
fit 0.84453446
fit 0.8551195
Total steps: 0
Processing individual 586 for 'tabpfn_fhs'...
fit 0.9202457
fit 0.93750525
fit 0.94526845
fit 0.9573938
fit 0.96206766
Total steps: 0
Processing individual 587 for 'tabpfn_fhs'...
fit 0.79775095
fit 0.8223121
fit 0.8599215
fit 0.86944366
Total steps: 0
Processing individual 588 for 'tabpfn_fhs'...
fit 0.87926656
fit 0.89233136
fit 0.9015607
fit 0.9292446
fit 0.9349734
Total steps: 0
Processing individual 589 for 'tabpfn_fhs'...
fit 0.8474424
fit 0.86098087
fit 0.8713066
fit 0.90252167
fit 0.9157246
Total steps: 0
Processing individual 590 for 'tabpfn_fhs'...
fit 0.6775191
fit 0.71630806
fit 0.73915553
fit 0.7924973
fit 0.83304083
Total steps: 0
Processing individual 591 for 'tabpfn_fhs'...
fit 0.8028835
fit 0.85971355
fit 0.89906406
fit 0.9275885
Total steps: 0
Processing individual 592 for 'tabpfn_fhs'...
fit 0.90411854
fit 0.9388539
fit 0.9565922
fit 0.96287274
Total steps: 0
Processing individual 593 for 'tabpfn_fhs'...
fit 0.9432157
fit 0.9542104
fit 0.96409404
fit 0.9704349
fit 0.97247905
Total steps: 0
Processing individual 594 for 'tabpfn_fhs'...
fit 0.9481221
fit 0.9583378
fit 0.9674315
fit 0.9728575
fit 0.97480416
Total steps: 0
Processing individual 595 for 'tabpfn_fhs'...
fit 0.87926656
fit 0.89233136
fit 0.9015607
fit 0.9292446
fit 0.9349734
Total steps: 0
Processing individual 596 for 'tabpfn_fhs'...
fit 0.8224228
fit 0.8477578
fit 0.87979734
fit 0.89016587
Total steps: 0
Processing individual 597 for 'tabpfn_fhs'...
fit 0.90411854
fit 0.9388539
fit 0.9565922
fit 0.96287274
Total steps: 0
Processing individual 598 for 'tabpfn_fhs'...
fit 0.8596258
fit 0.9029674
fit 0.9326874
fit 0.95004994
Total steps: 0
Processing individual 599 for 'tabpfn_fhs'...
fit 0.9066963
fit 0.9242564
fit 0.9314254
fit 0.9496732
fit 0.9550705
Total steps: 0
Processing individual 600 for 'tabpfn_fhs'...
fit 0.7527189
fit 0.8005526
fit 0.8064548
fit 0.859022
fit 0.90104455
Total steps: 0
Processing individual 601 for 'tabpfn_fhs'...
fit 0.7808536
fit 0.7849901
fit 0.8165316
fit 0.8391607
fit 0.8631942
Total steps: 0
Processing individual 602 for 'tabpfn_fhs'...
fit 0.812226
fit 0.8193253
fit 0.8418014
fit 0.87479126
fit 0.8858651
Total steps: 0
Processing individual 603 for 'tabpfn_fhs'...
fit 0.90562105
fit 0.92869383
fit 0.9435906
fit 0.9575539
fit 0.9596145
Total steps: 0
Processing individual 604 for 'tabpfn_fhs'...
fit 0.92859674
fit 0.95416987
fit 0.95711017
fit 0.9667473
fit 0.97014564
Total steps: 0
Processing individual 605 for 'tabpfn_fhs'...
fit 0.9121996
fit 0.9405233
fit 0.9442806
fit 0.96026313
fit 0.965384
Total steps: 0
Processing individual 606 for 'tabpfn_fhs'...
fit 0.78654957
fit 0.7967354
fit 0.8242494
fit 0.8477201
fit 0.8705212
Total steps: 0
Processing individual 607 for 'tabpfn_fhs'...
fit 0.7353784
fit 0.7612531
fit 0.7979625
fit 0.80159974
Total steps: 0
Processing individual 608 for 'tabpfn_fhs'...
fit 0.9380241
fit 0.9520589
fit 0.95825505
fit 0.9682263
fit 0.97057116
Total steps: 0
Processing individual 609 for 'tabpfn_fhs'...
fit 0.9274463
fit 0.9425861
fit 0.94909924
fit 0.9617315
fit 0.9651249
Total steps: 0
Processing individual 610 for 'tabpfn_fhs'...
fit 0.8028835
fit 0.85971355
fit 0.89906406
fit 0.9275885
Total steps: 0
Processing individual 611 for 'tabpfn_fhs'...
fit 0.8474424
fit 0.86098087
fit 0.8713066
fit 0.90252167
fit 0.9157246
Total steps: 0
Processing individual 612 for 'tabpfn_fhs'...
fit 0.9481221
fit 0.9583378
fit 0.9674315
fit 0.9728575
fit 0.97480416
Total steps: 0
Processing individual 613 for 'tabpfn_fhs'...
fit 0.9432157
fit 0.9542104
fit 0.96409404
fit 0.9704349
fit 0.97247905
Total steps: 0
Processing individual 614 for 'tabpfn_fhs'...
fit 0.7299979
fit 0.75636196
fit 0.78630126
fit 0.7926421
Total steps: 0
Processing individual 615 for 'tabpfn_fhs'...
fit 0.6291619
fit 0.64040494
fit 0.6995059
fit 0.757015
fit 0.7895371
Total steps: 0
Processing individual 616 for 'tabpfn_fhs'...
fit 0.9527873
fit 0.9635112
fit 0.97012436
fit 0.9752993
fit 0.97593814
fit 0.97630405
Total steps: 0
Processing individual 617 for 'tabpfn_fhs'...
fit 0.7913627
fit 0.80257815
fit 0.82976896
fit 0.8554996
fit 0.8768258
Total steps: 0
Processing individual 618 for 'tabpfn_fhs'...
fit 0.85197115
fit 0.8898241
fit 0.9263671
fit 0.94635534
Total steps: 0
Processing individual 619 for 'tabpfn_fhs'...
fit 0.707567
fit 0.77662003
fit 0.82497495
fit 0.8675924
Total steps: 0
Processing individual 620 for 'tabpfn_fhs'...
fit 0.78654957
fit 0.7967354
fit 0.8242494
fit 0.8477201
fit 0.8705212
Total steps: 0
Processing individual 621 for 'tabpfn_fhs'...
fit 0.7527189
fit 0.8005526
fit 0.8064548
fit 0.859022
fit 0.90104455
Total steps: 0
Processing individual 622 for 'tabpfn_fhs'...
fit 0.85936606
fit 0.8699735
fit 0.8848174
fit 0.9124186
fit 0.92219734
Total steps: 0
Processing individual 623 for 'tabpfn_fhs'...
fit 0.8930401
fit 0.93446887
fit 0.95297873
fit 0.960325
Total steps: 0
Processing individual 624 for 'tabpfn_fhs'...
fit 0.75886375
fit 0.7830157
fit 0.81852937
fit 0.82467717
Total steps: 0
Processing individual 625 for 'tabpfn_fhs'...
fit 0.88034207
fit 0.92752635
fit 0.9463273
fit 0.9563989
Total steps: 0
Processing individual 626 for 'tabpfn_fhs'...
fit 0.9432157
fit 0.9542104
fit 0.96409404
fit 0.9704349
fit 0.97247905
Total steps: 0
Processing individual 627 for 'tabpfn_fhs'...
fit 0.90411854
fit 0.9388539
fit 0.9565922
fit 0.96287274
Total steps: 0
Processing individual 628 for 'tabpfn_fhs'...
fit 0.6775191
fit 0.71630806
fit 0.73915553
fit 0.7924973
fit 0.83304083
Total steps: 0
Processing individual 629 for 'tabpfn_fhs'...
fit 0.9607078
fit 0.96835494
fit 0.97602695
fit 0.9795455
fit 0.9804619
fit 0.98047817
Total steps: 0
Processing individual 630 for 'tabpfn_fhs'...
fit 0.83440286
fit 0.8518698
fit 0.87218136
fit 0.8974251
fit 0.89806384
fit 0.90857893
Total steps: 0
Processing individual 631 for 'tabpfn_fhs'...
fit 0.7612771
fit 0.8295025
fit 0.8734323
fit 0.9129404
Total steps: 0
Processing individual 632 for 'tabpfn_fhs'...
fit 0.7353784
fit 0.7612531
fit 0.7979625
fit 0.80159974
Total steps: 0
Processing individual 633 for 'tabpfn_fhs'...
fit 0.9607078
fit 0.96835494
fit 0.97602695
fit 0.9795455
fit 0.9804619
fit 0.98047817
Total steps: 0
Processing individual 634 for 'tabpfn_fhs'...
fit 0.90411854
fit 0.9388539
fit 0.9565922
fit 0.96287274
Total steps: 0
Processing individual 635 for 'tabpfn_fhs'...
fit 0.74636865
fit 0.7737055
fit 0.80265397
fit 0.8092836
Total steps: 0
Processing individual 636 for 'tabpfn_fhs'...
fit 0.9066963
fit 0.9242564
fit 0.9314254
fit 0.9496732
fit 0.9550705
Total steps: 0
Processing individual 637 for 'tabpfn_fhs'...
fit 0.8128501
fit 0.8165618
fit 0.8459144
fit 0.874027
fit 0.8933397
Total steps: 0
Processing individual 638 for 'tabpfn_fhs'...
fit 0.9274463
fit 0.9425861
fit 0.94909924
fit 0.9617315
fit 0.9651249
Total steps: 0
Processing individual 639 for 'tabpfn_fhs'...
fit 0.812226
fit 0.8193253
fit 0.8418014
fit 0.87479126
fit 0.8858651
Total steps: 0
Processing individual 640 for 'tabpfn_fhs'...
fit 0.9121996
fit 0.9405233
fit 0.9442806
fit 0.96026313
fit 0.965384
Total steps: 0
Processing individual 641 for 'tabpfn_fhs'...
fit 0.8122332
fit 0.86598754
fit 0.90875953
fit 0.934042
Total steps: 0
Processing individual 642 for 'tabpfn_fhs'...
fit 0.9481221
fit 0.9583378
fit 0.9674315
fit 0.9728575
fit 0.97480416
Total steps: 0
Processing individual 643 for 'tabpfn_fhs'...
fit 0.78756005
fit 0.8485498
fit 0.86534
fit 0.91009784
fit 0.9220893
Total steps: 0
Processing individual 644 for 'tabpfn_fhs'...
fit 0.88034207
fit 0.92752635
fit 0.9463273
fit 0.9563989
Total steps: 0
Processing individual 645 for 'tabpfn_fhs'...
fit 0.9211763
fit 0.94999266
fit 0.95020735
fit 0.964257
fit 0.96784985
Total steps: 0
Processing individual 646 for 'tabpfn_fhs'...
fit 0.7276951
fit 0.7559727
fit 0.78677213
fit 0.7883059
Total steps: 0
Processing individual 647 for 'tabpfn_fhs'...
fit 0.88034207
fit 0.92752635
fit 0.9463273
fit 0.9563989
Total steps: 0
Processing individual 648 for 'tabpfn_fhs'...
fit 0.66957736
fit 0.7053055
fit 0.7363166
fit 0.78253984
fit 0.8206867
Total steps: 0
Processing individual 649 for 'tabpfn_fhs'...
fit 0.57138234
fit 0.63697386
fit 0.7096371
fit 0.73220855
fit 0.7400053
Total steps: 0
Processing individual 650 for 'tabpfn_fhs'...
fit 0.9274463
fit 0.9425861
fit 0.94909924
fit 0.9617315
fit 0.9651249
Total steps: 0
Processing individual 651 for 'tabpfn_fhs'...
fit 0.85197115
fit 0.8898241
fit 0.9263671
fit 0.94635534
Total steps: 0
Processing individual 652 for 'tabpfn_fhs'...
fit 0.75964844
fit 0.8169649
fit 0.8637948
fit 0.9073099
Total steps: 0
Processing individual 653 for 'tabpfn_fhs'...
fit 0.86927485
fit 0.8793001
fit 0.90263855
fit 0.9256593
fit 0.9298197
Total steps: 0
Processing individual 654 for 'tabpfn_fhs'...
fit 0.9202457
fit 0.93750525
fit 0.94526845
fit 0.9573938
fit 0.96206766
Total steps: 0
Processing individual 655 for 'tabpfn_fhs'...
fit 0.65096277
fit 0.6619906
fit 0.70806456
fit 0.76113296
fit 0.79879206
Total steps: 0
Processing individual 656 for 'tabpfn_fhs'...
fit 0.8596258
fit 0.9029674
fit 0.9326874
fit 0.95004994
Total steps: 0
Processing individual 657 for 'tabpfn_fhs'...
fit 0.57138234
fit 0.63697386
fit 0.7096371
fit 0.73220855
fit 0.7400053
Total steps: 0
Processing individual 658 for 'tabpfn_fhs'...
fit 0.7353784
fit 0.7612531
fit 0.7979625
fit 0.80159974
Total steps: 0
Processing individual 659 for 'tabpfn_fhs'...
fit 0.9380559
fit 0.9540188
fit 0.96178085
fit 0.9705661
fit 0.97239965
Total steps: 0
Processing individual 660 for 'tabpfn_fhs'...
fit 0.7612771
fit 0.8295025
fit 0.8734323
fit 0.9129404
Total steps: 0
Processing individual 661 for 'tabpfn_fhs'...
fit 0.9274463
fit 0.9425861
fit 0.94909924
fit 0.9617315
fit 0.9651249
Total steps: 0
Processing individual 662 for 'tabpfn_fhs'...
fit 0.7204655
fit 0.76134676
fit 0.7754816
fit 0.83254945
fit 0.87933
Total steps: 0
Processing individual 663 for 'tabpfn_fhs'...
fit 0.8122332
fit 0.86598754
fit 0.90875953
fit 0.934042
Total steps: 0
Processing individual 664 for 'tabpfn_fhs'...
fit 0.78771144
fit 0.806882
fit 0.8443694
fit 0.84453446
fit 0.8551195
Total steps: 0
Processing individual 665 for 'tabpfn_fhs'...
fit 0.82928455
fit 0.86679816
fit 0.89687246
fit 0.89770377
Total steps: 0
Processing individual 666 for 'tabpfn_fhs'...
fit 0.90411854
fit 0.9388539
fit 0.9565922
fit 0.96287274
Total steps: 0
Processing individual 667 for 'tabpfn_fhs'...
fit 0.8286741
fit 0.8363484
fit 0.858928
fit 0.8906582
fit 0.90109336
Total steps: 0
Processing individual 668 for 'tabpfn_fhs'...
fit 0.9432157
fit 0.9542104
fit 0.96409404
fit 0.9704349
fit 0.97247905
Total steps: 0
Processing individual 669 for 'tabpfn_fhs'...
fit 0.7804488
fit 0.8500384
fit 0.8852302
fit 0.92133814
Total steps: 0
Processing individual 670 for 'tabpfn_fhs'...
fit 0.8028835
fit 0.85971355
fit 0.89906406
fit 0.9275885
Total steps: 0
Processing individual 671 for 'tabpfn_fhs'...
fit 0.9417965
fit 0.94921416
fit 0.9634974
fit 0.9701878
Total steps: 0
Processing individual 672 for 'tabpfn_fhs'...
fit 0.93020993
fit 0.9436415
fit 0.9586746
fit 0.9688941
fit 0.96915567
Total steps: 0
Processing individual 673 for 'tabpfn_fhs'...
fit 0.85197115
fit 0.8898241
fit 0.9263671
fit 0.94635534
Total steps: 0
Processing individual 674 for 'tabpfn_fhs'...
fit 0.8654448
fit 0.87788194
fit 0.8892452
fit 0.91983813
fit 0.9262094
Total steps: 0
Processing individual 675 for 'tabpfn_fhs'...
fit 0.80507416
fit 0.8204629
fit 0.840713
fit 0.86802673
fit 0.88843274
Total steps: 0
Processing individual 676 for 'tabpfn_fhs'...
fit 0.93229645
fit 0.94831604
fit 0.9539769
fit 0.96394783
fit 0.9681408
Total steps: 0
Processing individual 677 for 'tabpfn_fhs'...
fit 0.90411854
fit 0.9388539
fit 0.9565922
fit 0.96287274
Total steps: 0
Processing individual 678 for 'tabpfn_fhs'...
fit 0.8286741
fit 0.8363484
fit 0.858928
fit 0.8906582
fit 0.90109336
Total steps: 0
Processing individual 679 for 'tabpfn_fhs'...
fit 0.66863847
fit 0.70736
fit 0.733326
fit 0.7987196
fit 0.845256
Total steps: 0
Processing individual 680 for 'tabpfn_fhs'...
fit 0.87780195
fit 0.88903826
fit 0.91135776
fit 0.9311422
fit 0.9313829
fit 0.9315127
fit 0.9355992
Total steps: 0
Processing individual 681 for 'tabpfn_fhs'...
fit 0.698558
fit 0.7576725
fit 0.76001596
fit 0.8226913
fit 0.8648384
Total steps: 0
Processing individual 682 for 'tabpfn_fhs'...
fit 0.7103461
fit 0.74285173
fit 0.76980853
fit 0.77494603
Total steps: 0
Processing individual 683 for 'tabpfn_fhs'...
fit 0.9481221
fit 0.9583378
fit 0.9674315
fit 0.9728575
fit 0.97480416
Total steps: 0
Processing individual 684 for 'tabpfn_fhs'...
fit 0.9066963
fit 0.9242564
fit 0.9314254
fit 0.9496732
fit 0.9550705
Total steps: 0
Processing individual 685 for 'tabpfn_fhs'...
fit 0.87926656
fit 0.89233136
fit 0.9015607
fit 0.9292446
fit 0.9349734
Total steps: 0
Processing individual 686 for 'tabpfn_fhs'...
fit 0.7528415
fit 0.77970046
fit 0.8090465
fit 0.817517
Total steps: 0
Processing individual 687 for 'tabpfn_fhs'...
fit 0.9380559
fit 0.9540188
fit 0.96178085
fit 0.9705661
fit 0.97239965
Total steps: 0
Processing individual 688 for 'tabpfn_fhs'...
fit 0.7738318
fit 0.79594946
fit 0.83231294
fit 0.8405767
Total steps: 0
Processing individual 689 for 'tabpfn_fhs'...
fit 0.74636865
fit 0.7737055
fit 0.80265397
fit 0.8092836
Total steps: 0
Processing individual 690 for 'tabpfn_fhs'...
fit 0.9607078
fit 0.96835494
fit 0.97602695
fit 0.9795455
fit 0.9804619
fit 0.98047817
Total steps: 0
Processing individual 691 for 'tabpfn_fhs'...
fit 0.89802164
fit 0.9151979
fit 0.92393154
fit 0.9443066
fit 0.94961226
Total steps: 0
Processing individual 692 for 'tabpfn_fhs'...
fit 0.8028835
fit 0.85971355
fit 0.89906406
fit 0.9275885
Total steps: 0
Processing individual 693 for 'tabpfn_fhs'...
fit 0.87106013
fit 0.88613564
fit 0.89529425
fit 0.9230296
fit 0.931479
Total steps: 0
Processing individual 694 for 'tabpfn_fhs'...
fit 0.6918329
fit 0.73514146
fit 0.74908745
fit 0.80121976
fit 0.8386952
Total steps: 0
Processing individual 695 for 'tabpfn_fhs'...
fit 0.6775191
fit 0.71630806
fit 0.73915553
fit 0.7924973
fit 0.83304083
Total steps: 0
Processing individual 696 for 'tabpfn_fhs'...
fit 0.9432157
fit 0.9542104
fit 0.96409404
fit 0.9704349
fit 0.97247905
Total steps: 0
Processing individual 697 for 'tabpfn_fhs'...
fit 0.9066963
fit 0.9242564
fit 0.9314254
fit 0.9496732
fit 0.9550705
Total steps: 0
Processing individual 698 for 'tabpfn_fhs'...
fit 0.8654448
fit 0.87788194
fit 0.8892452
fit 0.91983813
fit 0.9262094
Total steps: 0
Processing individual 699 for 'tabpfn_fhs'...
fit 0.9607078
fit 0.96835494
fit 0.97602695
fit 0.9795455
fit 0.9804619
fit 0.98047817
Total steps: 0
Processing individual 700 for 'tabpfn_fhs'...
fit 0.8596258
fit 0.9029674
fit 0.9326874
fit 0.95004994
Total steps: 0
Processing individual 701 for 'tabpfn_fhs'...
fit 0.9607078
fit 0.96835494
fit 0.97602695
fit 0.9795455
fit 0.9804619
fit 0.98047817
Total steps: 0
Processing individual 702 for 'tabpfn_fhs'...
fit 0.9527873
fit 0.9635112
fit 0.97012436
fit 0.9752993
fit 0.97593814
fit 0.97630405
Total steps: 0
Processing individual 703 for 'tabpfn_fhs'...
fit 0.7206241
fit 0.72560036
fit 0.766343
fit 0.7704388
Total steps: 0
Processing individual 704 for 'tabpfn_fhs'...
fit 0.90411854
fit 0.9388539
fit 0.9565922
fit 0.96287274
Total steps: 0
Processing individual 705 for 'tabpfn_fhs'...
fit 0.7353784
fit 0.7612531
fit 0.7979625
fit 0.80159974
Total steps: 0
Processing individual 706 for 'tabpfn_fhs'...
fit 0.9121996
fit 0.9405233
fit 0.9442806
fit 0.96026313
fit 0.965384
Total steps: 0
Processing individual 707 for 'tabpfn_fhs'...
fit 0.856808
fit 0.8734586
fit 0.8900498
fit 0.9147311
fit 0.9227352
Total steps: 0
Processing individual 708 for 'tabpfn_fhs'...
fit 0.8518381
fit 0.8636378
fit 0.87819535
fit 0.905689
fit 0.91883475
Total steps: 0
Processing individual 709 for 'tabpfn_fhs'...
fit 0.88034207
fit 0.92752635
fit 0.9463273
fit 0.9563989
Total steps: 0
Processing individual 710 for 'tabpfn_fhs'...
fit 0.8213006
fit 0.8310375
fit 0.84963286
fit 0.87897134
fit 0.8971692
Total steps: 0
Processing individual 711 for 'tabpfn_fhs'...
fit 0.6884834
fit 0.7320366
fit 0.75072
fit 0.8118992
fit 0.86345637
Total steps: 0
Processing individual 712 for 'tabpfn_fhs'...
fit 0.7612771
fit 0.8295025
fit 0.8734323
fit 0.9129404
Total steps: 0
Processing individual 713 for 'tabpfn_fhs'...
fit 0.8028835
fit 0.85971355
fit 0.89906406
fit 0.9275885
Total steps: 0
Processing individual 714 for 'tabpfn_fhs'...
fit 0.75964844
fit 0.8169649
fit 0.8637948
fit 0.9073099
Total steps: 0
Processing individual 715 for 'tabpfn_fhs'...
fit 0.8006439
fit 0.8535257
fit 0.8974478
fit 0.9030988
fit 0.9055208
fit 0.9074685
fit 0.911573
Total steps: 0
Processing individual 716 for 'tabpfn_fhs'...
fit 0.66863847
fit 0.70736
fit 0.733326
fit 0.7987196
fit 0.845256
Total steps: 0
Processing individual 717 for 'tabpfn_fhs'...
fit 0.890967
fit 0.9146107
fit 0.919488
fit 0.93928266
fit 0.9449776
Total steps: 0
Processing individual 718 for 'tabpfn_fhs'...
fit 0.9211763
fit 0.94999266
fit 0.95020735
fit 0.964257
fit 0.96784985
Total steps: 0
Processing individual 719 for 'tabpfn_fhs'...
fit 0.8838832
fit 0.90219027
fit 0.90979105
fit 0.9352381
fit 0.94152945
Total steps: 0
Processing individual 720 for 'tabpfn_fhs'...
fit 0.9121996
fit 0.9405233
fit 0.9442806
fit 0.96026313
fit 0.965384
Total steps: 0
Processing individual 721 for 'tabpfn_fhs'...
fit 0.80507416
fit 0.8204629
fit 0.840713
fit 0.86802673
fit 0.88843274
Total steps: 0
Processing individual 722 for 'tabpfn_fhs'...
fit 0.96985066
fit 0.9737027
fit 0.982761
fit 0.98531145
fit 0.9854113
fit 0.98604226
Total steps: 0
Processing individual 723 for 'tabpfn_fhs'...
fit 0.6291619
fit 0.64040494
fit 0.6995059
fit 0.757015
fit 0.7895371
Total steps: 0
Processing individual 724 for 'tabpfn_fhs'...
fit 0.72680044
fit 0.79437596
fit 0.844306
fit 0.8850938
Total steps: 0
Processing individual 725 for 'tabpfn_fhs'...
fit 0.7205444
fit 0.74761313
fit 0.7789202
fit 0.7831502
Total steps: 0
Processing individual 726 for 'tabpfn_fhs'...
fit 0.58510154
fit 0.5955161
fit 0.65110064
fit 0.72456896
fit 0.74299264
fit 0.7458701
Total steps: 0
Processing individual 727 for 'tabpfn_fhs'...
fit 0.77010196
fit 0.80865633
fit 0.8305565
fit 0.8733278
fit 0.8875901
fit 0.8883991
Total steps: 0
Processing individual 728 for 'tabpfn_fhs'...
fit 0.6884834
fit 0.7320366
fit 0.75072
fit 0.8118992
fit 0.86345637
Total steps: 0
Processing individual 729 for 'tabpfn_fhs'...
fit 0.9607078
fit 0.96835494
fit 0.97602695
fit 0.9795455
fit 0.9804619
fit 0.98047817
Total steps: 0
Processing individual 730 for 'tabpfn_fhs'...
fit 0.88034207
fit 0.92752635
fit 0.9463273
fit 0.9563989
Total steps: 0
Processing individual 731 for 'tabpfn_fhs'...
fit 0.6852374
fit 0.71836424
fit 0.7453294
fit 0.8043443
fit 0.8494233
Total steps: 0
Processing individual 732 for 'tabpfn_fhs'...
fit 0.890967
fit 0.9146107
fit 0.919488
fit 0.93928266
fit 0.9449776
Total steps: 0
Processing individual 733 for 'tabpfn_fhs'...
fit 0.9274463
fit 0.9425861
fit 0.94909924
fit 0.9617315
fit 0.9651249
Total steps: 0
Processing individual 734 for 'tabpfn_fhs'...
fit 0.9527873
fit 0.9635112
fit 0.97012436
fit 0.9752993
fit 0.97593814
fit 0.97630405
Total steps: 0
Processing individual 735 for 'tabpfn_fhs'...
fit 0.87106013
fit 0.88613564
fit 0.89529425
fit 0.9230296
fit 0.931479
Total steps: 0
Processing individual 736 for 'tabpfn_fhs'...
fit 0.92859674
fit 0.95416987
fit 0.95711017
fit 0.9667473
fit 0.97014564
Total steps: 0
Processing individual 737 for 'tabpfn_fhs'...
fit 0.66957736
fit 0.7053055
fit 0.7363166
fit 0.78253984
fit 0.8206867
Total steps: 0
Processing individual 738 for 'tabpfn_fhs'...
fit 0.8122332
fit 0.86598754
fit 0.90875953
fit 0.934042
Total steps: 0
Processing individual 739 for 'tabpfn_fhs'...
fit 0.7177461
fit 0.7519454
fit 0.7751299
fit 0.82726574
fit 0.8601333
Total steps: 0
Processing individual 740 for 'tabpfn_fhs'...
fit 0.7299979
fit 0.75636196
fit 0.78630126
fit 0.7926421
Total steps: 0
Processing individual 741 for 'tabpfn_fhs'...
fit 0.9211763
fit 0.94999266
fit 0.95020735
fit 0.964257
fit 0.96784985
Total steps: 0
Processing individual 742 for 'tabpfn_fhs'...
fit 0.57138234
fit 0.63697386
fit 0.7096371
fit 0.73220855
fit 0.7400053
Total steps: 0
Processing individual 743 for 'tabpfn_fhs'...
fit 0.8518381
fit 0.8636378
fit 0.87819535
fit 0.905689
fit 0.91883475
Total steps: 0
Processing individual 744 for 'tabpfn_fhs'...
fit 0.90411854
fit 0.9388539
fit 0.9565922
fit 0.96287274
Total steps: 0
Processing individual 745 for 'tabpfn_fhs'...
fit 0.8197266
fit 0.82815516
fit 0.853426
fit 0.88253856
fit 0.8929244
Total steps: 0
Processing individual 746 for 'tabpfn_fhs'...
fit 0.9607078
fit 0.96835494
fit 0.97602695
fit 0.9795455
fit 0.9804619
fit 0.98047817
Total steps: 0
Processing individual 747 for 'tabpfn_fhs'...
fit 0.5414438
fit 0.6019153
fit 0.6838352
fit 0.6954441
fit 0.7077968
Total steps: 0
Processing individual 748 for 'tabpfn_fhs'...
fit 0.95751125
fit 0.9649937
fit 0.9727624
fit 0.97732246
fit 0.9779881
fit 0.97847795
Total steps: 0
Processing individual 749 for 'tabpfn_fhs'...
fit 0.87106013
fit 0.88613564
fit 0.89529425
fit 0.9230296
fit 0.931479
Total steps: 0
Processing individual 750 for 'tabpfn_fhs'...
fit 0.8412467
fit 0.85260385
fit 0.86543685
fit 0.89495236
fit 0.90982604
Total steps: 0
Processing individual 751 for 'tabpfn_fhs'...
fit 0.707567
fit 0.77662003
fit 0.82497495
fit 0.8675924
Total steps: 0
Processing individual 752 for 'tabpfn_fhs'...
fit 0.91451937
fit 0.9264768
fit 0.9433487
fit 0.9552362
fit 0.9552816
Total steps: 0
Processing individual 753 for 'tabpfn_fhs'...
fit 0.87780195
fit 0.88903826
fit 0.91135776
fit 0.9311422
fit 0.9313829
fit 0.9315127
fit 0.9355992
Total steps: 0
Processing individual 754 for 'tabpfn_fhs'...
fit 0.85197115
fit 0.8898241
fit 0.9263671
fit 0.94635534
Total steps: 0
Processing individual 755 for 'tabpfn_fhs'...
fit 0.8638466
fit 0.8656692
fit 0.8995506
fit 0.9238571
Total steps: 0
Processing individual 756 for 'tabpfn_fhs'...
fit 0.5632684
fit 0.62984604
fit 0.7023251
fit 0.7232759
fit 0.73616076
Total steps: 0
Processing individual 757 for 'tabpfn_fhs'...
fit 0.9066963
fit 0.9242564
fit 0.9314254
fit 0.9496732
fit 0.9550705
Total steps: 0
Processing individual 758 for 'tabpfn_fhs'...
fit 0.8286741
fit 0.8363484
fit 0.858928
fit 0.8906582
fit 0.90109336
Total steps: 0
Processing individual 759 for 'tabpfn_fhs'...
fit 0.78771144
fit 0.806882
fit 0.8443694
fit 0.84453446
fit 0.8551195
Total steps: 0
Processing individual 760 for 'tabpfn_fhs'...
fit 0.6852374
fit 0.71836424
fit 0.7453294
fit 0.8043443
fit 0.8494233
Total steps: 0
Processing individual 761 for 'tabpfn_fhs'...
fit 0.8122332
fit 0.86598754
fit 0.90875953
fit 0.934042
Total steps: 0
Processing individual 762 for 'tabpfn_fhs'...
fit 0.88034207
fit 0.92752635
fit 0.9463273
fit 0.9563989
Total steps: 0
Processing individual 763 for 'tabpfn_fhs'...
fit 0.62230366
fit 0.66996783
fit 0.6952112
fit 0.7637797
fit 0.8163347
Total steps: 0
Processing individual 764 for 'tabpfn_fhs'...
fit 0.9066963
fit 0.9242564
fit 0.9314254
fit 0.9496732
fit 0.9550705
Total steps: 0
Processing individual 765 for 'tabpfn_fhs'...
fit 0.6884834
fit 0.7320366
fit 0.75072
fit 0.8118992
fit 0.86345637
Total steps: 0
Processing individual 766 for 'tabpfn_fhs'...
fit 0.66863847
fit 0.70736
fit 0.733326
fit 0.7987196
fit 0.845256
Total steps: 0
Processing individual 767 for 'tabpfn_fhs'...
fit 0.746579
fit 0.7886619
fit 0.7934456
fit 0.84777707
fit 0.8929535
Total steps: 0
Processing individual 768 for 'tabpfn_fhs'...
fit 0.65096277
fit 0.6619906
fit 0.70806456
fit 0.76113296
fit 0.79879206
Total steps: 0
Processing individual 769 for 'tabpfn_fhs'...
fit 0.85936606
fit 0.8699735
fit 0.8848174
fit 0.9124186
fit 0.92219734
Total steps: 0
Processing individual 770 for 'tabpfn_fhs'...
fit 0.890967
fit 0.9146107
fit 0.919488
fit 0.93928266
fit 0.9449776
Total steps: 0
Processing individual 771 for 'tabpfn_fhs'...
fit 0.96383095
fit 0.96961224
fit 0.9786457
fit 0.98177034
fit 0.98187786
fit 0.982159
Total steps: 0
Processing individual 772 for 'tabpfn_fhs'...
fit 0.9432157
fit 0.9542104
fit 0.96409404
fit 0.9704349
fit 0.97247905
Total steps: 0
Processing individual 773 for 'tabpfn_fhs'...
fit 0.8028835
fit 0.85971355
fit 0.89906406
fit 0.9275885
Total steps: 0
Processing individual 774 for 'tabpfn_fhs'...
fit 0.8474424
fit 0.86098087
fit 0.8713066
fit 0.90252167
fit 0.9157246
Total steps: 0
Processing individual 775 for 'tabpfn_fhs'...
fit 0.65444565
fit 0.6751802
fit 0.7121665
fit 0.7682759
fit 0.8100503
Total steps: 0
Processing individual 776 for 'tabpfn_fhs'...
fit 0.7799309
fit 0.8018385
fit 0.83764386
fit 0.83783394
fit 0.84684783
Total steps: 0
Processing individual 777 for 'tabpfn_fhs'...
fit 0.9202457
fit 0.93750525
fit 0.94526845
fit 0.9573938
fit 0.96206766
Total steps: 0
Processing individual 778 for 'tabpfn_fhs'...
fit 0.9481221
fit 0.9583378
fit 0.9674315
fit 0.9728575
fit 0.97480416
Total steps: 0
Processing individual 779 for 'tabpfn_fhs'...
fit 0.8213006
fit 0.8310375
fit 0.84963286
fit 0.87897134
fit 0.8971692
Total steps: 0
Processing individual 780 for 'tabpfn_fhs'...
fit 0.8596258
fit 0.9029674
fit 0.9326874
fit 0.95004994
Total steps: 0
Processing individual 781 for 'tabpfn_fhs'...
fit 0.89802164
fit 0.9151979
fit 0.92393154
fit 0.9443066
fit 0.94961226
Total steps: 0
Processing individual 782 for 'tabpfn_fhs'...
fit 0.66957736
fit 0.7053055
fit 0.7363166
fit 0.78253984
fit 0.8206867
Total steps: 0
Processing individual 783 for 'tabpfn_fhs'...
fit 0.7331232
fit 0.79000723
fit 0.8547332
fit 0.8933985
Total steps: 0
Processing individual 784 for 'tabpfn_fhs'...
fit 0.8197266
fit 0.82815516
fit 0.853426
fit 0.88253856
fit 0.8929244
Total steps: 0
Processing individual 785 for 'tabpfn_fhs'...
fit 0.6127745
fit 0.6475247
fit 0.67815906
fit 0.7578387
fit 0.7991402
Total steps: 0
Processing individual 786 for 'tabpfn_fhs'...
fit 0.8028835
fit 0.85971355
fit 0.89906406
fit 0.9275885
Total steps: 0
Processing individual 787 for 'tabpfn_fhs'...
fit 0.87106013
fit 0.88613564
fit 0.89529425
fit 0.9230296
fit 0.931479
Total steps: 0
Processing individual 788 for 'tabpfn_fhs'...
fit 0.9066963
fit 0.9242564
fit 0.9314254
fit 0.9496732
fit 0.9550705
Total steps: 0
Processing individual 789 for 'tabpfn_fhs'...
fit 0.8518381
fit 0.8636378
fit 0.87819535
fit 0.905689
fit 0.91883475
Total steps: 0
Processing individual 790 for 'tabpfn_fhs'...
fit 0.87926656
fit 0.89233136
fit 0.9015607
fit 0.9292446
fit 0.9349734
Total steps: 0
Processing individual 791 for 'tabpfn_fhs'...
fit 0.8128501
fit 0.8165618
fit 0.8459144
fit 0.874027
fit 0.8933397
Total steps: 0
Processing individual 792 for 'tabpfn_fhs'...
fit 0.80507416
fit 0.8204629
fit 0.840713
fit 0.86802673
fit 0.88843274
Total steps: 0
Processing individual 793 for 'tabpfn_fhs'...
fit 0.87926656
fit 0.89233136
fit 0.9015607
fit 0.9292446
fit 0.9349734
Total steps: 0
Processing individual 794 for 'tabpfn_fhs'...
fit 0.9432157
fit 0.9542104
fit 0.96409404
fit 0.9704349
fit 0.97247905
Total steps: 0
Processing individual 795 for 'tabpfn_fhs'...
fit 0.8213006
fit 0.8310375
fit 0.84963286
fit 0.87897134
fit 0.8971692
Total steps: 0
Processing individual 796 for 'tabpfn_fhs'...
fit 0.59786415
fit 0.60760444
fit 0.6569057
fit 0.726312
fit 0.75211114
fit 0.7639266
Total steps: 0
Processing individual 797 for 'tabpfn_fhs'...
fit 0.9380241
fit 0.9520589
fit 0.95825505
fit 0.9682263
fit 0.97057116
Total steps: 0
Processing individual 798 for 'tabpfn_fhs'...
fit 0.8254692
fit 0.8949664
fit 0.9154917
fit 0.939113
Total steps: 0
Processing individual 799 for 'tabpfn_fhs'...
fit 0.92859674
fit 0.95416987
fit 0.95711017
fit 0.9667473
fit 0.97014564
Total steps: 0
Processing individual 800 for 'tabpfn_fhs'...
fit 0.9432157
fit 0.9542104
fit 0.96409404
fit 0.9704349
fit 0.97247905
Total steps: 0
Processing individual 801 for 'tabpfn_fhs'...
fit 0.66055703
fit 0.68499845
fit 0.7216996
fit 0.7753768
fit 0.8152985
Total steps: 0
Processing individual 802 for 'tabpfn_fhs'...
fit 0.9066963
fit 0.9242564
fit 0.9314254
fit 0.9496732
fit 0.9550705
Total steps: 0
Processing individual 803 for 'tabpfn_fhs'...
fit 0.91319835
fit 0.93424505
fit 0.93887174
fit 0.95474476
fit 0.9589603
Total steps: 0
Processing individual 804 for 'tabpfn_fhs'...
fit 0.7205444
fit 0.74761313
fit 0.7789202
fit 0.7831502
Total steps: 0
Processing individual 805 for 'tabpfn_fhs'...
fit 0.62330043
fit 0.68162626
fit 0.7700242
fit 0.8066838
Total steps: 0
Processing individual 806 for 'tabpfn_fhs'...
fit 0.80507416
fit 0.8204629
fit 0.840713
fit 0.86802673
fit 0.88843274
Total steps: 0
Processing individual 807 for 'tabpfn_fhs'...
fit 0.8474424
fit 0.86098087
fit 0.8713066
fit 0.90252167
fit 0.9157246
Total steps: 0
Processing individual 808 for 'tabpfn_fhs'...
fit 0.9211763
fit 0.94999266
fit 0.95020735
fit 0.964257
fit 0.96784985
Total steps: 0
Processing individual 809 for 'tabpfn_fhs'...
fit 0.9202457
fit 0.93750525
fit 0.94526845
fit 0.9573938
fit 0.96206766
Total steps: 0
Processing individual 810 for 'tabpfn_fhs'...
fit 0.8028835
fit 0.85971355
fit 0.89906406
fit 0.9275885
Total steps: 0
Processing individual 811 for 'tabpfn_fhs'...
fit 0.8028835
fit 0.85971355
fit 0.89906406
fit 0.9275885
Total steps: 0
Processing individual 812 for 'tabpfn_fhs'...
fit 0.6884834
fit 0.7320366
fit 0.75072
fit 0.8118992
fit 0.86345637
Total steps: 0
Processing individual 813 for 'tabpfn_fhs'...
fit 0.9274463
fit 0.9425861
fit 0.94909924
fit 0.9617315
fit 0.9651249
Total steps: 0
Processing individual 814 for 'tabpfn_fhs'...
fit 0.90411854
fit 0.9388539
fit 0.9565922
fit 0.96287274
Total steps: 0
Processing individual 815 for 'tabpfn_fhs'...
fit 0.77711916
fit 0.79789156
fit 0.8376526
fit 0.84353924
Total steps: 0
Processing individual 816 for 'tabpfn_fhs'...
fit 0.78771144
fit 0.806882
fit 0.8443694
fit 0.84453446
fit 0.8551195
Total steps: 0
Processing individual 817 for 'tabpfn_fhs'...
fit 0.77010196
fit 0.80865633
fit 0.8305565
fit 0.8733278
fit 0.8875901
fit 0.8883991
Total steps: 0
Processing individual 818 for 'tabpfn_fhs'...
fit 0.87926656
fit 0.89233136
fit 0.9015607
fit 0.9292446
fit 0.9349734
Total steps: 0
Processing individual 819 for 'tabpfn_fhs'...
fit 0.86765116
fit 0.9175147
fit 0.9398754
fit 0.9525454
Total steps: 0
Processing individual 820 for 'tabpfn_fhs'...
fit 0.9481221
fit 0.9583378
fit 0.9674315
fit 0.9728575
fit 0.97480416
Total steps: 0
Processing individual 821 for 'tabpfn_fhs'...
fit 0.9121996
fit 0.9405233
fit 0.9442806
fit 0.96026313
fit 0.965384
Total steps: 0
Processing individual 822 for 'tabpfn_fhs'...
fit 0.7177461
fit 0.7519454
fit 0.7751299
fit 0.82726574
fit 0.8601333
Total steps: 0
Processing individual 823 for 'tabpfn_fhs'...
fit 0.9527873
fit 0.9635112
fit 0.97012436
fit 0.9752993
fit 0.97593814
fit 0.97630405
Total steps: 0
Processing individual 824 for 'tabpfn_fhs'...
fit 0.91319835
fit 0.93424505
fit 0.93887174
fit 0.95474476
fit 0.9589603
Total steps: 0
Processing individual 825 for 'tabpfn_fhs'...
fit 0.8213006
fit 0.8310375
fit 0.84963286
fit 0.87897134
fit 0.8971692
Total steps: 0
Processing individual 826 for 'tabpfn_fhs'...
fit 0.80771357
fit 0.83045113
fit 0.86677396
fit 0.8775087
Total steps: 0
Processing individual 827 for 'tabpfn_fhs'...
fit 0.8838832
fit 0.90219027
fit 0.90979105
fit 0.9352381
fit 0.94152945
Total steps: 0
Processing individual 828 for 'tabpfn_fhs'...
fit 0.571192
fit 0.62932086
fit 0.6596652
fit 0.7233418
fit 0.76914513
Total steps: 0
Processing individual 829 for 'tabpfn_fhs'...
fit 0.9481221
fit 0.9583378
fit 0.9674315
fit 0.9728575
fit 0.97480416
Total steps: 0
Processing individual 830 for 'tabpfn_fhs'...
fit 0.9432157
fit 0.9542104
fit 0.96409404
fit 0.9704349
fit 0.97247905
Total steps: 0
Processing individual 831 for 'tabpfn_fhs'...
fit 0.86927485
fit 0.8793001
fit 0.90263855
fit 0.9256593
fit 0.9298197
Total steps: 0
Processing individual 832 for 'tabpfn_fhs'...
fit 0.9481221
fit 0.9583378
fit 0.9674315
fit 0.9728575
fit 0.97480416
Total steps: 0
Processing individual 833 for 'tabpfn_fhs'...
fit 0.8930401
fit 0.93446887
fit 0.95297873
fit 0.960325
Total steps: 0
Processing individual 834 for 'tabpfn_fhs'...
fit 0.8654448
fit 0.87788194
fit 0.8892452
fit 0.91983813
fit 0.9262094
Total steps: 0
Processing individual 835 for 'tabpfn_fhs'...
fit 0.93229645
fit 0.94831604
fit 0.9539769
fit 0.96394783
fit 0.9681408
Total steps: 0
Processing individual 836 for 'tabpfn_fhs'...
fit 0.9202457
fit 0.93750525
fit 0.94526845
fit 0.9573938
fit 0.96206766
Total steps: 0
Processing individual 837 for 'tabpfn_fhs'...
fit 0.58510154
fit 0.5955161
fit 0.65110064
fit 0.72456896
fit 0.74299264
fit 0.7458701
Total steps: 0
Processing individual 838 for 'tabpfn_fhs'...
fit 0.8654448
fit 0.87788194
fit 0.8892452
fit 0.91983813
fit 0.9262094
Total steps: 0
Processing individual 839 for 'tabpfn_fhs'...
fit 0.73249
fit 0.7871421
fit 0.78892815
fit 0.84839207
fit 0.8683574
Total steps: 0
Processing individual 840 for 'tabpfn_fhs'...
fit 0.9380241
fit 0.9520589
fit 0.95825505
fit 0.9682263
fit 0.97057116
Total steps: 0
Processing individual 841 for 'tabpfn_fhs'...
fit 0.86765116
fit 0.9175147
fit 0.9398754
fit 0.9525454
Total steps: 0
Processing individual 842 for 'tabpfn_fhs'...
fit 0.8202472
fit 0.86081016
fit 0.86330193
fit 0.90706885
fit 0.9090937
fit 0.9105833
fit 0.9144914
fit 0.9217153
Total steps: 0
Processing individual 843 for 'tabpfn_fhs'...
fit 0.7299979
fit 0.75636196
fit 0.78630126
fit 0.7926421
Total steps: 0
Processing individual 844 for 'tabpfn_fhs'...
fit 0.8213006
fit 0.8310375
fit 0.84963286
fit 0.87897134
fit 0.8971692
Total steps: 0
Processing individual 845 for 'tabpfn_fhs'...
fit 0.8838832
fit 0.90219027
fit 0.90979105
fit 0.9352381
fit 0.94152945
Total steps: 0
Processing individual 846 for 'tabpfn_fhs'...
fit 0.8838832
fit 0.90219027
fit 0.90979105
fit 0.9352381
fit 0.94152945
Total steps: 0
Processing individual 847 for 'tabpfn_fhs'...
fit 0.6048504
fit 0.6705894
fit 0.684219
fit 0.75966424
fit 0.8019832
Total steps: 0
Saved: tabpfn_fhs_uniform_init100_iter100_fhs/counterfactuals.pkl
Completed tabpfn_fhs_uniform_init100_iter100_fhs in 583 seconds

Running: python -u run_coala.py             --model /global/home/hpc5434/models/tabpfn_fhs.pkl             --reference /global/home/hpc5434/MAP-CF/nhane/X_test_tabpfn_fhs.csv             --train /global/home/hpc5434/MAP-CF/nhane/X_train_tabpfn_fhs.csv             --feature_cat "/global/home/hpc5434/MAP-CF/nhane/feature_categories_fhs.json"             --model_name tabpfn_fhs             --method uniform             --init_pop 100             --iter 1000             --output tabpfn_fhs_uniform_init100_iter1000_fhs

=== Running MAP-Elites for: tabpfn_fhs ===
CUDA available: True
Processing individual 0 for 'tabpfn_fhs'...
fit 0.89802164
fit 0.9151979
fit 0.92393154
fit 0.9443066
fit 0.94961226
Total steps: 900
fitness 0.9578856
fitness 0.9597096
fitness 0.9598406
fitness 0.9598664
fitness 0.9604152
fitness 0.963837
fitness 0.9638574
fitness 0.9643127
fitness 0.96580815
fitness 0.9663534
fitness 0.9666778
fitness 0.96706295
fitness 0.967233
Processing individual 1 for 'tabpfn_fhs'...
fit 0.7204655
fit 0.76134676
fit 0.7754816
fit 0.83254945
fit 0.87933
Total steps: 900
fitness 0.8922507
fitness 0.9009083
fitness 0.90127295
fitness 0.90225166
fitness 0.90257174
fitness 0.9098661
fitness 0.9118953
fitness 0.91257584
fitness 0.91754943
fitness 0.9175496
fitness 0.9197784
Processing individual 2 for 'tabpfn_fhs'...
fit 0.79421717
fit 0.8187203
fit 0.8517793
fit 0.86258984
Total steps: 900
fitness 0.8658075
fitness 0.86675036
fitness 0.86892
fitness 0.8706071
fitness 0.8746692
fitness 0.8762585
fitness 0.877394
fitness 0.8781405
fitness 0.87851834
fitness 0.88241875
fitness 0.88391185
fitness 0.88653207
fitness 0.8865469
Processing individual 3 for 'tabpfn_fhs'...
fit 0.8838832
fit 0.90219027
fit 0.90979105
fit 0.9352381
fit 0.94152945
Total steps: 900
fitness 0.95103276
fitness 0.9529828
fitness 0.95333356
fitness 0.9542953
fitness 0.9544518
fitness 0.95476115
fitness 0.95872146
fitness 0.9587588
fitness 0.959826
fitness 0.96170664
fitness 0.9622276
fitness 0.9623647
Processing individual 4 for 'tabpfn_fhs'...
fit 0.9211763
fit 0.94999266
fit 0.95020735
fit 0.964257
fit 0.96784985
Total steps: 900
fitness 0.97198975
fitness 0.9733341
fitness 0.973511
fitness 0.97381973
fitness 0.9742701
fitness 0.97562647
fitness 0.9760531
fitness 0.976917
fitness 0.97693723
fitness 0.97708166
fitness 0.97727776
Processing individual 5 for 'tabpfn_fhs'...
fit 0.82727087
fit 0.83806443
fit 0.8548444
fit 0.8845532
fit 0.9031709
Total steps: 900
fitness 0.91180766
fitness 0.9151696
fitness 0.91702545
fitness 0.91855085
fitness 0.92487115
fitness 0.92621154
fitness 0.93084955
fitness 0.93099487
fitness 0.9324144
Processing individual 6 for 'tabpfn_fhs'...
fit 0.8930401
fit 0.93446887
fit 0.95297873
fit 0.960325
Total steps: 900
fitness 0.9648851
fitness 0.9676827
fitness 0.96773785
fitness 0.96788484
fitness 0.96982366
fitness 0.9707498
fitness 0.97102547
fitness 0.9716148
fitness 0.97210956
fitness 0.97212535
fitness 0.9723823
fitness 0.97261685
fitness 0.9726802
Processing individual 7 for 'tabpfn_fhs'...
fit 0.75886375
fit 0.7830157
fit 0.81852937
fit 0.82467717
Total steps: 900
fitness 0.8247465
fitness 0.82792944
fitness 0.8286509
fitness 0.8348694
fitness 0.83580613
fitness 0.83596325
fitness 0.8383211
fitness 0.8413023
fitness 0.84213185
Processing individual 8 for 'tabpfn_fhs'...
fit 0.87367237
fit 0.9074617
fit 0.91547114
fit 0.9410857
fit 0.94663197
Total steps: 900
fitness 0.9467646
fitness 0.94736093
fitness 0.95640993
fitness 0.9564482
fitness 0.9564755
fitness 0.9566023
fitness 0.9575116
fitness 0.9582355
fitness 0.95893717
fitness 0.9591937
fitness 0.9593212
fitness 0.959716
fitness 0.96039987
Processing individual 9 for 'tabpfn_fhs'...
fit 0.76785815
fit 0.79054093
fit 0.8239483
fit 0.83025503
Total steps: 900
fitness 0.8329234
fitness 0.83390135
fitness 0.83641505
fitness 0.83762807
fitness 0.8414657
fitness 0.84290636
fitness 0.84386224
fitness 0.84417266
fitness 0.84494454
fitness 0.84827924
fitness 0.848387
fitness 0.84897375
Processing individual 10 for 'tabpfn_fhs'...
fit 0.9274463
fit 0.9425861
fit 0.94909924
fit 0.9617315
fit 0.9651249
Total steps: 900
fitness 0.9701413
fitness 0.9703868
fitness 0.9709771
fitness 0.9730548
fitness 0.9734227
fitness 0.97391367
fitness 0.9746843
fitness 0.97475135
fitness 0.97480124
fitness 0.9751221
fitness 0.97612625
fitness 0.9761447
fitness 0.9763694
Processing individual 11 for 'tabpfn_fhs'...
fit 0.79775095
fit 0.8223121
fit 0.8599215
fit 0.86944366
Total steps: 900
fitness 0.8728868
fitness 0.8744848
fitness 0.8774389
fitness 0.8801125
fitness 0.8808368
fitness 0.88246703
fitness 0.88473046
fitness 0.88480663
fitness 0.8894807
fitness 0.8904333
Processing individual 12 for 'tabpfn_fhs'...
fit 0.79421717
fit 0.8187203
fit 0.8517793
fit 0.86258984
Total steps: 900
fitness 0.8658075
fitness 0.86675036
fitness 0.86892
fitness 0.8706071
fitness 0.8746692
fitness 0.8762585
fitness 0.877394
fitness 0.8781405
fitness 0.87851834
fitness 0.88241875
fitness 0.88391185
fitness 0.88653207
fitness 0.8865469
Processing individual 13 for 'tabpfn_fhs'...
fit 0.88603216
fit 0.9143788
fit 0.9285306
fit 0.9474456
fit 0.95084584
Total steps: 900
fitness 0.9510065
fitness 0.95168245
fitness 0.96066076
fitness 0.96088535
fitness 0.9615434
fitness 0.96156543
fitness 0.96254945
fitness 0.96320194
Processing individual 14 for 'tabpfn_fhs'...
fit 0.82727087
fit 0.83806443
fit 0.8548444
fit 0.8845532
fit 0.9031709
Total steps: 900
fitness 0.91180766
fitness 0.9151696
fitness 0.91702545
fitness 0.91855085
fitness 0.92487115
fitness 0.92621154
fitness 0.93084955
fitness 0.93099487
fitness 0.9324144
Processing individual 15 for 'tabpfn_fhs'...
fit 0.8930401
fit 0.93446887
fit 0.95297873
fit 0.960325
Total steps: 900
fitness 0.9648851
fitness 0.9676827
fitness 0.96773785
fitness 0.96788484
fitness 0.96982366
fitness 0.9707498
fitness 0.97102547
fitness 0.9716148
fitness 0.97210956
fitness 0.97212535
fitness 0.9723823
fitness 0.97261685
fitness 0.9726802
Processing individual 16 for 'tabpfn_fhs'...
fit 0.66957736
fit 0.7053055
fit 0.7363166
fit 0.78253984
fit 0.8206867
Total steps: 900
fitness 0.83156896
fitness 0.8376627
fitness 0.84225345
fitness 0.8444618
fitness 0.84507716
fitness 0.8451542
fitness 0.84605986
fitness 0.8485182
fitness 0.85023695
fitness 0.85053426
fitness 0.8515566
fitness 0.85333973
fitness 0.8537843
fitness 0.8539818
Processing individual 17 for 'tabpfn_fhs'...
fit 0.57138234
fit 0.63697386
fit 0.7096371
fit 0.73220855
fit 0.7400053
Total steps: 900
fitness 0.7409668
fitness 0.7464031
fitness 0.7525028
fitness 0.7542417
fitness 0.76922774
fitness 0.769953
fitness 0.7702476
fitness 0.7791009
fitness 0.77919847
Processing individual 18 for 'tabpfn_fhs'...
fit 0.9121996
fit 0.9405233
fit 0.9442806
fit 0.96026313
fit 0.965384
Total steps: 900
fitness 0.9697528
fitness 0.9714207
fitness 0.97217
fitness 0.9725527
fitness 0.9741129
fitness 0.97444564
fitness 0.97578734
fitness 0.9758873
Processing individual 19 for 'tabpfn_fhs'...
fit 0.66957736
fit 0.7053055
fit 0.7363166
fit 0.78253984
fit 0.8206867
Total steps: 900
fitness 0.83156896
fitness 0.8376627
fitness 0.84225345
fitness 0.8444618
fitness 0.84507716
fitness 0.8451542
fitness 0.84605986
fitness 0.8485182
fitness 0.85023695
fitness 0.85053426
fitness 0.8515566
fitness 0.85333973
fitness 0.8537843
fitness 0.8539818
Processing individual 20 for 'tabpfn_fhs'...
fit 0.6048504
fit 0.6705894
fit 0.684219
fit 0.75966424
fit 0.8019832
Total steps: 900
fitness 0.8171567
fitness 0.81926394
fitness 0.82745135
fitness 0.8277565
fitness 0.83966225
fitness 0.8417689
fitness 0.8568779
fitness 0.8570231
Processing individual 21 for 'tabpfn_fhs'...
fit 0.5632684
fit 0.62984604
fit 0.7023251
fit 0.7232759
fit 0.73616076
Total steps: 900
fitness 0.73620975
fitness 0.7386434
fitness 0.7408924
fitness 0.7539017
fitness 0.7572745
fitness 0.7600219
fitness 0.7634783
fitness 0.76953554
fitness 0.771375
fitness 0.7818608
Processing individual 22 for 'tabpfn_fhs'...
fit 0.7177461
fit 0.7519454
fit 0.7751299
fit 0.82726574
fit 0.8601333
Total steps: 900
fitness 0.8719415
fitness 0.87640095
fitness 0.87750405
fitness 0.8780896
fitness 0.88238126
fitness 0.8830014
fitness 0.88450855
fitness 0.88638955
fitness 0.88757956
Processing individual 23 for 'tabpfn_fhs'...
fit 0.7738318
fit 0.79594946
fit 0.83231294
fit 0.8405767
Total steps: 900
fitness 0.84064096
fitness 0.8444931
fitness 0.85247505
fitness 0.85310006
fitness 0.85335743
fitness 0.8537204
fitness 0.8537312
fitness 0.85541755
Processing individual 24 for 'tabpfn_fhs'...
fit 0.828506
fit 0.8336884
fit 0.8531952
fit 0.88905406
fit 0.896371
Total steps: 900
fitness 0.91398627
fitness 0.9146331
fitness 0.9162888
fitness 0.9188943
fitness 0.9189969
fitness 0.9205025
fitness 0.92364
fitness 0.9282564
fitness 0.92981505
fitness 0.93155795
Processing individual 25 for 'tabpfn_fhs'...
fit 0.76785815
fit 0.79054093
fit 0.8239483
fit 0.83025503
Total steps: 900
fitness 0.8329234
fitness 0.83390135
fitness 0.83641505
fitness 0.83762807
fitness 0.8414657
fitness 0.84290636
fitness 0.84386224
fitness 0.84417266
fitness 0.84494454
fitness 0.84827924
fitness 0.848387
fitness 0.84897375
Processing individual 26 for 'tabpfn_fhs'...
fit 0.62230366
fit 0.66996783
fit 0.6952112
fit 0.7637797
fit 0.8163347
Total steps: 900
fitness 0.8329741
fitness 0.84177023
fitness 0.8510671
fitness 0.8517457
fitness 0.8532636
fitness 0.8542172
fitness 0.8631678
fitness 0.8631958
fitness 0.86474293
Processing individual 27 for 'tabpfn_fhs'...
fit 0.9173014
fit 0.934816
fit 0.9494928
fit 0.9622075
fit 0.9633162
Total steps: 900
fitness 0.9638852
fitness 0.9643151
fitness 0.9719289
fitness 0.9721867
fitness 0.97226524
fitness 0.97320986
fitness 0.97335535
fitness 0.9736898
Processing individual 28 for 'tabpfn_fhs'...
fit 0.77010196
fit 0.80865633
fit 0.8305565
fit 0.8733278
fit 0.8875901
fit 0.8883991
Total steps: 900
fitness 0.89295655
fitness 0.89546025
fitness 0.9000095
fitness 0.9089458
fitness 0.9096755
fitness 0.9100818
fitness 0.9158208
fitness 0.9183989
fitness 0.91983825
fitness 0.9206818
fitness 0.9223917
fitness 0.9235947
Processing individual 29 for 'tabpfn_fhs'...
fit 0.9274463
fit 0.9425861
fit 0.94909924
fit 0.9617315
fit 0.9651249
Total steps: 900
fitness 0.9701413
fitness 0.9703868
fitness 0.9709771
fitness 0.9730548
fitness 0.9734227
fitness 0.97391367
fitness 0.9746843
fitness 0.97475135
fitness 0.97480124
fitness 0.9751221
fitness 0.97612625
fitness 0.9761447
fitness 0.9763694
Processing individual 30 for 'tabpfn_fhs'...
fit 0.7804488
fit 0.8500384
fit 0.8852302
fit 0.92133814
Total steps: 900
fitness 0.929352
fitness 0.936173
fitness 0.93625116
fitness 0.9368615
fitness 0.9406772
fitness 0.94247127
fitness 0.9460933
fitness 0.9486226
Processing individual 31 for 'tabpfn_fhs'...
fit 0.65444565
fit 0.6751802
fit 0.7121665
fit 0.7682759
fit 0.8100503
Total steps: 900
fitness 0.8135209
fitness 0.8199649
fitness 0.8243821
fitness 0.8270527
fitness 0.8291402
fitness 0.8301369
fitness 0.83744574
fitness 0.8432494
fitness 0.8477427
fitness 0.849366
Processing individual 32 for 'tabpfn_fhs'...
fit 0.83521193
fit 0.84704983
fit 0.8602869
fit 0.8895631
fit 0.90680736
Total steps: 900
fitness 0.91650695
fitness 0.9187918
fitness 0.92071885
fitness 0.92126435
fitness 0.9217477
fitness 0.9290102
fitness 0.929948
fitness 0.93007517
fitness 0.9304449
fitness 0.9346721
fitness 0.9361673
fitness 0.94020694
Processing individual 33 for 'tabpfn_fhs'...
fit 0.57138234
fit 0.63697386
fit 0.7096371
fit 0.73220855
fit 0.7400053
Total steps: 900
fitness 0.7409668
fitness 0.7464031
fitness 0.7525028
fitness 0.7542417
fitness 0.76922774
fitness 0.769953
fitness 0.7702476
fitness 0.7791009
fitness 0.77919847
Processing individual 34 for 'tabpfn_fhs'...
fit 0.856808
fit 0.8734586
fit 0.8900498
fit 0.9147311
fit 0.9227352
Total steps: 900
fitness 0.9274533
fitness 0.9277846
fitness 0.9309679
fitness 0.9326554
fitness 0.93327
fitness 0.9337156
fitness 0.9340403
fitness 0.93903315
fitness 0.9409369
fitness 0.94099253
fitness 0.9419067
fitness 0.9426233
fitness 0.9429103
fitness 0.9434446
Processing individual 35 for 'tabpfn_fhs'...
fit 0.7204655
fit 0.76134676
fit 0.7754816
fit 0.83254945
fit 0.87933
Total steps: 900
fitness 0.8922507
fitness 0.9009083
fitness 0.90127295
fitness 0.90225166
fitness 0.90257174
fitness 0.9098661
fitness 0.9118953
fitness 0.91257584
fitness 0.91754943
fitness 0.9175496
fitness 0.9197784
Processing individual 36 for 'tabpfn_fhs'...
fit 0.66055703
fit 0.68499845
fit 0.7216996
fit 0.7753768
fit 0.8152985
Total steps: 900
fitness 0.8199698
fitness 0.83100903
fitness 0.8340329
fitness 0.840496
fitness 0.84116954
fitness 0.84357035
fitness 0.8482278
fitness 0.8486715
fitness 0.8516046
fitness 0.856662
Processing individual 37 for 'tabpfn_fhs'...
fit 0.95751125
fit 0.9649937
fit 0.9727624
fit 0.97732246
fit 0.9779881
fit 0.97847795
Total steps: 900
fitness 0.9800244
fitness 0.9801663
fitness 0.9811995
fitness 0.9828375
fitness 0.983537
fitness 0.9841438
fitness 0.984233
fitness 0.98433703
fitness 0.98441124
fitness 0.9844714
fitness 0.98458654
Processing individual 38 for 'tabpfn_fhs'...
fit 0.9607078
fit 0.96835494
fit 0.97602695
fit 0.9795455
fit 0.9804619
fit 0.98047817
Total steps: 900
fitness 0.98204505
fitness 0.9822668
fitness 0.9828474
fitness 0.98438597
fitness 0.98505425
fitness 0.98568016
fitness 0.9857001
fitness 0.98572797
Processing individual 39 for 'tabpfn_fhs'...
fit 0.89802164
fit 0.9151979
fit 0.92393154
fit 0.9443066
fit 0.94961226
Total steps: 900
fitness 0.9578856
fitness 0.9597096
fitness 0.9598406
fitness 0.9598664
fitness 0.9604152
fitness 0.963837
fitness 0.9638574
fitness 0.9643127
fitness 0.96580815
fitness 0.9663534
fitness 0.9666778
fitness 0.96706295
fitness 0.967233
Processing individual 40 for 'tabpfn_fhs'...
fit 0.88603216
fit 0.9143788
fit 0.9285306
fit 0.9474456
fit 0.95084584
Total steps: 900
fitness 0.9510065
fitness 0.95168245
fitness 0.96066076
fitness 0.96088535
fitness 0.9615434
fitness 0.96156543
fitness 0.96254945
fitness 0.96320194
Processing individual 41 for 'tabpfn_fhs'...
fit 0.7353784
fit 0.7612531
fit 0.7979625
fit 0.80159974
Total steps: 900
fitness 0.8017527
fitness 0.8027581
fitness 0.8045862
fitness 0.8057383
fitness 0.8116174
fitness 0.813099
fitness 0.8136482
fitness 0.81588864
fitness 0.81740457
fitness 0.8176828
fitness 0.8179858
fitness 0.8181937
fitness 0.8186407
fitness 0.8194803
Processing individual 42 for 'tabpfn_fhs'...
fit 0.6775191
fit 0.71630806
fit 0.73915553
fit 0.7924973
fit 0.83304083
Total steps: 900
fitness 0.8391426
fitness 0.8469159
fitness 0.8482604
fitness 0.8512318
fitness 0.8539256
fitness 0.85443103
fitness 0.8552587
fitness 0.8569601
fitness 0.8577943
fitness 0.8623586
fitness 0.8633448
fitness 0.86372435
Processing individual 43 for 'tabpfn_fhs'...
fit 0.87106013
fit 0.88613564
fit 0.89529425
fit 0.9230296
fit 0.931479
Total steps: 900
fitness 0.94167864
fitness 0.94628316
fitness 0.94790703
fitness 0.948501
fitness 0.95356154
fitness 0.9545207
fitness 0.95509934
fitness 0.9572251
fitness 0.9573887
fitness 0.9591614
Processing individual 44 for 'tabpfn_fhs'...
fit 0.8654448
fit 0.87788194
fit 0.8892452
fit 0.91983813
fit 0.9262094
Total steps: 900
fitness 0.9367356
fitness 0.9420515
fitness 0.94251215
fitness 0.9428887
fitness 0.9433034
fitness 0.9440572
fitness 0.9447426
fitness 0.94941646
fitness 0.951023
fitness 0.95186704
fitness 0.9542511
fitness 0.95427376
fitness 0.9571959
Processing individual 45 for 'tabpfn_fhs'...
fit 0.9607078
fit 0.96835494
fit 0.97602695
fit 0.9795455
fit 0.9804619
fit 0.98047817
Total steps: 900
fitness 0.98204505
fitness 0.9822668
fitness 0.9828474
fitness 0.98438597
fitness 0.98505425
fitness 0.98568016
fitness 0.9857001
fitness 0.98572797
Processing individual 46 for 'tabpfn_fhs'...
fit 0.8596258
fit 0.9029674
fit 0.9326874
fit 0.95004994
Total steps: 900
fitness 0.9555979
fitness 0.9592654
fitness 0.9593548
fitness 0.9596266
fitness 0.96266377
fitness 0.9629485
fitness 0.96386755
fitness 0.9645908
fitness 0.96533513
fitness 0.96569383
Processing individual 47 for 'tabpfn_fhs'...
fit 0.85936606
fit 0.8699735
fit 0.8848174
fit 0.9124186
fit 0.92219734
Total steps: 900
fitness 0.931921
fitness 0.93856245
fitness 0.9385797
fitness 0.9394237
fitness 0.94151825
fitness 0.94618404
fitness 0.9475968
fitness 0.9484652
fitness 0.951059
fitness 0.95107585
fitness 0.9539714
Processing individual 48 for 'tabpfn_fhs'...
fit 0.8474424
fit 0.86098087
fit 0.8713066
fit 0.90252167
fit 0.9157246
Total steps: 900
fitness 0.9253691
fitness 0.9301013
fitness 0.93125236
fitness 0.9318878
fitness 0.93822265
fitness 0.93925357
fitness 0.9393674
fitness 0.9401937
fitness 0.94352746
fitness 0.9435343
fitness 0.9476709
Processing individual 49 for 'tabpfn_fhs'...
fit 0.62230366
fit 0.66996783
fit 0.6952112
fit 0.7637797
fit 0.8163347
Total steps: 900
fitness 0.8329741
fitness 0.84177023
fitness 0.8510671
fitness 0.8517457
fitness 0.8532636
fitness 0.8542172
fitness 0.8631678
fitness 0.8631958
fitness 0.86474293
Processing individual 50 for 'tabpfn_fhs'...
fit 0.6157855
fit 0.63283646
fit 0.6779178
fit 0.7417956
fit 0.7726424
fit 0.7742702
Total steps: 900
fitness 0.7755341
fitness 0.77602977
fitness 0.7787231
fitness 0.7978752
fitness 0.801173
fitness 0.805705
fitness 0.8078938
fitness 0.8082559
Processing individual 51 for 'tabpfn_fhs'...
fit 0.890967
fit 0.9146107
fit 0.919488
fit 0.93928266
fit 0.9449776
Total steps: 900
fitness 0.9551801
fitness 0.95687306
fitness 0.9569272
fitness 0.9573749
fitness 0.961458
fitness 0.9628291
fitness 0.9646811
fitness 0.96481323
fitness 0.9658169
Processing individual 52 for 'tabpfn_fhs'...
fit 0.91319835
fit 0.93424505
fit 0.93887174
fit 0.95474476
fit 0.9589603
Total steps: 900
fitness 0.9651534
fitness 0.9663434
fitness 0.96728355
fitness 0.97002274
fitness 0.9706992
fitness 0.971092
fitness 0.97202307
fitness 0.97233224
fitness 0.97251153
Processing individual 53 for 'tabpfn_fhs'...
fit 0.9432157
fit 0.9542104
fit 0.96409404
fit 0.9704349
fit 0.97247905
Total steps: 900
fitness 0.9766801
fitness 0.97732335
fitness 0.97897875
fitness 0.97969496
fitness 0.9797515
fitness 0.9802863
fitness 0.9804195
fitness 0.9804505
Processing individual 54 for 'tabpfn_fhs'...
fit 0.84633744
fit 0.85455483
fit 0.8794806
fit 0.9071736
fit 0.9155663
Total steps: 900
fitness 0.9204417
fitness 0.92385626
fitness 0.9241526
fitness 0.9246916
fitness 0.93100166
fitness 0.93456906
fitness 0.93468916
fitness 0.9364047
fitness 0.9364434
fitness 0.93644714
Processing individual 55 for 'tabpfn_fhs'...
fit 0.707567
fit 0.77662003
fit 0.82497495
fit 0.8675924
Total steps: 900
fitness 0.8842107
fitness 0.89274603
fitness 0.8962251
fitness 0.8968663
fitness 0.90677094
fitness 0.9080549
fitness 0.91212016
fitness 0.91623044
Processing individual 56 for 'tabpfn_fhs'...
fit 0.9211763
fit 0.94999266
fit 0.95020735
fit 0.964257
fit 0.96784985
Total steps: 900
fitness 0.97198975
fitness 0.9733341
fitness 0.973511
fitness 0.97381973
fitness 0.9742701
fitness 0.97562647
fitness 0.9760531
fitness 0.976917
fitness 0.97693723
fitness 0.97708166
fitness 0.97727776
Processing individual 57 for 'tabpfn_fhs'...
fit 0.9432157
fit 0.9542104
fit 0.96409404
fit 0.9704349
fit 0.97247905
Total steps: 900
fitness 0.9766801
fitness 0.97732335
fitness 0.97897875
fitness 0.97969496
fitness 0.9797515
fitness 0.9802863
fitness 0.9804195
fitness 0.9804505
Processing individual 58 for 'tabpfn_fhs'...
fit 0.89802164
fit 0.9151979
fit 0.92393154
fit 0.9443066
fit 0.94961226
Total steps: 900
fitness 0.9578856
fitness 0.9597096
fitness 0.9598406
fitness 0.9598664
fitness 0.9604152
fitness 0.963837
fitness 0.9638574
fitness 0.9643127
fitness 0.96580815
fitness 0.9663534
fitness 0.9666778
fitness 0.96706295
fitness 0.967233
Processing individual 59 for 'tabpfn_fhs'...
fit 0.95751125
fit 0.9649937
fit 0.9727624
fit 0.97732246
fit 0.9779881
fit 0.97847795
Total steps: 900
fitness 0.9800244
fitness 0.9801663
fitness 0.9811995
fitness 0.9828375
fitness 0.983537
fitness 0.9841438
fitness 0.984233
fitness 0.98433703
fitness 0.98441124
fitness 0.9844714
fitness 0.98458654
Processing individual 60 for 'tabpfn_fhs'...
fit 0.9274463
fit 0.9425861
fit 0.94909924
fit 0.9617315
fit 0.9651249
Total steps: 900
fitness 0.9701413
fitness 0.9703868
fitness 0.9709771
fitness 0.9730548
fitness 0.9734227
fitness 0.97391367
fitness 0.9746843
fitness 0.97475135
fitness 0.97480124
fitness 0.9751221
fitness 0.97612625
fitness 0.9761447
fitness 0.9763694
Processing individual 61 for 'tabpfn_fhs'...
fit 0.6852374
fit 0.71836424
fit 0.7453294
fit 0.8043443
fit 0.8494233
Total steps: 900
fitness 0.8686964
fitness 0.87670195
fitness 0.8778939
fitness 0.8884109
fitness 0.88960516
fitness 0.89683384
fitness 0.8969712
fitness 0.89808166
Processing individual 62 for 'tabpfn_fhs'...
fit 0.7103461
fit 0.74285173
fit 0.76980853
fit 0.77494603
Total steps: 900
fitness 0.77661705
fitness 0.7801391
fitness 0.7807383
fitness 0.78397644
fitness 0.78573394
fitness 0.7860342
fitness 0.78695923
fitness 0.7872248
fitness 0.7886033
fitness 0.7922094
fitness 0.79222256
Processing individual 63 for 'tabpfn_fhs'...
fit 0.75964844
fit 0.8169649
fit 0.8637948
fit 0.9073099
Total steps: 900
fitness 0.91735625
fitness 0.92483246
fitness 0.92657167
fitness 0.9277489
fitness 0.9306664
fitness 0.9310727
fitness 0.93111783
fitness 0.9327036
fitness 0.9362428
fitness 0.9367749
fitness 0.939991
Processing individual 64 for 'tabpfn_fhs'...
fit 0.6852374
fit 0.71836424
fit 0.7453294
fit 0.8043443
fit 0.8494233
Total steps: 900
fitness 0.8686964
fitness 0.87670195
fitness 0.8778939
fitness 0.8884109
fitness 0.88960516
fitness 0.89683384
fitness 0.8969712
fitness 0.89808166
Processing individual 65 for 'tabpfn_fhs'...
fit 0.85197115
fit 0.8898241
fit 0.9263671
fit 0.94635534
Total steps: 900
fitness 0.950938
fitness 0.9560843
fitness 0.95708287
fitness 0.95994353
fitness 0.95995766
fitness 0.9604708
fitness 0.96215785
fitness 0.9624661
Processing individual 66 for 'tabpfn_fhs'...
fit 0.9432157
fit 0.9542104
fit 0.96409404
fit 0.9704349
fit 0.97247905
Total steps: 900
fitness 0.9766801
fitness 0.97732335
fitness 0.97897875
fitness 0.97969496
fitness 0.9797515
fitness 0.9802863
fitness 0.9804195
fitness 0.9804505
Processing individual 67 for 'tabpfn_fhs'...
fit 0.96383095
fit 0.96961224
fit 0.9786457
fit 0.98177034
fit 0.98187786
fit 0.982159
Total steps: 900
fitness 0.98351574
fitness 0.9838613
fitness 0.98426944
fitness 0.9859202
fitness 0.9865289
fitness 0.98694855
fitness 0.98712206
fitness 0.98714286
fitness 0.9872365
Processing individual 68 for 'tabpfn_fhs'...
fit 0.91319835
fit 0.93424505
fit 0.93887174
fit 0.95474476
fit 0.9589603
Total steps: 900
fitness 0.9651534
fitness 0.9663434
fitness 0.96728355
fitness 0.97002274
fitness 0.9706992
fitness 0.971092
fitness 0.97202307
fitness 0.97233224
fitness 0.97251153
Processing individual 69 for 'tabpfn_fhs'...
fit 0.8006439
fit 0.8535257
fit 0.8974478
fit 0.9030988
fit 0.9055208
fit 0.9074685
fit 0.911573
Total steps: 900
fitness 0.9147983
fitness 0.9268362
fitness 0.9277751
fitness 0.93144125
fitness 0.9330189
fitness 0.9358855
fitness 0.9374685
fitness 0.93869436
fitness 0.9395325
fitness 0.9398309
fitness 0.94015664
Processing individual 70 for 'tabpfn_fhs'...
fit 0.8838832
fit 0.90219027
fit 0.90979105
fit 0.9352381
fit 0.94152945
Total steps: 900
fitness 0.95103276
fitness 0.9529828
fitness 0.95333356
fitness 0.9542953
fitness 0.9544518
fitness 0.95476115
fitness 0.95872146
fitness 0.9587588
fitness 0.959826
fitness 0.96170664
fitness 0.9622276
fitness 0.9623647
Processing individual 71 for 'tabpfn_fhs'...
fit 0.8474424
fit 0.86098087
fit 0.8713066
fit 0.90252167
fit 0.9157246
Total steps: 900
fitness 0.9253691
fitness 0.9301013
fitness 0.93125236
fitness 0.9318878
fitness 0.93822265
fitness 0.93925357
fitness 0.9393674
fitness 0.9401937
fitness 0.94352746
fitness 0.9435343
fitness 0.9476709
Processing individual 72 for 'tabpfn_fhs'...
fit 0.9527873
fit 0.9635112
fit 0.97012436
fit 0.9752993
fit 0.97593814
fit 0.97630405
Total steps: 900
fitness 0.9780404
fitness 0.97893614
fitness 0.9813001
fitness 0.9821652
fitness 0.9826472
fitness 0.98277456
fitness 0.98289776
fitness 0.9830867
fitness 0.9831778
Processing individual 73 for 'tabpfn_fhs'...
fit 0.87106013
fit 0.88613564
fit 0.89529425
fit 0.9230296
fit 0.931479
Total steps: 900
fitness 0.94167864
fitness 0.94628316
fitness 0.94790703
fitness 0.948501
fitness 0.95356154
fitness 0.9545207
fitness 0.95509934
fitness 0.9572251
fitness 0.9573887
fitness 0.9591614
Processing individual 74 for 'tabpfn_fhs'...
fit 0.7612771
fit 0.8295025
fit 0.8734323
fit 0.9129404
Total steps: 900
fitness 0.9242165
fitness 0.9311962
fitness 0.9313266
fitness 0.9362658
fitness 0.9365957
fitness 0.93724394
fitness 0.9407548
fitness 0.9417424
fitness 0.94404954
Processing individual 75 for 'tabpfn_fhs'...
fit 0.6852374
fit 0.71836424
fit 0.7453294
fit 0.8043443
fit 0.8494233
Total steps: 900
fitness 0.8686964
fitness 0.87670195
fitness 0.8778939
fitness 0.8884109
fitness 0.88960516
fitness 0.89683384
fitness 0.8969712
fitness 0.89808166
Processing individual 76 for 'tabpfn_fhs'...
fit 0.8197266
fit 0.82815516
fit 0.853426
fit 0.88253856
fit 0.8929244
Total steps: 900
fitness 0.89798194
fitness 0.8988894
fitness 0.9017038
fitness 0.90252197
fitness 0.9033576
fitness 0.9044964
fitness 0.90630925
fitness 0.9085971
fitness 0.9095677
fitness 0.9095708
fitness 0.9142436
Processing individual 77 for 'tabpfn_fhs'...
fit 0.9121996
fit 0.9405233
fit 0.9442806
fit 0.96026313
fit 0.965384
Total steps: 900
fitness 0.9697528
fitness 0.9714207
fitness 0.97217
fitness 0.9725527
fitness 0.9741129
fitness 0.97444564
fitness 0.97578734
fitness 0.9758873
Processing individual 78 for 'tabpfn_fhs'...
fit 0.856808
fit 0.8734586
fit 0.8900498
fit 0.9147311
fit 0.9227352
Total steps: 900
fitness 0.9274533
fitness 0.9277846
fitness 0.9309679
fitness 0.9326554
fitness 0.93327
fitness 0.9337156
fitness 0.9340403
fitness 0.93903315
fitness 0.9409369
fitness 0.94099253
fitness 0.9419067
fitness 0.9426233
fitness 0.9429103
fitness 0.9434446
Processing individual 79 for 'tabpfn_fhs'...
fit 0.86113864
fit 0.8941838
fit 0.90612566
fit 0.9342954
fit 0.9348345
fit 0.94202346
Total steps: 900
fitness 0.9429476
fitness 0.95293367
fitness 0.95346135
fitness 0.9543842
fitness 0.9547446
fitness 0.9556688
fitness 0.95574486
fitness 0.9562985
fitness 0.9566268
fitness 0.95672107
fitness 0.9567643
fitness 0.9577383
fitness 0.9580327
Processing individual 80 for 'tabpfn_fhs'...
fit 0.7102839
fit 0.7331669
fit 0.7623069
fit 0.76576096
Total steps: 900
fitness 0.76576966
fitness 0.7665466
fitness 0.76668763
fitness 0.7703721
fitness 0.7728027
fitness 0.7754704
fitness 0.77648056
fitness 0.7792029
fitness 0.78239024
fitness 0.7841065
fitness 0.78502595
Processing individual 81 for 'tabpfn_fhs'...
fit 0.6852374
fit 0.71836424
fit 0.7453294
fit 0.8043443
fit 0.8494233
Total steps: 900
fitness 0.8686964
fitness 0.87670195
fitness 0.8778939
fitness 0.8884109
fitness 0.88960516
fitness 0.89683384
fitness 0.8969712
fitness 0.89808166
Processing individual 82 for 'tabpfn_fhs'...
fit 0.9380559
fit 0.9540188
fit 0.96178085
fit 0.9705661
fit 0.97239965
Total steps: 900
fitness 0.9763684
fitness 0.9773581
fitness 0.9776199
fitness 0.9792238
fitness 0.9797429
fitness 0.9797436
fitness 0.9798636
fitness 0.97995704
fitness 0.98003215
fitness 0.9801217
fitness 0.9801507
Processing individual 83 for 'tabpfn_fhs'...
fit 0.79421717
fit 0.8187203
fit 0.8517793
fit 0.86258984
Total steps: 900
fitness 0.8658075
fitness 0.86675036
fitness 0.86892
fitness 0.8706071
fitness 0.8746692
fitness 0.8762585
fitness 0.877394
fitness 0.8781405
fitness 0.87851834
fitness 0.88241875
fitness 0.88391185
fitness 0.88653207
fitness 0.8865469
Processing individual 84 for 'tabpfn_fhs'...
fit 0.80507416
fit 0.8204629
fit 0.840713
fit 0.86802673
fit 0.88843274
Total steps: 900
fitness 0.8980166
fitness 0.89844626
fitness 0.8984689
fitness 0.9049845
fitness 0.9078898
fitness 0.90936816
fitness 0.90955323
fitness 0.90984005
fitness 0.9100663
fitness 0.9137582
fitness 0.9157028
fitness 0.91656363
fitness 0.9170146
fitness 0.9171429
Processing individual 85 for 'tabpfn_fhs'...
fit 0.8006439
fit 0.8535257
fit 0.8974478
fit 0.9030988
fit 0.9055208
fit 0.9074685
fit 0.911573
Total steps: 900
fitness 0.9147983
fitness 0.9268362
fitness 0.9277751
fitness 0.93144125
fitness 0.9330189
fitness 0.9358855
fitness 0.9374685
fitness 0.93869436
fitness 0.9395325
fitness 0.9398309
fitness 0.94015664
Processing individual 86 for 'tabpfn_fhs'...
fit 0.9066963
fit 0.9242564
fit 0.9314254
fit 0.9496732
fit 0.9550705
Total steps: 900
fitness 0.96149075
fitness 0.96262044
fitness 0.962644
fitness 0.9631077
fitness 0.9631598
fitness 0.96327484
fitness 0.96722656
fitness 0.96738833
fitness 0.9677562
fitness 0.96831596
fitness 0.96942747
fitness 0.96945775
fitness 0.969733
fitness 0.96986085
fitness 0.969905
Processing individual 87 for 'tabpfn_fhs'...
fit 0.88034207
fit 0.92752635
fit 0.9463273
fit 0.9563989
Total steps: 900
fitness 0.9618663
fitness 0.9652025
fitness 0.96521634
fitness 0.96585315
fitness 0.96773785
fitness 0.96809995
fitness 0.96880454
fitness 0.96893895
fitness 0.96934843
fitness 0.9706339
fitness 0.97084403
Processing individual 88 for 'tabpfn_fhs'...
fit 0.83521193
fit 0.84704983
fit 0.8602869
fit 0.8895631
fit 0.90680736
Total steps: 900
fitness 0.91650695
fitness 0.9187918
fitness 0.92071885
fitness 0.92126435
fitness 0.9217477
fitness 0.9290102
fitness 0.929948
fitness 0.93007517
fitness 0.9304449
fitness 0.9346721
fitness 0.9361673
fitness 0.94020694
Processing individual 89 for 'tabpfn_fhs'...
fit 0.71109515
fit 0.7234034
fit 0.75719684
fit 0.76045567
Total steps: 900
fitness 0.7636687
fitness 0.7703582
fitness 0.77178043
fitness 0.7734996
fitness 0.7758869
fitness 0.77924985
fitness 0.78338236
fitness 0.7886479
Processing individual 90 for 'tabpfn_fhs'...
fit 0.78654957
fit 0.7967354
fit 0.8242494
fit 0.8477201
fit 0.8705212
Total steps: 900
fitness 0.8790979
fitness 0.88041556
fitness 0.8826909
fitness 0.8830107
fitness 0.8904
fitness 0.89396566
fitness 0.8951002
fitness 0.89620554
fitness 0.8989867
fitness 0.9008681
fitness 0.90253067
Processing individual 91 for 'tabpfn_fhs'...
fit 0.9527873
fit 0.9635112
fit 0.97012436
fit 0.9752993
fit 0.97593814
fit 0.97630405
Total steps: 900
fitness 0.9780404
fitness 0.97893614
fitness 0.9813001
fitness 0.9821652
fitness 0.9826472
fitness 0.98277456
fitness 0.98289776
fitness 0.9830867
fitness 0.9831778
Processing individual 92 for 'tabpfn_fhs'...
fit 0.7102839
fit 0.7331669
fit 0.7623069
fit 0.76576096
Total steps: 900
fitness 0.76576966
fitness 0.7665466
fitness 0.76668763
fitness 0.7703721
fitness 0.7728027
fitness 0.7754704
fitness 0.77648056
fitness 0.7792029
fitness 0.78239024
fitness 0.7841065
fitness 0.78502595
Processing individual 93 for 'tabpfn_fhs'...
fit 0.6884834
fit 0.7320366
fit 0.75072
fit 0.8118992
fit 0.86345637
Total steps: 900
fitness 0.8738565
fitness 0.885367
fitness 0.88962364
fitness 0.8919141
fitness 0.8938157
fitness 0.89491445
fitness 0.89502305
fitness 0.8956213
fitness 0.8956757
fitness 0.89709365
Processing individual 94 for 'tabpfn_fhs'...
fit 0.9066963
fit 0.9242564
fit 0.9314254
fit 0.9496732
fit 0.9550705
Total steps: 900
fitness 0.96149075
fitness 0.96262044
fitness 0.962644
fitness 0.9631077
fitness 0.9631598
fitness 0.96327484
fitness 0.96722656
fitness 0.96738833
fitness 0.9677562
fitness 0.96831596
fitness 0.96942747
fitness 0.96945775
fitness 0.969733
fitness 0.96986085
fitness 0.969905
Processing individual 95 for 'tabpfn_fhs'...
fit 0.85197115
fit 0.8898241
fit 0.9263671
fit 0.94635534
Total steps: 900
fitness 0.950938
fitness 0.9560843
fitness 0.95708287
fitness 0.95994353
fitness 0.95995766
fitness 0.9604708
fitness 0.96215785
fitness 0.9624661
Processing individual 96 for 'tabpfn_fhs'...
fit 0.89802164
fit 0.9151979
fit 0.92393154
fit 0.9443066
fit 0.94961226
Total steps: 900
fitness 0.9578856
fitness 0.9597096
fitness 0.9598406
fitness 0.9598664
fitness 0.9604152
fitness 0.963837
fitness 0.9638574
fitness 0.9643127
fitness 0.96580815
fitness 0.9663534
fitness 0.9666778
fitness 0.96706295
fitness 0.967233
Processing individual 97 for 'tabpfn_fhs'...
fit 0.8596258
fit 0.9029674
fit 0.9326874
fit 0.95004994
Total steps: 900
fitness 0.9555979
fitness 0.9592654
fitness 0.9593548
fitness 0.9596266
fitness 0.96266377
fitness 0.9629485
fitness 0.96386755
fitness 0.9645908
fitness 0.96533513
fitness 0.96569383
Processing individual 98 for 'tabpfn_fhs'...
fit 0.7913627
fit 0.80257815
fit 0.82976896
fit 0.8554996
fit 0.8768258
Total steps: 900
fitness 0.8875897
fitness 0.8891627
fitness 0.890991
fitness 0.8919043
fitness 0.9024824
fitness 0.9087125
fitness 0.9088051
fitness 0.9093628
Processing individual 99 for 'tabpfn_fhs'...
fit 0.8838832
fit 0.90219027
fit 0.90979105
fit 0.9352381
fit 0.94152945
Total steps: 900
fitness 0.95103276
fitness 0.9529828
fitness 0.95333356
fitness 0.9542953
fitness 0.9544518
fitness 0.95476115
fitness 0.95872146
fitness 0.9587588
fitness 0.959826
fitness 0.96170664
fitness 0.9622276
fitness 0.9623647
Processing individual 100 for 'tabpfn_fhs'...
fit 0.8028835
fit 0.85971355
fit 0.89906406
fit 0.9275885
Total steps: 900
fitness 0.93436396
fitness 0.94076514
fitness 0.9416654
fitness 0.94212645
fitness 0.9458703
fitness 0.9470912
fitness 0.94739175
fitness 0.9498243
fitness 0.9498933
fitness 0.95254385
Processing individual 101 for 'tabpfn_fhs'...
fit 0.6852374
fit 0.71836424
fit 0.7453294
fit 0.8043443
fit 0.8494233
Total steps: 900
fitness 0.8686964
fitness 0.87670195
fitness 0.8778939
fitness 0.8884109
fitness 0.88960516
fitness 0.89683384
fitness 0.8969712
fitness 0.89808166
Processing individual 102 for 'tabpfn_fhs'...
fit 0.9121996
fit 0.9405233
fit 0.9442806
fit 0.96026313
fit 0.965384
Total steps: 900
fitness 0.9697528
fitness 0.9714207
fitness 0.97217
fitness 0.9725527
fitness 0.9741129
fitness 0.97444564
fitness 0.97578734
fitness 0.9758873
Processing individual 103 for 'tabpfn_fhs'...
fit 0.8006439
fit 0.8535257
fit 0.8974478
fit 0.9030988
fit 0.9055208
fit 0.9074685
fit 0.911573
Total steps: 900
fitness 0.9147983
fitness 0.9268362
fitness 0.9277751
fitness 0.93144125
fitness 0.9330189
fitness 0.9358855
fitness 0.9374685
fitness 0.93869436
fitness 0.9395325
fitness 0.9398309
fitness 0.94015664
Processing individual 104 for 'tabpfn_fhs'...
fit 0.88603216
fit 0.9143788
fit 0.9285306
fit 0.9474456
fit 0.95084584
Total steps: 900
fitness 0.9510065
fitness 0.95168245
fitness 0.96066076
fitness 0.96088535
fitness 0.9615434
fitness 0.96156543
fitness 0.96254945
fitness 0.96320194
Processing individual 105 for 'tabpfn_fhs'...
fit 0.93229645
fit 0.94831604
fit 0.9539769
fit 0.96394783
fit 0.9681408
Total steps: 900
fitness 0.9726351
fitness 0.9730243
fitness 0.97411877
fitness 0.97542745
fitness 0.9768008
fitness 0.9768879
fitness 0.9772241
fitness 0.97796154
fitness 0.97806025
Processing individual 106 for 'tabpfn_fhs'...
fit 0.8596258
fit 0.9029674
fit 0.9326874
fit 0.95004994
Total steps: 900
fitness 0.9555979
fitness 0.9592654
fitness 0.9593548
fitness 0.9596266
fitness 0.96266377
fitness 0.9629485
fitness 0.96386755
fitness 0.9645908
fitness 0.96533513
fitness 0.96569383
Processing individual 107 for 'tabpfn_fhs'...
fit 0.74636865
fit 0.7737055
fit 0.80265397
fit 0.8092836
Total steps: 900
fitness 0.81347257
fitness 0.81617206
fitness 0.81835616
fitness 0.8190811
fitness 0.82052964
fitness 0.8248453
fitness 0.82586515
fitness 0.8260992
fitness 0.82627344
fitness 0.82666457
fitness 0.8271171
fitness 0.8273537
fitness 0.82768464
Processing individual 108 for 'tabpfn_fhs'...
fit 0.87106013
fit 0.88613564
fit 0.89529425
fit 0.9230296
fit 0.931479
Total steps: 900
fitness 0.94167864
fitness 0.94628316
fitness 0.94790703
fitness 0.948501
fitness 0.95356154
fitness 0.9545207
fitness 0.95509934
fitness 0.9572251
fitness 0.9573887
fitness 0.9591614
Processing individual 109 for 'tabpfn_fhs'...
fit 0.59786415
fit 0.60760444
fit 0.6569057
fit 0.726312
fit 0.75211114
fit 0.7639266
Total steps: 900
fitness 0.76426226
fitness 0.78210104
fitness 0.7844675
fitness 0.7879416
fitness 0.790728
fitness 0.7959542
fitness 0.80235875
Processing individual 110 for 'tabpfn_fhs'...
fit 0.523451
fit 0.5852839
fit 0.65829855
fit 0.67831606
fit 0.6933262
Total steps: 900
fitness 0.6970839
fitness 0.70176584
fitness 0.7175423
fitness 0.7193986
fitness 0.7268726
fitness 0.73057395
fitness 0.73980844
fitness 0.7472081
Processing individual 111 for 'tabpfn_fhs'...
fit 0.86765116
fit 0.9175147
fit 0.9398754
fit 0.9525454
Total steps: 900
fitness 0.95868045
fitness 0.9590739
fitness 0.9621669
fitness 0.9630491
fitness 0.96509355
fitness 0.9658588
fitness 0.9663545
fitness 0.9671277
fitness 0.96785593
fitness 0.9684692
Processing individual 112 for 'tabpfn_fhs'...
fit 0.812226
fit 0.8193253
fit 0.8418014
fit 0.87479126
fit 0.8858651
Total steps: 900
fitness 0.88961446
fitness 0.89007294
fitness 0.894693
fitness 0.89679873
fitness 0.897787
fitness 0.90115887
fitness 0.9023826
fitness 0.9030494
fitness 0.9041946
Processing individual 113 for 'tabpfn_fhs'...
fit 0.8028835
fit 0.85971355
fit 0.89906406
fit 0.9275885
Total steps: 900
fitness 0.93436396
fitness 0.94076514
fitness 0.9416654
fitness 0.94212645
fitness 0.9458703
fitness 0.9470912
fitness 0.94739175
fitness 0.9498243
fitness 0.9498933
fitness 0.95254385
Processing individual 114 for 'tabpfn_fhs'...
fit 0.7931635
fit 0.8236501
fit 0.842234
fit 0.888828
fit 0.89552987
fit 0.8992756
fit 0.902699
Total steps: 900
fitness 0.9052947
fitness 0.9139755
fitness 0.91685754
fitness 0.9195752
fitness 0.92407405
fitness 0.9264943
fitness 0.92984724
fitness 0.9313221
fitness 0.93278664
fitness 0.9354916
Processing individual 115 for 'tabpfn_fhs'...
fit 0.9202457
fit 0.93750525
fit 0.94526845
fit 0.9573938
fit 0.96206766
Total steps: 900
fitness 0.9676397
fitness 0.96771586
fitness 0.96847
fitness 0.9685127
fitness 0.969128
fitness 0.9692755
fitness 0.97134423
fitness 0.9716021
fitness 0.9724589
fitness 0.9730456
fitness 0.9733014
fitness 0.9734873
fitness 0.9737905
fitness 0.9742529
Processing individual 116 for 'tabpfn_fhs'...
fit 0.8654448
fit 0.87788194
fit 0.8892452
fit 0.91983813
fit 0.9262094
Total steps: 900
fitness 0.9367356
fitness 0.9420515
fitness 0.94251215
fitness 0.9428887
fitness 0.9433034
fitness 0.9440572
fitness 0.9447426
fitness 0.94941646
fitness 0.951023
fitness 0.95186704
fitness 0.9542511
fitness 0.95427376
fitness 0.9571959
Processing individual 117 for 'tabpfn_fhs'...
fit 0.7804488
fit 0.8500384
fit 0.8852302
fit 0.92133814
Total steps: 900
fitness 0.929352
fitness 0.936173
fitness 0.93625116
fitness 0.9368615
fitness 0.9406772
fitness 0.94247127
fitness 0.9460933
fitness 0.9486226
Processing individual 118 for 'tabpfn_fhs'...
fit 0.6918329
fit 0.73514146
fit 0.74908745
fit 0.80121976
fit 0.8386952
Total steps: 900
fitness 0.8505958
fitness 0.8551298
fitness 0.8580845
fitness 0.85972846
fitness 0.8629717
fitness 0.86317885
fitness 0.86763
fitness 0.86817175
fitness 0.86855197
fitness 0.8720873
fitness 0.872287
Processing individual 119 for 'tabpfn_fhs'...
fit 0.85936606
fit 0.8699735
fit 0.8848174
fit 0.9124186
fit 0.92219734
Total steps: 900
fitness 0.931921
fitness 0.93856245
fitness 0.9385797
fitness 0.9394237
fitness 0.94151825
fitness 0.94618404
fitness 0.9475968
fitness 0.9484652
fitness 0.951059
fitness 0.95107585
fitness 0.9539714
Processing individual 120 for 'tabpfn_fhs'...
fit 0.8596258
fit 0.9029674
fit 0.9326874
fit 0.95004994
Total steps: 900
fitness 0.9555979
fitness 0.9592654
fitness 0.9593548
fitness 0.9596266
fitness 0.96266377
fitness 0.9629485
fitness 0.96386755
fitness 0.9645908
fitness 0.96533513
fitness 0.96569383
Processing individual 121 for 'tabpfn_fhs'...
fit 0.93229645
fit 0.94831604
fit 0.9539769
fit 0.96394783
fit 0.9681408
Total steps: 900
fitness 0.9726351
fitness 0.9730243
fitness 0.97411877
fitness 0.97542745
fitness 0.9768008
fitness 0.9768879
fitness 0.9772241
fitness 0.97796154
fitness 0.97806025
Processing individual 122 for 'tabpfn_fhs'...
fit 0.90562105
fit 0.92869383
fit 0.9435906
fit 0.9575539
fit 0.9596145
Total steps: 900
fitness 0.96013325
fitness 0.96062577
fitness 0.9678408
fitness 0.9681017
fitness 0.9687435
fitness 0.9687675
fitness 0.97022116
fitness 0.9702791
fitness 0.97044873
fitness 0.9707605
Processing individual 123 for 'tabpfn_fhs'...
fit 0.74636865
fit 0.7737055
fit 0.80265397
fit 0.8092836
Total steps: 900
fitness 0.81347257
fitness 0.81617206
fitness 0.81835616
fitness 0.8190811
fitness 0.82052964
fitness 0.8248453
fitness 0.82586515
fitness 0.8260992
fitness 0.82627344
fitness 0.82666457
fitness 0.8271171
fitness 0.8273537
fitness 0.82768464
Processing individual 124 for 'tabpfn_fhs'...
fit 0.57185817
fit 0.6166055
fit 0.6474264
fit 0.721957
fit 0.76091534
Total steps: 900
fitness 0.7857858
fitness 0.7863505
fitness 0.78796417
fitness 0.8148978
fitness 0.8182574
fitness 0.8195043
fitness 0.82547575
Processing individual 125 for 'tabpfn_fhs'...
fit 0.7527189
fit 0.8005526
fit 0.8064548
fit 0.859022
fit 0.90104455
Total steps: 900
fitness 0.9105001
fitness 0.9195446
fitness 0.92095995
fitness 0.92497146
fitness 0.92506254
fitness 0.92539686
fitness 0.92898774
fitness 0.9306186
fitness 0.93083555
fitness 0.9313964
Processing individual 126 for 'tabpfn_fhs'...
fit 0.75964844
fit 0.8169649
fit 0.8637948
fit 0.9073099
Total steps: 900
fitness 0.91735625
fitness 0.92483246
fitness 0.92657167
fitness 0.9277489
fitness 0.9306664
fitness 0.9310727
fitness 0.93111783
fitness 0.9327036
fitness 0.9362428
fitness 0.9367749
fitness 0.939991
Processing individual 127 for 'tabpfn_fhs'...
fit 0.85455805
fit 0.86770844
fit 0.8856618
fit 0.9170103
fit 0.9205632
Total steps: 900
fitness 0.9330733
fitness 0.9334117
fitness 0.9342329
fitness 0.9405721
fitness 0.94153935
fitness 0.94298357
fitness 0.9441785
fitness 0.9449076
Processing individual 128 for 'tabpfn_fhs'...
fit 0.95751125
fit 0.9649937
fit 0.9727624
fit 0.97732246
fit 0.9779881
fit 0.97847795
Total steps: 900
fitness 0.9800244
fitness 0.9801663
fitness 0.9811995
fitness 0.9828375
fitness 0.983537
fitness 0.9841438
fitness 0.984233
fitness 0.98433703
fitness 0.98441124
fitness 0.9844714
fitness 0.98458654
Processing individual 129 for 'tabpfn_fhs'...
fit 0.8213006
fit 0.8310375
fit 0.84963286
fit 0.87897134
fit 0.8971692
Total steps: 900
fitness 0.9073061
fitness 0.9091075
fitness 0.91236484
fitness 0.92023057
fitness 0.9214947
fitness 0.92564076
fitness 0.9261762
fitness 0.92917436
Processing individual 130 for 'tabpfn_fhs'...
fit 0.84633744
fit 0.85455483
fit 0.8794806
fit 0.9071736
fit 0.9155663
Total steps: 900
fitness 0.9204417
fitness 0.92385626
fitness 0.9241526
fitness 0.9246916
fitness 0.93100166
fitness 0.93456906
fitness 0.93468916
fitness 0.9364047
fitness 0.9364434
fitness 0.93644714
Processing individual 131 for 'tabpfn_fhs'...
fit 0.75964844
fit 0.8169649
fit 0.8637948
fit 0.9073099
Total steps: 900
fitness 0.91735625
fitness 0.92483246
fitness 0.92657167
fitness 0.9277489
fitness 0.9306664
fitness 0.9310727
fitness 0.93111783
fitness 0.9327036
fitness 0.9362428
fitness 0.9367749
fitness 0.939991
Processing individual 132 for 'tabpfn_fhs'...
fit 0.92351186
fit 0.931914
fit 0.9494161
fit 0.9585123
fit 0.9589197
Total steps: 900
fitness 0.9591669
fitness 0.9683813
fitness 0.9685364
fitness 0.9685618
fitness 0.968776
fitness 0.9690449
fitness 0.9694381
fitness 0.96956384
fitness 0.9699522
fitness 0.97008014
fitness 0.97032964
fitness 0.9704003
Processing individual 133 for 'tabpfn_fhs'...
fit 0.83521193
fit 0.84704983
fit 0.8602869
fit 0.8895631
fit 0.90680736
Total steps: 900
fitness 0.91650695
fitness 0.9187918
fitness 0.92071885
fitness 0.92126435
fitness 0.9217477
fitness 0.9290102
fitness 0.929948
fitness 0.93007517
fitness 0.9304449
fitness 0.9346721
fitness 0.9361673
fitness 0.94020694
Processing individual 134 for 'tabpfn_fhs'...
fit 0.6157855
fit 0.63283646
fit 0.6779178
fit 0.7417956
fit 0.7726424
fit 0.7742702
Total steps: 900
fitness 0.7755341
fitness 0.77602977
fitness 0.7787231
fitness 0.7978752
fitness 0.801173
fitness 0.805705
fitness 0.8078938
fitness 0.8082559
Processing individual 135 for 'tabpfn_fhs'...
fit 0.87106013
fit 0.88613564
fit 0.89529425
fit 0.9230296
fit 0.931479
Total steps: 900
fitness 0.94167864
fitness 0.94628316
fitness 0.94790703
fitness 0.948501
fitness 0.95356154
fitness 0.9545207
fitness 0.95509934
fitness 0.9572251
fitness 0.9573887
fitness 0.9591614
Processing individual 136 for 'tabpfn_fhs'...
fit 0.86765116
fit 0.9175147
fit 0.9398754
fit 0.9525454
Total steps: 900
fitness 0.95868045
fitness 0.9590739
fitness 0.9621669
fitness 0.9630491
fitness 0.96509355
fitness 0.9658588
fitness 0.9663545
fitness 0.9671277
fitness 0.96785593
fitness 0.9684692
Processing individual 137 for 'tabpfn_fhs'...
fit 0.890967
fit 0.9146107
fit 0.919488
fit 0.93928266
fit 0.9449776
Total steps: 900
fitness 0.9551801
fitness 0.95687306
fitness 0.9569272
fitness 0.9573749
fitness 0.961458
fitness 0.9628291
fitness 0.9646811
fitness 0.96481323
fitness 0.9658169
Processing individual 138 for 'tabpfn_fhs'...
fit 0.87926656
fit 0.89233136
fit 0.9015607
fit 0.9292446
fit 0.9349734
Total steps: 900
fitness 0.9453737
fitness 0.9503341
fitness 0.9507191
fitness 0.95150864
fitness 0.9571352
fitness 0.95738953
fitness 0.9596527
fitness 0.95966953
fitness 0.9623973
Processing individual 139 for 'tabpfn_fhs'...
fit 0.707567
fit 0.77662003
fit 0.82497495
fit 0.8675924
Total steps: 900
fitness 0.8842107
fitness 0.89274603
fitness 0.8962251
fitness 0.8968663
fitness 0.90677094
fitness 0.9080549
fitness 0.91212016
fitness 0.91623044
Processing individual 140 for 'tabpfn_fhs'...
fit 0.698558
fit 0.7576725
fit 0.76001596
fit 0.8226913
fit 0.8648384
Total steps: 900
fitness 0.88161373
fitness 0.88657075
fitness 0.8900522
fitness 0.8915059
fitness 0.90081596
fitness 0.9011151
fitness 0.90901697
fitness 0.90906227
Processing individual 141 for 'tabpfn_fhs'...
fit 0.96383095
fit 0.96961224
fit 0.9786457
fit 0.98177034
fit 0.98187786
fit 0.982159
Total steps: 900
fitness 0.98351574
fitness 0.9838613
fitness 0.98426944
fitness 0.9859202
fitness 0.9865289
fitness 0.98694855
fitness 0.98712206
fitness 0.98714286
fitness 0.9872365
Processing individual 142 for 'tabpfn_fhs'...
fit 0.79421717
fit 0.8187203
fit 0.8517793
fit 0.86258984
Total steps: 900
fitness 0.8658075
fitness 0.86675036
fitness 0.86892
fitness 0.8706071
fitness 0.8746692
fitness 0.8762585
fitness 0.877394
fitness 0.8781405
fitness 0.87851834
fitness 0.88241875
fitness 0.88391185
fitness 0.88653207
fitness 0.8865469
Processing individual 143 for 'tabpfn_fhs'...
fit 0.6884834
fit 0.7320366
fit 0.75072
fit 0.8118992
fit 0.86345637
Total steps: 900
fitness 0.8738565
fitness 0.885367
fitness 0.88962364
fitness 0.8919141
fitness 0.8938157
fitness 0.89491445
fitness 0.89502305
fitness 0.8956213
fitness 0.8956757
fitness 0.89709365
Processing individual 144 for 'tabpfn_fhs'...
fit 0.78654957
fit 0.7967354
fit 0.8242494
fit 0.8477201
fit 0.8705212
Total steps: 900
fitness 0.8790979
fitness 0.88041556
fitness 0.8826909
fitness 0.8830107
fitness 0.8904
fitness 0.89396566
fitness 0.8951002
fitness 0.89620554
fitness 0.8989867
fitness 0.9008681
fitness 0.90253067
Processing individual 145 for 'tabpfn_fhs'...
fit 0.8197266
fit 0.82815516
fit 0.853426
fit 0.88253856
fit 0.8929244
Total steps: 900
fitness 0.89798194
fitness 0.8988894
fitness 0.9017038
fitness 0.90252197
fitness 0.9033576
fitness 0.9044964
fitness 0.90630925
fitness 0.9085971
fitness 0.9095677
fitness 0.9095708
fitness 0.9142436
Processing individual 146 for 'tabpfn_fhs'...
fit 0.746579
fit 0.7886619
fit 0.7934456
fit 0.84777707
fit 0.8929535
Total steps: 900
fitness 0.90523434
fitness 0.91275704
fitness 0.91378075
fitness 0.91557145
fitness 0.91616493
fitness 0.9213224
fitness 0.9214971
fitness 0.9221969
fitness 0.9264945
fitness 0.92652303
fitness 0.9266909
fitness 0.9302813
fitness 0.93043166
Processing individual 147 for 'tabpfn_fhs'...
fit 0.83440286
fit 0.8518698
fit 0.87218136
fit 0.8974251
fit 0.89806384
fit 0.90857893
Total steps: 900
fitness 0.91307265
fitness 0.9141529
fitness 0.9172524
fitness 0.91752636
fitness 0.9176632
fitness 0.91970026
fitness 0.92018294
fitness 0.92199385
fitness 0.9222354
fitness 0.9227488
fitness 0.92396224
fitness 0.9256491
Processing individual 148 for 'tabpfn_fhs'...
fit 0.59786415
fit 0.60760444
fit 0.6569057
fit 0.726312
fit 0.75211114
fit 0.7639266
Total steps: 900
fitness 0.76426226
fitness 0.78210104
fitness 0.7844675
fitness 0.7879416
fitness 0.790728
fitness 0.7959542
fitness 0.80235875
Processing individual 149 for 'tabpfn_fhs'...
fit 0.90411854
fit 0.9388539
fit 0.9565922
fit 0.96287274
Total steps: 900
fitness 0.967715
fitness 0.96909696
fitness 0.9693903
fitness 0.969471
fitness 0.9702866
fitness 0.97134095
fitness 0.972547
fitness 0.9727569
fitness 0.97280943
fitness 0.9741034
fitness 0.97410756
fitness 0.9742331
fitness 0.97441036
Processing individual 150 for 'tabpfn_fhs'...
fit 0.6981863
fit 0.7310586
fit 0.7536943
fit 0.7573715
Total steps: 900
fitness 0.7607137
fitness 0.7642216
fitness 0.7643504
fitness 0.767085
fitness 0.772132
fitness 0.772706
fitness 0.77727455
fitness 0.77808046
Processing individual 151 for 'tabpfn_fhs'...
fit 0.698558
fit 0.7576725
fit 0.76001596
fit 0.8226913
fit 0.8648384
Total steps: 900
fitness 0.88161373
fitness 0.88657075
fitness 0.8900522
fitness 0.8915059
fitness 0.90081596
fitness 0.9011151
fitness 0.90901697
fitness 0.90906227
Processing individual 152 for 'tabpfn_fhs'...
fit 0.86765116
fit 0.9175147
fit 0.9398754
fit 0.9525454
Total steps: 900
fitness 0.95868045
fitness 0.9590739
fitness 0.9621669
fitness 0.9630491
fitness 0.96509355
fitness 0.9658588
fitness 0.9663545
fitness 0.9671277
fitness 0.96785593
fitness 0.9684692
Processing individual 153 for 'tabpfn_fhs'...
fit 0.76785815
fit 0.79054093
fit 0.8239483
fit 0.83025503
Total steps: 900
fitness 0.8329234
fitness 0.83390135
fitness 0.83641505
fitness 0.83762807
fitness 0.8414657
fitness 0.84290636
fitness 0.84386224
fitness 0.84417266
fitness 0.84494454
fitness 0.84827924
fitness 0.848387
fitness 0.84897375
Processing individual 154 for 'tabpfn_fhs'...
fit 0.8412467
fit 0.85260385
fit 0.86543685
fit 0.89495236
fit 0.90982604
Total steps: 900
fitness 0.92167675
fitness 0.92698836
fitness 0.9278095
fitness 0.933851
fitness 0.9342668
fitness 0.93507403
fitness 0.9355618
fitness 0.940068
fitness 0.9450043
Processing individual 155 for 'tabpfn_fhs'...
fit 0.7204655
fit 0.76134676
fit 0.7754816
fit 0.83254945
fit 0.87933
Total steps: 900
fitness 0.8922507
fitness 0.9009083
fitness 0.90127295
fitness 0.90225166
fitness 0.90257174
fitness 0.9098661
fitness 0.9118953
fitness 0.91257584
fitness 0.91754943
fitness 0.9175496
fitness 0.9197784
Processing individual 156 for 'tabpfn_fhs'...
fit 0.85197115
fit 0.8898241
fit 0.9263671
fit 0.94635534
Total steps: 900
fitness 0.950938
fitness 0.9560843
fitness 0.95708287
fitness 0.95994353
fitness 0.95995766
fitness 0.9604708
fitness 0.96215785
fitness 0.9624661
Processing individual 157 for 'tabpfn_fhs'...
fit 0.835081
fit 0.8766554
fit 0.8842395
fit 0.9201068
fit 0.921025
fit 0.9225455
fit 0.92935073
Total steps: 900
fitness 0.93157077
fitness 0.94276524
fitness 0.9429768
fitness 0.94456047
fitness 0.9446629
fitness 0.9458946
fitness 0.94605434
fitness 0.9489935
Processing individual 158 for 'tabpfn_fhs'...
fit 0.9527873
fit 0.9635112
fit 0.97012436
fit 0.9752993
fit 0.97593814
fit 0.97630405
Total steps: 900
fitness 0.9780404
fitness 0.97893614
fitness 0.9813001
fitness 0.9821652
fitness 0.9826472
fitness 0.98277456
fitness 0.98289776
fitness 0.9830867
fitness 0.9831778
Processing individual 159 for 'tabpfn_fhs'...
fit 0.890967
fit 0.9146107
fit 0.919488
fit 0.93928266
fit 0.9449776
Total steps: 900
fitness 0.9551801
fitness 0.95687306
fitness 0.9569272
fitness 0.9573749
fitness 0.961458
fitness 0.9628291
fitness 0.9646811
fitness 0.96481323
fitness 0.9658169
Processing individual 160 for 'tabpfn_fhs'...
fit 0.9274463
fit 0.9425861
fit 0.94909924
fit 0.9617315
fit 0.9651249
Total steps: 900
fitness 0.9701413
fitness 0.9703868
fitness 0.9709771
fitness 0.9730548
fitness 0.9734227
fitness 0.97391367
fitness 0.9746843
fitness 0.97475135
fitness 0.97480124
fitness 0.9751221
fitness 0.97612625
fitness 0.9761447
fitness 0.9763694
Processing individual 161 for 'tabpfn_fhs'...
fit 0.80771357
fit 0.83045113
fit 0.86677396
fit 0.8775087
Total steps: 900
fitness 0.88259107
fitness 0.88549304
fitness 0.88691676
fitness 0.8894712
fitness 0.8899495
fitness 0.8922321
fitness 0.8924669
fitness 0.89549226
fitness 0.899497
Processing individual 162 for 'tabpfn_fhs'...
fit 0.9432157
fit 0.9542104
fit 0.96409404
fit 0.9704349
fit 0.97247905
Total steps: 900
fitness 0.9766801
fitness 0.97732335
fitness 0.97897875
fitness 0.97969496
fitness 0.9797515
fitness 0.9802863
fitness 0.9804195
fitness 0.9804505
Processing individual 163 for 'tabpfn_fhs'...
fit 0.90411854
fit 0.9388539
fit 0.9565922
fit 0.96287274
Total steps: 900
fitness 0.967715
fitness 0.96909696
fitness 0.9693903
fitness 0.969471
fitness 0.9702866
fitness 0.97134095
fitness 0.972547
fitness 0.9727569
fitness 0.97280943
fitness 0.9741034
fitness 0.97410756
fitness 0.9742331
fitness 0.97441036
Processing individual 164 for 'tabpfn_fhs'...
fit 0.7528415
fit 0.77970046
fit 0.8090465
fit 0.817517
Total steps: 900
fitness 0.8216322
fitness 0.8225988
fitness 0.8236265
fitness 0.8262697
fitness 0.8272606
fitness 0.8284209
fitness 0.8316241
fitness 0.8330797
fitness 0.83360994
fitness 0.8350023
Processing individual 165 for 'tabpfn_fhs'...
fit 0.80507416
fit 0.8204629
fit 0.840713
fit 0.86802673
fit 0.88843274
Total steps: 900
fitness 0.8980166
fitness 0.89844626
fitness 0.8984689
fitness 0.9049845
fitness 0.9078898
fitness 0.90936816
fitness 0.90955323
fitness 0.90984005
fitness 0.9100663
fitness 0.9137582
fitness 0.9157028
fitness 0.91656363
fitness 0.9170146
fitness 0.9171429
Processing individual 166 for 'tabpfn_fhs'...
fit 0.5377096
fit 0.54522884
fit 0.62095124
fit 0.68442994
fit 0.7206269
fit 0.72541875
Total steps: 900
fitness 0.7258576
fitness 0.7290076
fitness 0.75082797
fitness 0.75325614
fitness 0.7542448
fitness 0.7551144
fitness 0.76271117
Processing individual 167 for 'tabpfn_fhs'...
fit 0.8412467
fit 0.85260385
fit 0.86543685
fit 0.89495236
fit 0.90982604
Total steps: 900
fitness 0.92167675
fitness 0.92698836
fitness 0.9278095
fitness 0.933851
fitness 0.9342668
fitness 0.93507403
fitness 0.9355618
fitness 0.940068
fitness 0.9450043
Processing individual 168 for 'tabpfn_fhs'...
fit 0.59786415
fit 0.60760444
fit 0.6569057
fit 0.726312
fit 0.75211114
fit 0.7639266
Total steps: 900
fitness 0.76426226
fitness 0.78210104
fitness 0.7844675
fitness 0.7879416
fitness 0.790728
fitness 0.7959542
fitness 0.80235875
Processing individual 169 for 'tabpfn_fhs'...
fit 0.8254692
fit 0.8949664
fit 0.9154917
fit 0.939113
Total steps: 900
fitness 0.94634867
fitness 0.9511329
fitness 0.95126355
fitness 0.9519116
fitness 0.9557316
fitness 0.9566064
fitness 0.95860654
fitness 0.9586377
fitness 0.9607371
Processing individual 170 for 'tabpfn_fhs'...
fit 0.9274463
fit 0.9425861
fit 0.94909924
fit 0.9617315
fit 0.9651249
Total steps: 900
fitness 0.9701413
fitness 0.9703868
fitness 0.9709771
fitness 0.9730548
fitness 0.9734227
fitness 0.97391367
fitness 0.9746843
fitness 0.97475135
fitness 0.97480124
fitness 0.9751221
fitness 0.97612625
fitness 0.9761447
fitness 0.9763694
Processing individual 171 for 'tabpfn_fhs'...
fit 0.85936606
fit 0.8699735
fit 0.8848174
fit 0.9124186
fit 0.92219734
Total steps: 900
fitness 0.931921
fitness 0.93856245
fitness 0.9385797
fitness 0.9394237
fitness 0.94151825
fitness 0.94618404
fitness 0.9475968
fitness 0.9484652
fitness 0.951059
fitness 0.95107585
fitness 0.9539714
Processing individual 172 for 'tabpfn_fhs'...
fit 0.86113864
fit 0.8941838
fit 0.90612566
fit 0.9342954
fit 0.9348345
fit 0.94202346
Total steps: 900
fitness 0.9429476
fitness 0.95293367
fitness 0.95346135
fitness 0.9543842
fitness 0.9547446
fitness 0.9556688
fitness 0.95574486
fitness 0.9562985
fitness 0.9566268
fitness 0.95672107
fitness 0.9567643
fitness 0.9577383
fitness 0.9580327
Processing individual 173 for 'tabpfn_fhs'...
fit 0.6500596
fit 0.6802057
fit 0.71817154
fit 0.78597796
fit 0.8386612
Total steps: 900
fitness 0.8440094
fitness 0.8471734
fitness 0.85252786
fitness 0.8547631
fitness 0.8587034
fitness 0.86923826
fitness 0.8712983
fitness 0.87589836
fitness 0.8796351
fitness 0.8797967
Processing individual 174 for 'tabpfn_fhs'...
fit 0.85197115
fit 0.8898241
fit 0.9263671
fit 0.94635534
Total steps: 900
fitness 0.950938
fitness 0.9560843
fitness 0.95708287
fitness 0.95994353
fitness 0.95995766
fitness 0.9604708
fitness 0.96215785
fitness 0.9624661
Processing individual 175 for 'tabpfn_fhs'...
fit 0.890967
fit 0.9146107
fit 0.919488
fit 0.93928266
fit 0.9449776
Total steps: 900
fitness 0.9551801
fitness 0.95687306
fitness 0.9569272
fitness 0.9573749
fitness 0.961458
fitness 0.9628291
fitness 0.9646811
fitness 0.96481323
fitness 0.9658169
Processing individual 176 for 'tabpfn_fhs'...
fit 0.8128501
fit 0.8165618
fit 0.8459144
fit 0.874027
fit 0.8933397
Total steps: 900
fitness 0.9019419
fitness 0.9052886
fitness 0.9056349
fitness 0.90681523
fitness 0.90758955
fitness 0.9155991
fitness 0.91648364
fitness 0.91675615
fitness 0.921582
fitness 0.9224879
fitness 0.92372406
Processing individual 177 for 'tabpfn_fhs'...
fit 0.86113864
fit 0.8941838
fit 0.90612566
fit 0.9342954
fit 0.9348345
fit 0.94202346
Total steps: 900
fitness 0.9429476
fitness 0.95293367
fitness 0.95346135
fitness 0.9543842
fitness 0.9547446
fitness 0.9556688
fitness 0.95574486
fitness 0.9562985
fitness 0.9566268
fitness 0.95672107
fitness 0.9567643
fitness 0.9577383
fitness 0.9580327
Processing individual 178 for 'tabpfn_fhs'...
fit 0.9211763
fit 0.94999266
fit 0.95020735
fit 0.964257
fit 0.96784985
Total steps: 900
fitness 0.97198975
fitness 0.9733341
fitness 0.973511
fitness 0.97381973
fitness 0.9742701
fitness 0.97562647
fitness 0.9760531
fitness 0.976917
fitness 0.97693723
fitness 0.97708166
fitness 0.97727776
Processing individual 179 for 'tabpfn_fhs'...
fit 0.77010196
fit 0.80865633
fit 0.8305565
fit 0.8733278
fit 0.8875901
fit 0.8883991
Total steps: 900
fitness 0.89295655
fitness 0.89546025
fitness 0.9000095
fitness 0.9089458
fitness 0.9096755
fitness 0.9100818
fitness 0.9158208
fitness 0.9183989
fitness 0.91983825
fitness 0.9206818
fitness 0.9223917
fitness 0.9235947
Processing individual 180 for 'tabpfn_fhs'...
fit 0.9202457
fit 0.93750525
fit 0.94526845
fit 0.9573938
fit 0.96206766
Total steps: 900
fitness 0.9676397
fitness 0.96771586
fitness 0.96847
fitness 0.9685127
fitness 0.969128
fitness 0.9692755
fitness 0.97134423
fitness 0.9716021
fitness 0.9724589
fitness 0.9730456
fitness 0.9733014
fitness 0.9734873
fitness 0.9737905
fitness 0.9742529
Processing individual 181 for 'tabpfn_fhs'...
fit 0.86927485
fit 0.8793001
fit 0.90263855
fit 0.9256593
fit 0.9298197
Total steps: 900
fitness 0.9341816
fitness 0.9343427
fitness 0.9379157
fitness 0.94068706
fitness 0.94109035
fitness 0.9417609
fitness 0.94558823
fitness 0.94801176
fitness 0.9484377
fitness 0.9493725
fitness 0.9493986
fitness 0.9496091
fitness 0.9499167
Processing individual 182 for 'tabpfn_fhs'...
fit 0.86765116
fit 0.9175147
fit 0.9398754
fit 0.9525454
Total steps: 900
fitness 0.95868045
fitness 0.9590739
fitness 0.9621669
fitness 0.9630491
fitness 0.96509355
fitness 0.9658588
fitness 0.9663545
fitness 0.9671277
fitness 0.96785593
fitness 0.9684692
Processing individual 183 for 'tabpfn_fhs'...
fit 0.79775095
fit 0.8223121
fit 0.8599215
fit 0.86944366
Total steps: 900
fitness 0.8728868
fitness 0.8744848
fitness 0.8774389
fitness 0.8801125
fitness 0.8808368
fitness 0.88246703
fitness 0.88473046
fitness 0.88480663
fitness 0.8894807
fitness 0.8904333
Processing individual 184 for 'tabpfn_fhs'...
fit 0.88034207
fit 0.92752635
fit 0.9463273
fit 0.9563989
Total steps: 900
fitness 0.9618663
fitness 0.9652025
fitness 0.96521634
fitness 0.96585315
fitness 0.96773785
fitness 0.96809995
fitness 0.96880454
fitness 0.96893895
fitness 0.96934843
fitness 0.9706339
fitness 0.97084403
Processing individual 185 for 'tabpfn_fhs'...
fit 0.76761633
fit 0.78202987
fit 0.80913025
fit 0.83206
fit 0.8540772
Total steps: 900
fitness 0.8635496
fitness 0.8669157
fitness 0.86937207
fitness 0.8782695
fitness 0.88167423
fitness 0.88182205
fitness 0.8825496
fitness 0.8829241
fitness 0.88433135
fitness 0.8875469
fitness 0.8876002
fitness 0.88896173
Processing individual 186 for 'tabpfn_fhs'...
fit 0.91319835
fit 0.93424505
fit 0.93887174
fit 0.95474476
fit 0.9589603
Total steps: 900
fitness 0.9651534
fitness 0.9663434
fitness 0.96728355
fitness 0.97002274
fitness 0.9706992
fitness 0.971092
fitness 0.97202307
fitness 0.97233224
fitness 0.97251153
Processing individual 187 for 'tabpfn_fhs'...
fit 0.7913627
fit 0.80257815
fit 0.82976896
fit 0.8554996
fit 0.8768258
Total steps: 900
fitness 0.8875897
fitness 0.8891627
fitness 0.890991
fitness 0.8919043
fitness 0.9024824
fitness 0.9087125
fitness 0.9088051
fitness 0.9093628
Processing individual 188 for 'tabpfn_fhs'...
fit 0.89802164
fit 0.9151979
fit 0.92393154
fit 0.9443066
fit 0.94961226
Total steps: 900
fitness 0.9578856
fitness 0.9597096
fitness 0.9598406
fitness 0.9598664
fitness 0.9604152
fitness 0.963837
fitness 0.9638574
fitness 0.9643127
fitness 0.96580815
fitness 0.9663534
fitness 0.9666778
fitness 0.96706295
fitness 0.967233
Processing individual 189 for 'tabpfn_fhs'...
fit 0.8654448
fit 0.87788194
fit 0.8892452
fit 0.91983813
fit 0.9262094
Total steps: 900
fitness 0.9367356
fitness 0.9420515
fitness 0.94251215
fitness 0.9428887
fitness 0.9433034
fitness 0.9440572
fitness 0.9447426
fitness 0.94941646
fitness 0.951023
fitness 0.95186704
fitness 0.9542511
fitness 0.95427376
fitness 0.9571959
Processing individual 190 for 'tabpfn_fhs'...
fit 0.92859674
fit 0.95416987
fit 0.95711017
fit 0.9667473
fit 0.97014564
Total steps: 900
fitness 0.97416836
fitness 0.9752539
fitness 0.9757596
fitness 0.97626305
fitness 0.977587
fitness 0.97764623
fitness 0.9786225
fitness 0.97862357
Processing individual 191 for 'tabpfn_fhs'...
fit 0.9211763
fit 0.94999266
fit 0.95020735
fit 0.964257
fit 0.96784985
Total steps: 900
fitness 0.97198975
fitness 0.9733341
fitness 0.973511
fitness 0.97381973
fitness 0.9742701
fitness 0.97562647
fitness 0.9760531
fitness 0.976917
fitness 0.97693723
fitness 0.97708166
fitness 0.97727776
Processing individual 192 for 'tabpfn_fhs'...
fit 0.9607078
fit 0.96835494
fit 0.97602695
fit 0.9795455
fit 0.9804619
fit 0.98047817
Total steps: 900
fitness 0.98204505
fitness 0.9822668
fitness 0.9828474
fitness 0.98438597
fitness 0.98505425
fitness 0.98568016
fitness 0.9857001
fitness 0.98572797
Processing individual 193 for 'tabpfn_fhs'...
fit 0.95751125
fit 0.9649937
fit 0.9727624
fit 0.97732246
fit 0.9779881
fit 0.97847795
Total steps: 900
fitness 0.9800244
fitness 0.9801663
fitness 0.9811995
fitness 0.9828375
fitness 0.983537
fitness 0.9841438
fitness 0.984233
fitness 0.98433703
fitness 0.98441124
fitness 0.9844714
fitness 0.98458654
Processing individual 194 for 'tabpfn_fhs'...
fit 0.7804488
fit 0.8500384
fit 0.8852302
fit 0.92133814
Total steps: 900
fitness 0.929352
fitness 0.936173
fitness 0.93625116
fitness 0.9368615
fitness 0.9406772
fitness 0.94247127
fitness 0.9460933
fitness 0.9486226
Processing individual 195 for 'tabpfn_fhs'...
fit 0.92859674
fit 0.95416987
fit 0.95711017
fit 0.9667473
fit 0.97014564
Total steps: 900
fitness 0.97416836
fitness 0.9752539
fitness 0.9757596
fitness 0.97626305
fitness 0.977587
fitness 0.97764623
fitness 0.9786225
fitness 0.97862357
Processing individual 196 for 'tabpfn_fhs'...
fit 0.7913627
fit 0.80257815
fit 0.82976896
fit 0.8554996
fit 0.8768258
Total steps: 900
fitness 0.8875897
fitness 0.8891627
fitness 0.890991
fitness 0.8919043
fitness 0.9024824
fitness 0.9087125
fitness 0.9088051
fitness 0.9093628
Processing individual 197 for 'tabpfn_fhs'...
fit 0.8654448
fit 0.87788194
fit 0.8892452
fit 0.91983813
fit 0.9262094
Total steps: 900
fitness 0.9367356
fitness 0.9420515
fitness 0.94251215
fitness 0.9428887
fitness 0.9433034
fitness 0.9440572
fitness 0.9447426
fitness 0.94941646
fitness 0.951023
fitness 0.95186704
fitness 0.9542511
fitness 0.95427376
fitness 0.9571959
Processing individual 198 for 'tabpfn_fhs'...
fit 0.7612771
fit 0.8295025
fit 0.8734323
fit 0.9129404
Total steps: 900
fitness 0.9242165
fitness 0.9311962
fitness 0.9313266
fitness 0.9362658
fitness 0.9365957
fitness 0.93724394
fitness 0.9407548
fitness 0.9417424
fitness 0.94404954
Processing individual 199 for 'tabpfn_fhs'...
fit 0.7103461
fit 0.74285173
fit 0.76980853
fit 0.77494603
Total steps: 900
fitness 0.77661705
fitness 0.7801391
fitness 0.7807383
fitness 0.78397644
fitness 0.78573394
fitness 0.7860342
fitness 0.78695923
fitness 0.7872248
fitness 0.7886033
fitness 0.7922094
fitness 0.79222256
Processing individual 200 for 'tabpfn_fhs'...
fit 0.9380559
fit 0.9540188
fit 0.96178085
fit 0.9705661
fit 0.97239965
Total steps: 900
fitness 0.9763684
fitness 0.9773581
fitness 0.9776199
fitness 0.9792238
fitness 0.9797429
fitness 0.9797436
fitness 0.9798636
fitness 0.97995704
fitness 0.98003215
fitness 0.9801217
fitness 0.9801507
Processing individual 201 for 'tabpfn_fhs'...
fit 0.66957736
fit 0.7053055
fit 0.7363166
fit 0.78253984
fit 0.8206867
Total steps: 900
fitness 0.83156896
fitness 0.8376627
fitness 0.84225345
fitness 0.8444618
fitness 0.84507716
fitness 0.8451542
fitness 0.84605986
fitness 0.8485182
fitness 0.85023695
fitness 0.85053426
fitness 0.8515566
fitness 0.85333973
fitness 0.8537843
fitness 0.8539818
Processing individual 202 for 'tabpfn_fhs'...
fit 0.90411854
fit 0.9388539
fit 0.9565922
fit 0.96287274
Total steps: 900
fitness 0.967715
fitness 0.96909696
fitness 0.9693903
fitness 0.969471
fitness 0.9702866
fitness 0.97134095
fitness 0.972547
fitness 0.9727569
fitness 0.97280943
fitness 0.9741034
fitness 0.97410756
fitness 0.9742331
fitness 0.97441036
Processing individual 203 for 'tabpfn_fhs'...
fit 0.80771357
fit 0.83045113
fit 0.86677396
fit 0.8775087
Total steps: 900
fitness 0.88259107
fitness 0.88549304
fitness 0.88691676
fitness 0.8894712
fitness 0.8899495
fitness 0.8922321
fitness 0.8924669
fitness 0.89549226
fitness 0.899497
Processing individual 204 for 'tabpfn_fhs'...
fit 0.8838832
fit 0.90219027
fit 0.90979105
fit 0.9352381
fit 0.94152945
Total steps: 900
fitness 0.95103276
fitness 0.9529828
fitness 0.95333356
fitness 0.9542953
fitness 0.9544518
fitness 0.95476115
fitness 0.95872146
fitness 0.9587588
fitness 0.959826
fitness 0.96170664
fitness 0.9622276
fitness 0.9623647
Processing individual 205 for 'tabpfn_fhs'...
fit 0.76785815
fit 0.79054093
fit 0.8239483
fit 0.83025503
Total steps: 900
fitness 0.8329234
fitness 0.83390135
fitness 0.83641505
fitness 0.83762807
fitness 0.8414657
fitness 0.84290636
fitness 0.84386224
fitness 0.84417266
fitness 0.84494454
fitness 0.84827924
fitness 0.848387
fitness 0.84897375
Processing individual 206 for 'tabpfn_fhs'...
fit 0.9481221
fit 0.9583378
fit 0.9674315
fit 0.9728575
fit 0.97480416
Total steps: 900
fitness 0.97839856
fitness 0.9784887
fitness 0.97890276
fitness 0.9807677
fitness 0.9810745
fitness 0.9811847
fitness 0.9816454
fitness 0.98197675
fitness 0.98197895
fitness 0.98208237
Processing individual 207 for 'tabpfn_fhs'...
fit 0.8654448
fit 0.87788194
fit 0.8892452
fit 0.91983813
fit 0.9262094
Total steps: 900
fitness 0.9367356
fitness 0.9420515
fitness 0.94251215
fitness 0.9428887
fitness 0.9433034
fitness 0.9440572
fitness 0.9447426
fitness 0.94941646
fitness 0.951023
fitness 0.95186704
fitness 0.9542511
fitness 0.95427376
fitness 0.9571959
Processing individual 208 for 'tabpfn_fhs'...
fit 0.6157855
fit 0.63283646
fit 0.6779178
fit 0.7417956
fit 0.7726424
fit 0.7742702
Total steps: 900
fitness 0.7755341
fitness 0.77602977
fitness 0.7787231
fitness 0.7978752
fitness 0.801173
fitness 0.805705
fitness 0.8078938
fitness 0.8082559
Processing individual 209 for 'tabpfn_fhs'...
fit 0.84633744
fit 0.85455483
fit 0.8794806
fit 0.9071736
fit 0.9155663
Total steps: 900
fitness 0.9204417
fitness 0.92385626
fitness 0.9241526
fitness 0.9246916
fitness 0.93100166
fitness 0.93456906
fitness 0.93468916
fitness 0.9364047
fitness 0.9364434
fitness 0.93644714
Processing individual 210 for 'tabpfn_fhs'...
fit 0.93229645
fit 0.94831604
fit 0.9539769
fit 0.96394783
fit 0.9681408
Total steps: 900
fitness 0.9726351
fitness 0.9730243
fitness 0.97411877
fitness 0.97542745
fitness 0.9768008
fitness 0.9768879
fitness 0.9772241
fitness 0.97796154
fitness 0.97806025
Processing individual 211 for 'tabpfn_fhs'...
fit 0.7612771
fit 0.8295025
fit 0.8734323
fit 0.9129404
Total steps: 900
fitness 0.9242165
fitness 0.9311962
fitness 0.9313266
fitness 0.9362658
fitness 0.9365957
fitness 0.93724394
fitness 0.9407548
fitness 0.9417424
fitness 0.94404954
Processing individual 212 for 'tabpfn_fhs'...
fit 0.90411854
fit 0.9388539
fit 0.9565922
fit 0.96287274
Total steps: 900
fitness 0.967715
fitness 0.96909696
fitness 0.9693903
fitness 0.969471
fitness 0.9702866
fitness 0.97134095
fitness 0.972547
fitness 0.9727569
fitness 0.97280943
fitness 0.9741034
fitness 0.97410756
fitness 0.9742331
fitness 0.97441036
Processing individual 213 for 'tabpfn_fhs'...
fit 0.91319835
fit 0.93424505
fit 0.93887174
fit 0.95474476
fit 0.9589603
Total steps: 900
fitness 0.9651534
fitness 0.9663434
fitness 0.96728355
fitness 0.97002274
fitness 0.9706992
fitness 0.971092
fitness 0.97202307
fitness 0.97233224
fitness 0.97251153
Processing individual 214 for 'tabpfn_fhs'...
fit 0.95751125
fit 0.9649937
fit 0.9727624
fit 0.97732246
fit 0.9779881
fit 0.97847795
Total steps: 900
fitness 0.9800244
fitness 0.9801663
fitness 0.9811995
fitness 0.9828375
fitness 0.983537
fitness 0.9841438
fitness 0.984233
fitness 0.98433703
fitness 0.98441124
fitness 0.9844714
fitness 0.98458654
Processing individual 215 for 'tabpfn_fhs'...
fit 0.6918329
fit 0.73514146
fit 0.74908745
fit 0.80121976
fit 0.8386952
Total steps: 900
fitness 0.8505958
fitness 0.8551298
fitness 0.8580845
fitness 0.85972846
fitness 0.8629717
fitness 0.86317885
fitness 0.86763
fitness 0.86817175
fitness 0.86855197
fitness 0.8720873
fitness 0.872287
Processing individual 216 for 'tabpfn_fhs'...
fit 0.6157855
fit 0.63283646
fit 0.6779178
fit 0.7417956
fit 0.7726424
fit 0.7742702
Total steps: 900
fitness 0.7755341
fitness 0.77602977
fitness 0.7787231
fitness 0.7978752
fitness 0.801173
fitness 0.805705
fitness 0.8078938
fitness 0.8082559
Processing individual 217 for 'tabpfn_fhs'...
fit 0.9380241
fit 0.9520589
fit 0.95825505
fit 0.9682263
fit 0.97057116
Total steps: 900
fitness 0.9748163
fitness 0.97504264
fitness 0.9753981
fitness 0.9754809
fitness 0.9777496
fitness 0.97837174
fitness 0.9784805
fitness 0.97862816
fitness 0.9787398
fitness 0.9793763
fitness 0.9793891
fitness 0.9793919
Processing individual 218 for 'tabpfn_fhs'...
fit 0.8197266
fit 0.82815516
fit 0.853426
fit 0.88253856
fit 0.8929244
Total steps: 900
fitness 0.89798194
fitness 0.8988894
fitness 0.9017038
fitness 0.90252197
fitness 0.9033576
fitness 0.9044964
fitness 0.90630925
fitness 0.9085971
fitness 0.9095677
fitness 0.9095708
fitness 0.9142436
Processing individual 219 for 'tabpfn_fhs'...
fit 0.7177461
fit 0.7519454
fit 0.7751299
fit 0.82726574
fit 0.8601333
Total steps: 900
fitness 0.8719415
fitness 0.87640095
fitness 0.87750405
fitness 0.8780896
fitness 0.88238126
fitness 0.8830014
fitness 0.88450855
fitness 0.88638955
fitness 0.88757956
Processing individual 220 for 'tabpfn_fhs'...
fit 0.92859674
fit 0.95416987
fit 0.95711017
fit 0.9667473
fit 0.97014564
Total steps: 900
fitness 0.97416836
fitness 0.9752539
fitness 0.9757596
fitness 0.97626305
fitness 0.977587
fitness 0.97764623
fitness 0.9786225
fitness 0.97862357
Processing individual 221 for 'tabpfn_fhs'...
fit 0.72680044
fit 0.79437596
fit 0.844306
fit 0.8850938
Total steps: 900
fitness 0.89863807
fitness 0.9084623
fitness 0.9085713
fitness 0.90937215
fitness 0.9153522
fitness 0.91606617
fitness 0.9162704
fitness 0.91716236
fitness 0.9225842
fitness 0.92261404
fitness 0.9254449
Processing individual 222 for 'tabpfn_fhs'...
fit 0.5414438
fit 0.6019153
fit 0.6838352
fit 0.6954441
fit 0.7077968
Total steps: 900
fitness 0.7083374
fitness 0.70868224
fitness 0.71266794
fitness 0.715869
fitness 0.7177841
fitness 0.73453236
fitness 0.74041957
fitness 0.7423518
fitness 0.74254197
fitness 0.7454761
fitness 0.7480927
fitness 0.74824554
fitness 0.74840057
fitness 0.75484174
fitness 0.7587978
Processing individual 223 for 'tabpfn_fhs'...
fit 0.59341407
fit 0.6258488
fit 0.6736474
fit 0.75398093
fit 0.8011229
Total steps: 900
fitness 0.81005394
fitness 0.8137118
fitness 0.81730884
fitness 0.81811184
fitness 0.826123
fitness 0.83106035
fitness 0.8335177
fitness 0.83425164
fitness 0.83832675
fitness 0.8521977
fitness 0.85225815
Processing individual 224 for 'tabpfn_fhs'...
fit 0.91319835
fit 0.93424505
fit 0.93887174
fit 0.95474476
fit 0.9589603
Total steps: 900
fitness 0.9651534
fitness 0.9663434
fitness 0.96728355
fitness 0.97002274
fitness 0.9706992
fitness 0.971092
fitness 0.97202307
fitness 0.97233224
fitness 0.97251153
Processing individual 225 for 'tabpfn_fhs'...
fit 0.85936606
fit 0.8699735
fit 0.8848174
fit 0.9124186
fit 0.92219734
Total steps: 900
fitness 0.931921
fitness 0.93856245
fitness 0.9385797
fitness 0.9394237
fitness 0.94151825
fitness 0.94618404
fitness 0.9475968
fitness 0.9484652
fitness 0.951059
fitness 0.95107585
fitness 0.9539714
Processing individual 226 for 'tabpfn_fhs'...
fit 0.9527873
fit 0.9635112
fit 0.97012436
fit 0.9752993
fit 0.97593814
fit 0.97630405
Total steps: 900
fitness 0.9780404
fitness 0.97893614
fitness 0.9813001
fitness 0.9821652
fitness 0.9826472
fitness 0.98277456
fitness 0.98289776
fitness 0.9830867
fitness 0.9831778
Processing individual 227 for 'tabpfn_fhs'...
fit 0.85936606
fit 0.8699735
fit 0.8848174
fit 0.9124186
fit 0.92219734
Total steps: 900
fitness 0.931921
fitness 0.93856245
fitness 0.9385797
fitness 0.9394237
fitness 0.94151825
fitness 0.94618404
fitness 0.9475968
fitness 0.9484652
fitness 0.951059
fitness 0.95107585
fitness 0.9539714
Processing individual 228 for 'tabpfn_fhs'...
fit 0.9066963
fit 0.9242564
fit 0.9314254
fit 0.9496732
fit 0.9550705
Total steps: 900
fitness 0.96149075
fitness 0.96262044
fitness 0.962644
fitness 0.9631077
fitness 0.9631598
fitness 0.96327484
fitness 0.96722656
fitness 0.96738833
fitness 0.9677562
fitness 0.96831596
fitness 0.96942747
fitness 0.96945775
fitness 0.969733
fitness 0.96986085
fitness 0.969905
Processing individual 229 for 'tabpfn_fhs'...
fit 0.7799309
fit 0.8018385
fit 0.83764386
fit 0.83783394
fit 0.84684783
Total steps: 900
fitness 0.84896785
fitness 0.851646
fitness 0.85709333
fitness 0.85783476
fitness 0.8585655
fitness 0.861648
fitness 0.86258876
fitness 0.8632657
fitness 0.8637123
fitness 0.8683219
fitness 0.8696922
fitness 0.8697454
Processing individual 230 for 'tabpfn_fhs'...
fit 0.7299979
fit 0.75636196
fit 0.78630126
fit 0.7926421
Total steps: 900
fitness 0.79287577
fitness 0.7946099
fitness 0.7956028
fitness 0.7959366
fitness 0.7987479
fitness 0.80270994
fitness 0.8069395
fitness 0.81369406
fitness 0.81707054
fitness 0.8199681
fitness 0.82044566
fitness 0.822847
Processing individual 231 for 'tabpfn_fhs'...
fit 0.9274463
fit 0.9425861
fit 0.94909924
fit 0.9617315
fit 0.9651249
Total steps: 900
fitness 0.9701413
fitness 0.9703868
fitness 0.9709771
fitness 0.9730548
fitness 0.9734227
fitness 0.97391367
fitness 0.9746843
fitness 0.97475135
fitness 0.97480124
fitness 0.9751221
fitness 0.97612625
fitness 0.9761447
fitness 0.9763694
Processing individual 232 for 'tabpfn_fhs'...
fit 0.8930401
fit 0.93446887
fit 0.95297873
fit 0.960325
Total steps: 900
fitness 0.9648851
fitness 0.9676827
fitness 0.96773785
fitness 0.96788484
fitness 0.96982366
fitness 0.9707498
fitness 0.97102547
fitness 0.9716148
fitness 0.97210956
fitness 0.97212535
fitness 0.9723823
fitness 0.97261685
fitness 0.9726802
Processing individual 233 for 'tabpfn_fhs'...
fit 0.8061231
fit 0.83085036
fit 0.87083226
fit 0.87520355
Total steps: 900
fitness 0.87524676
fitness 0.87868726
fitness 0.87978977
fitness 0.879901
fitness 0.88436806
fitness 0.88552696
fitness 0.8860753
fitness 0.88697195
fitness 0.88733006
fitness 0.89008105
fitness 0.8903466
fitness 0.8910241
fitness 0.8938424
Processing individual 234 for 'tabpfn_fhs'...
fit 0.7204655
fit 0.76134676
fit 0.7754816
fit 0.83254945
fit 0.87933
Total steps: 900
fitness 0.8922507
fitness 0.9009083
fitness 0.90127295
fitness 0.90225166
fitness 0.90257174
fitness 0.9098661
fitness 0.9118953
fitness 0.91257584
fitness 0.91754943
fitness 0.9175496
fitness 0.9197784
Processing individual 235 for 'tabpfn_fhs'...
fit 0.95751125
fit 0.9649937
fit 0.9727624
fit 0.97732246
fit 0.9779881
fit 0.97847795
Total steps: 900
fitness 0.9800244
fitness 0.9801663
fitness 0.9811995
fitness 0.9828375
fitness 0.983537
fitness 0.9841438
fitness 0.984233
fitness 0.98433703
fitness 0.98441124
fitness 0.9844714
fitness 0.98458654
Processing individual 236 for 'tabpfn_fhs'...
fit 0.80507416
fit 0.8204629
fit 0.840713
fit 0.86802673
fit 0.88843274
Total steps: 900
fitness 0.8980166
fitness 0.89844626
fitness 0.8984689
fitness 0.9049845
fitness 0.9078898
fitness 0.90936816
fitness 0.90955323
fitness 0.90984005
fitness 0.9100663
fitness 0.9137582
fitness 0.9157028
fitness 0.91656363
fitness 0.9170146
fitness 0.9171429
Processing individual 237 for 'tabpfn_fhs'...
fit 0.87367237
fit 0.9074617
fit 0.91547114
fit 0.9410857
fit 0.94663197
Total steps: 900
fitness 0.9467646
fitness 0.94736093
fitness 0.95640993
fitness 0.9564482
fitness 0.9564755
fitness 0.9566023
fitness 0.9575116
fitness 0.9582355
fitness 0.95893717
fitness 0.9591937
fitness 0.9593212
fitness 0.959716
fitness 0.96039987
Processing individual 238 for 'tabpfn_fhs'...
fit 0.78771144
fit 0.806882
fit 0.8443694
fit 0.84453446
fit 0.8551195
Total steps: 900
fitness 0.85742664
fitness 0.8591676
fitness 0.8600914
fitness 0.8622315
fitness 0.8633902
fitness 0.86397135
fitness 0.8639905
fitness 0.8657674
fitness 0.8663977
fitness 0.8665046
fitness 0.86656255
fitness 0.8693122
fitness 0.8707839
fitness 0.870849
fitness 0.8708588
fitness 0.8762164
Processing individual 239 for 'tabpfn_fhs'...
fit 0.890967
fit 0.9146107
fit 0.919488
fit 0.93928266
fit 0.9449776
Total steps: 900
fitness 0.9551801
fitness 0.95687306
fitness 0.9569272
fitness 0.9573749
fitness 0.961458
fitness 0.9628291
fitness 0.9646811
fitness 0.96481323
fitness 0.9658169
Processing individual 240 for 'tabpfn_fhs'...
fit 0.8028835
fit 0.85971355
fit 0.89906406
fit 0.9275885
Total steps: 900
fitness 0.93436396
fitness 0.94076514
fitness 0.9416654
fitness 0.94212645
fitness 0.9458703
fitness 0.9470912
fitness 0.94739175
fitness 0.9498243
fitness 0.9498933
fitness 0.95254385
Processing individual 241 for 'tabpfn_fhs'...
fit 0.75964844
fit 0.8169649
fit 0.8637948
fit 0.9073099
Total steps: 900
fitness 0.91735625
fitness 0.92483246
fitness 0.92657167
fitness 0.9277489
fitness 0.9306664
fitness 0.9310727
fitness 0.93111783
fitness 0.9327036
fitness 0.9362428
fitness 0.9367749
fitness 0.939991
Processing individual 242 for 'tabpfn_fhs'...
fit 0.75964844
fit 0.8169649
fit 0.8637948
fit 0.9073099
Total steps: 900
fitness 0.91735625
fitness 0.92483246
fitness 0.92657167
fitness 0.9277489
fitness 0.9306664
fitness 0.9310727
fitness 0.93111783
fitness 0.9327036
fitness 0.9362428
fitness 0.9367749
fitness 0.939991
Processing individual 243 for 'tabpfn_fhs'...
fit 0.7738318
fit 0.79594946
fit 0.83231294
fit 0.8405767
Total steps: 900
fitness 0.84064096
fitness 0.8444931
fitness 0.85247505
fitness 0.85310006
fitness 0.85335743
fitness 0.8537204
fitness 0.8537312
fitness 0.85541755
Processing individual 244 for 'tabpfn_fhs'...
fit 0.93229645
fit 0.94831604
fit 0.9539769
fit 0.96394783
fit 0.9681408
Total steps: 900
fitness 0.9726351
fitness 0.9730243
fitness 0.97411877
fitness 0.97542745
fitness 0.9768008
fitness 0.9768879
fitness 0.9772241
fitness 0.97796154
fitness 0.97806025
Processing individual 245 for 'tabpfn_fhs'...
fit 0.8128501
fit 0.8165618
fit 0.8459144
fit 0.874027
fit 0.8933397
Total steps: 900
fitness 0.9019419
fitness 0.9052886
fitness 0.9056349
fitness 0.90681523
fitness 0.90758955
fitness 0.9155991
fitness 0.91648364
fitness 0.91675615
fitness 0.921582
fitness 0.9224879
fitness 0.92372406
Processing individual 246 for 'tabpfn_fhs'...
fit 0.8028835
fit 0.85971355
fit 0.89906406
fit 0.9275885
Total steps: 900
fitness 0.93436396
fitness 0.94076514
fitness 0.9416654
fitness 0.94212645
fitness 0.9458703
fitness 0.9470912
fitness 0.94739175
fitness 0.9498243
fitness 0.9498933
fitness 0.95254385
Processing individual 247 for 'tabpfn_fhs'...
fit 0.57138234
fit 0.63697386
fit 0.7096371
fit 0.73220855
fit 0.7400053
Total steps: 900
fitness 0.7409668
fitness 0.7464031
fitness 0.7525028
fitness 0.7542417
fitness 0.76922774
fitness 0.769953
fitness 0.7702476
fitness 0.7791009
fitness 0.77919847
Processing individual 248 for 'tabpfn_fhs'...
fit 0.89802164
fit 0.9151979
fit 0.92393154
fit 0.9443066
fit 0.94961226
Total steps: 900
fitness 0.9578856
fitness 0.9597096
fitness 0.9598406
fitness 0.9598664
fitness 0.9604152
fitness 0.963837
fitness 0.9638574
fitness 0.9643127
fitness 0.96580815
fitness 0.9663534
fitness 0.9666778
fitness 0.96706295
fitness 0.967233
Processing individual 249 for 'tabpfn_fhs'...
fit 0.86765116
fit 0.9175147
fit 0.9398754
fit 0.9525454
Total steps: 900
fitness 0.95868045
fitness 0.9590739
fitness 0.9621669
fitness 0.9630491
fitness 0.96509355
fitness 0.9658588
fitness 0.9663545
fitness 0.9671277
fitness 0.96785593
fitness 0.9684692
Processing individual 250 for 'tabpfn_fhs'...
fit 0.9202457
fit 0.93750525
fit 0.94526845
fit 0.9573938
fit 0.96206766
Total steps: 900
fitness 0.9676397
fitness 0.96771586
fitness 0.96847
fitness 0.9685127
fitness 0.969128
fitness 0.9692755
fitness 0.97134423
fitness 0.9716021
fitness 0.9724589
fitness 0.9730456
fitness 0.9733014
fitness 0.9734873
fitness 0.9737905
fitness 0.9742529
Processing individual 251 for 'tabpfn_fhs'...
fit 0.8596258
fit 0.9029674
fit 0.9326874
fit 0.95004994
Total steps: 900
fitness 0.9555979
fitness 0.9592654
fitness 0.9593548
fitness 0.9596266
fitness 0.96266377
fitness 0.9629485
fitness 0.96386755
fitness 0.9645908
fitness 0.96533513
fitness 0.96569383
Processing individual 252 for 'tabpfn_fhs'...
fit 0.8286741
fit 0.8363484
fit 0.858928
fit 0.8906582
fit 0.90109336
Total steps: 900
fitness 0.90569353
fitness 0.90640986
fitness 0.9092127
fitness 0.9107457
fitness 0.91151625
fitness 0.9120996
fitness 0.91536444
fitness 0.9157858
fitness 0.9159123
fitness 0.9172921
fitness 0.9175557
fitness 0.91899854
Processing individual 253 for 'tabpfn_fhs'...
fit 0.9481221
fit 0.9583378
fit 0.9674315
fit 0.9728575
fit 0.97480416
Total steps: 900
fitness 0.97839856
fitness 0.9784887
fitness 0.97890276
fitness 0.9807677
fitness 0.9810745
fitness 0.9811847
fitness 0.9816454
fitness 0.98197675
fitness 0.98197895
fitness 0.98208237
Processing individual 254 for 'tabpfn_fhs'...
fit 0.9432157
fit 0.9542104
fit 0.96409404
fit 0.9704349
fit 0.97247905
Total steps: 900
fitness 0.9766801
fitness 0.97732335
fitness 0.97897875
fitness 0.97969496
fitness 0.9797515
fitness 0.9802863
fitness 0.9804195
fitness 0.9804505
Processing individual 255 for 'tabpfn_fhs'...
fit 0.86765116
fit 0.9175147
fit 0.9398754
fit 0.9525454
Total steps: 900
fitness 0.95868045
fitness 0.9590739
fitness 0.9621669
fitness 0.9630491
fitness 0.96509355
fitness 0.9658588
fitness 0.9663545
fitness 0.9671277
fitness 0.96785593
fitness 0.9684692
Processing individual 256 for 'tabpfn_fhs'...
fit 0.8028835
fit 0.85971355
fit 0.89906406
fit 0.9275885
Total steps: 900
fitness 0.93436396
fitness 0.94076514
fitness 0.9416654
fitness 0.94212645
fitness 0.9458703
fitness 0.9470912
fitness 0.94739175
fitness 0.9498243
fitness 0.9498933
fitness 0.95254385
Processing individual 257 for 'tabpfn_fhs'...
fit 0.6000581
fit 0.627271
fit 0.66512746
fit 0.7330429
fit 0.7886785
Total steps: 900
fitness 0.80302495
fitness 0.8046327
fitness 0.8085115
fitness 0.8251187
fitness 0.8252928
fitness 0.8284532
fitness 0.83540636
fitness 0.83732104
fitness 0.838974
fitness 0.839086
Processing individual 258 for 'tabpfn_fhs'...
fit 0.89802164
fit 0.9151979
fit 0.92393154
fit 0.9443066
fit 0.94961226
Total steps: 900
fitness 0.9578856
fitness 0.9597096
fitness 0.9598406
fitness 0.9598664
fitness 0.9604152
fitness 0.963837
fitness 0.9638574
fitness 0.9643127
fitness 0.96580815
fitness 0.9663534
fitness 0.9666778
fitness 0.96706295
fitness 0.967233
Processing individual 259 for 'tabpfn_fhs'...
fit 0.9066963
fit 0.9242564
fit 0.9314254
fit 0.9496732
fit 0.9550705
Total steps: 900
fitness 0.96149075
fitness 0.96262044
fitness 0.962644
fitness 0.9631077
fitness 0.9631598
fitness 0.96327484
fitness 0.96722656
fitness 0.96738833
fitness 0.9677562
fitness 0.96831596
fitness 0.96942747
fitness 0.96945775
fitness 0.969733
fitness 0.96986085
fitness 0.969905
Processing individual 260 for 'tabpfn_fhs'...
fit 0.9274463
fit 0.9425861
fit 0.94909924
fit 0.9617315
fit 0.9651249
Total steps: 900
fitness 0.9701413
fitness 0.9703868
fitness 0.9709771
fitness 0.9730548
fitness 0.9734227
fitness 0.97391367
fitness 0.9746843
fitness 0.97475135
fitness 0.97480124
fitness 0.9751221
fitness 0.97612625
fitness 0.9761447
fitness 0.9763694
Processing individual 261 for 'tabpfn_fhs'...
fit 0.9432157
fit 0.9542104
fit 0.96409404
fit 0.9704349
fit 0.97247905
Total steps: 900
fitness 0.9766801
fitness 0.97732335
fitness 0.97897875
fitness 0.97969496
fitness 0.9797515
fitness 0.9802863
fitness 0.9804195
fitness 0.9804505
Processing individual 262 for 'tabpfn_fhs'...
fit 0.7913627
fit 0.80257815
fit 0.82976896
fit 0.8554996
fit 0.8768258
Total steps: 900
fitness 0.8875897
fitness 0.8891627
fitness 0.890991
fitness 0.8919043
fitness 0.9024824
fitness 0.9087125
fitness 0.9088051
fitness 0.9093628
Processing individual 263 for 'tabpfn_fhs'...
fit 0.9380241
fit 0.9520589
fit 0.95825505
fit 0.9682263
fit 0.97057116
Total steps: 900
fitness 0.9748163
fitness 0.97504264
fitness 0.9753981
fitness 0.9754809
fitness 0.9777496
fitness 0.97837174
fitness 0.9784805
fitness 0.97862816
fitness 0.9787398
fitness 0.9793763
fitness 0.9793891
fitness 0.9793919
Processing individual 264 for 'tabpfn_fhs'...
fit 0.9202457
fit 0.93750525
fit 0.94526845
fit 0.9573938
fit 0.96206766
Total steps: 900
fitness 0.9676397
fitness 0.96771586
fitness 0.96847
fitness 0.9685127
fitness 0.969128
fitness 0.9692755
fitness 0.97134423
fitness 0.9716021
fitness 0.9724589
fitness 0.9730456
fitness 0.9733014
fitness 0.9734873
fitness 0.9737905
fitness 0.9742529
Processing individual 265 for 'tabpfn_fhs'...
fit 0.6918329
fit 0.73514146
fit 0.74908745
fit 0.80121976
fit 0.8386952
Total steps: 900
fitness 0.8505958
fitness 0.8551298
fitness 0.8580845
fitness 0.85972846
fitness 0.8629717
fitness 0.86317885
fitness 0.86763
fitness 0.86817175
fitness 0.86855197
fitness 0.8720873
fitness 0.872287
Processing individual 266 for 'tabpfn_fhs'...
fit 0.707567
fit 0.77662003
fit 0.82497495
fit 0.8675924
Total steps: 900
fitness 0.8842107
fitness 0.89274603
fitness 0.8962251
fitness 0.8968663
fitness 0.90677094
fitness 0.9080549
fitness 0.91212016
fitness 0.91623044
Processing individual 267 for 'tabpfn_fhs'...
fit 0.8213006
fit 0.8310375
fit 0.84963286
fit 0.87897134
fit 0.8971692
Total steps: 900
fitness 0.9073061
fitness 0.9091075
fitness 0.91236484
fitness 0.92023057
fitness 0.9214947
fitness 0.92564076
fitness 0.9261762
fitness 0.92917436
Processing individual 268 for 'tabpfn_fhs'...
fit 0.75886375
fit 0.7830157
fit 0.81852937
fit 0.82467717
Total steps: 900
fitness 0.8247465
fitness 0.82792944
fitness 0.8286509
fitness 0.8348694
fitness 0.83580613
fitness 0.83596325
fitness 0.8383211
fitness 0.8413023
fitness 0.84213185
Processing individual 269 for 'tabpfn_fhs'...
fit 0.51655155
fit 0.51888275
fit 0.5896591
fit 0.6774213
fit 0.69648975
fit 0.69818246
Total steps: 900
fitness 0.6984919
fitness 0.700182
fitness 0.7004458
fitness 0.70325667
fitness 0.7239176
fitness 0.7333913
fitness 0.73597145
fitness 0.73866415
fitness 0.7436022
fitness 0.7519935
Processing individual 270 for 'tabpfn_fhs'...
fit 0.9066963
fit 0.9242564
fit 0.9314254
fit 0.9496732
fit 0.9550705
Total steps: 900
fitness 0.96149075
fitness 0.96262044
fitness 0.962644
fitness 0.9631077
fitness 0.9631598
fitness 0.96327484
fitness 0.96722656
fitness 0.96738833
fitness 0.9677562
fitness 0.96831596
fitness 0.96942747
fitness 0.96945775
fitness 0.969733
fitness 0.96986085
fitness 0.969905
Processing individual 271 for 'tabpfn_fhs'...
fit 0.85197115
fit 0.8898241
fit 0.9263671
fit 0.94635534
Total steps: 900
fitness 0.950938
fitness 0.9560843
fitness 0.95708287
fitness 0.95994353
fitness 0.95995766
fitness 0.9604708
fitness 0.96215785
fitness 0.9624661
Processing individual 272 for 'tabpfn_fhs'...
fit 0.82727087
fit 0.83806443
fit 0.8548444
fit 0.8845532
fit 0.9031709
Total steps: 900
fitness 0.91180766
fitness 0.9151696
fitness 0.91702545
fitness 0.91855085
fitness 0.92487115
fitness 0.92621154
fitness 0.93084955
fitness 0.93099487
fitness 0.9324144
Processing individual 273 for 'tabpfn_fhs'...
fit 0.58510154
fit 0.5955161
fit 0.65110064
fit 0.72456896
fit 0.74299264
fit 0.7458701
Total steps: 900
fitness 0.7459606
fitness 0.75189835
fitness 0.7549854
fitness 0.7550173
fitness 0.77218187
fitness 0.77404857
fitness 0.77508825
fitness 0.776546
fitness 0.7766472
fitness 0.77813315
fitness 0.78179085
fitness 0.7942214
fitness 0.7977362
Processing individual 274 for 'tabpfn_fhs'...
fit 0.9481221
fit 0.9583378
fit 0.9674315
fit 0.9728575
fit 0.97480416
Total steps: 900
fitness 0.97839856
fitness 0.9784887
fitness 0.97890276
fitness 0.9807677
fitness 0.9810745
fitness 0.9811847
fitness 0.9816454
fitness 0.98197675
fitness 0.98197895
fitness 0.98208237
Processing individual 275 for 'tabpfn_fhs'...
fit 0.7299979
fit 0.75636196
fit 0.78630126
fit 0.7926421
Total steps: 900
fitness 0.79287577
fitness 0.7946099
fitness 0.7956028
fitness 0.7959366
fitness 0.7987479
fitness 0.80270994
fitness 0.8069395
fitness 0.81369406
fitness 0.81707054
fitness 0.8199681
fitness 0.82044566
fitness 0.822847
Processing individual 276 for 'tabpfn_fhs'...
fit 0.82727087
fit 0.83806443
fit 0.8548444
fit 0.8845532
fit 0.9031709
Total steps: 900
fitness 0.91180766
fitness 0.9151696
fitness 0.91702545
fitness 0.91855085
fitness 0.92487115
fitness 0.92621154
fitness 0.93084955
fitness 0.93099487
fitness 0.9324144
Processing individual 277 for 'tabpfn_fhs'...
fit 0.9380241
fit 0.9520589
fit 0.95825505
fit 0.9682263
fit 0.97057116
Total steps: 900
fitness 0.9748163
fitness 0.97504264
fitness 0.9753981
fitness 0.9754809
fitness 0.9777496
fitness 0.97837174
fitness 0.9784805
fitness 0.97862816
fitness 0.9787398
fitness 0.9793763
fitness 0.9793891
fitness 0.9793919
Processing individual 278 for 'tabpfn_fhs'...
fit 0.79421717
fit 0.8187203
fit 0.8517793
fit 0.86258984
Total steps: 900
fitness 0.8658075
fitness 0.86675036
fitness 0.86892
fitness 0.8706071
fitness 0.8746692
fitness 0.8762585
fitness 0.877394
fitness 0.8781405
fitness 0.87851834
fitness 0.88241875
fitness 0.88391185
fitness 0.88653207
fitness 0.8865469
Processing individual 279 for 'tabpfn_fhs'...
fit 0.9490132
fit 0.96336365
fit 0.9692873
fit 0.97583616
fit 0.97749776
Total steps: 900
fitness 0.980652
fitness 0.9811513
fitness 0.98134136
fitness 0.9826001
fitness 0.98349917
fitness 0.9836309
fitness 0.9836946
Processing individual 280 for 'tabpfn_fhs'...
fit 0.7799309
fit 0.8018385
fit 0.83764386
fit 0.83783394
fit 0.84684783
Total steps: 900
fitness 0.84896785
fitness 0.851646
fitness 0.85709333
fitness 0.85783476
fitness 0.8585655
fitness 0.861648
fitness 0.86258876
fitness 0.8632657
fitness 0.8637123
fitness 0.8683219
fitness 0.8696922
fitness 0.8697454
Processing individual 281 for 'tabpfn_fhs'...
fit 0.7990429
fit 0.81331515
fit 0.83704233
fit 0.8608388
fit 0.88235515
Total steps: 900
fitness 0.8938682
fitness 0.8962089
fitness 0.9060643
fitness 0.9079739
fitness 0.9085628
fitness 0.9127368
fitness 0.9131202
fitness 0.91416055
Processing individual 282 for 'tabpfn_fhs'...
fit 0.9481221
fit 0.9583378
fit 0.9674315
fit 0.9728575
fit 0.97480416
Total steps: 900
fitness 0.97839856
fitness 0.9784887
fitness 0.97890276
fitness 0.9807677
fitness 0.9810745
fitness 0.9811847
fitness 0.9816454
fitness 0.98197675
fitness 0.98197895
fitness 0.98208237
Processing individual 283 for 'tabpfn_fhs'...
fit 0.8202472
fit 0.86081016
fit 0.86330193
fit 0.90706885
fit 0.9090937
fit 0.9105833
fit 0.9144914
fit 0.9217153
Total steps: 900
fitness 0.9244397
fitness 0.93512475
fitness 0.93687546
fitness 0.9371824
fitness 0.93788296
fitness 0.9394148
fitness 0.9398969
fitness 0.94161856
fitness 0.942324
fitness 0.9428387
Processing individual 284 for 'tabpfn_fhs'...
fit 0.6707326
fit 0.69862306
fit 0.72609174
Total steps: 900
fitness 0.7297102
fitness 0.7309499
fitness 0.73178744
fitness 0.7323934
fitness 0.7342122
fitness 0.7347895
fitness 0.7385708
fitness 0.7452493
fitness 0.74599946
fitness 0.76180196
fitness 0.7646647
fitness 0.7678537
Processing individual 285 for 'tabpfn_fhs'...
fit 0.9481221
fit 0.9583378
fit 0.9674315
fit 0.9728575
fit 0.97480416
Total steps: 900
fitness 0.97839856
fitness 0.9784887
fitness 0.97890276
fitness 0.9807677
fitness 0.9810745
fitness 0.9811847
fitness 0.9816454
fitness 0.98197675
fitness 0.98197895
fitness 0.98208237
Processing individual 286 for 'tabpfn_fhs'...
fit 0.8122332
fit 0.86598754
fit 0.90875953
fit 0.934042
Total steps: 900
fitness 0.9397152
fitness 0.9470245
fitness 0.950512
fitness 0.9517284
fitness 0.9549842
fitness 0.9550146
fitness 0.95712656
Processing individual 287 for 'tabpfn_fhs'...
fit 0.72680044
fit 0.79437596
fit 0.844306
fit 0.8850938
Total steps: 900
fitness 0.89863807
fitness 0.9084623
fitness 0.9085713
fitness 0.90937215
fitness 0.9153522
fitness 0.91606617
fitness 0.9162704
fitness 0.91716236
fitness 0.9225842
fitness 0.92261404
fitness 0.9254449
Processing individual 288 for 'tabpfn_fhs'...
fit 0.89802164
fit 0.9151979
fit 0.92393154
fit 0.9443066
fit 0.94961226
Total steps: 900
fitness 0.9578856
fitness 0.9597096
fitness 0.9598406
fitness 0.9598664
fitness 0.9604152
fitness 0.963837
fitness 0.9638574
fitness 0.9643127
fitness 0.96580815
fitness 0.9663534
fitness 0.9666778
fitness 0.96706295
fitness 0.967233
Processing individual 289 for 'tabpfn_fhs'...
fit 0.9432157
fit 0.9542104
fit 0.96409404
fit 0.9704349
fit 0.97247905
Total steps: 900
fitness 0.9766801
fitness 0.97732335
fitness 0.97897875
fitness 0.97969496
fitness 0.9797515
fitness 0.9802863
fitness 0.9804195
fitness 0.9804505
Processing individual 290 for 'tabpfn_fhs'...
fit 0.5632684
fit 0.62984604
fit 0.7023251
fit 0.7232759
fit 0.73616076
Total steps: 900
fitness 0.73620975
fitness 0.7386434
fitness 0.7408924
fitness 0.7539017
fitness 0.7572745
fitness 0.7600219
fitness 0.7634783
fitness 0.76953554
fitness 0.771375
fitness 0.7818608
Processing individual 291 for 'tabpfn_fhs'...
fit 0.78771144
fit 0.806882
fit 0.8443694
fit 0.84453446
fit 0.8551195
Total steps: 900
fitness 0.85742664
fitness 0.8591676
fitness 0.8600914
fitness 0.8622315
fitness 0.8633902
fitness 0.86397135
fitness 0.8639905
fitness 0.8657674
fitness 0.8663977
fitness 0.8665046
fitness 0.86656255
fitness 0.8693122
fitness 0.8707839
fitness 0.870849
fitness 0.8708588
fitness 0.8762164
Processing individual 292 for 'tabpfn_fhs'...
fit 0.6500596
fit 0.6802057
fit 0.71817154
fit 0.78597796
fit 0.8386612
Total steps: 900
fitness 0.8440094
fitness 0.8471734
fitness 0.85252786
fitness 0.8547631
fitness 0.8587034
fitness 0.86923826
fitness 0.8712983
fitness 0.87589836
fitness 0.8796351
fitness 0.8797967
Processing individual 293 for 'tabpfn_fhs'...
fit 0.6393403
fit 0.6971933
fit 0.7137615
fit 0.77150464
fit 0.8280371
Total steps: 900
fitness 0.8413803
fitness 0.850211
fitness 0.85280484
fitness 0.86689115
fitness 0.87539345
fitness 0.8756113
Processing individual 294 for 'tabpfn_fhs'...
fit 0.8254692
fit 0.8949664
fit 0.9154917
fit 0.939113
Total steps: 900
fitness 0.94634867
fitness 0.9511329
fitness 0.95126355
fitness 0.9519116
fitness 0.9557316
fitness 0.9566064
fitness 0.95860654
fitness 0.9586377
fitness 0.9607371
Processing individual 295 for 'tabpfn_fhs'...
fit 0.7206241
fit 0.72560036
fit 0.766343
fit 0.7704388
Total steps: 900
fitness 0.77056354
fitness 0.7755266
fitness 0.7755288
fitness 0.78349334
fitness 0.7906528
fitness 0.79272413
fitness 0.7956719
fitness 0.79636484
fitness 0.7976521
Processing individual 296 for 'tabpfn_fhs'...
fit 0.9274463
fit 0.9425861
fit 0.94909924
fit 0.9617315
fit 0.9651249
Total steps: 900
fitness 0.9701413
fitness 0.9703868
fitness 0.9709771
fitness 0.9730548
fitness 0.9734227
fitness 0.97391367
fitness 0.9746843
fitness 0.97475135
fitness 0.97480124
fitness 0.9751221
fitness 0.97612625
fitness 0.9761447
fitness 0.9763694
Processing individual 297 for 'tabpfn_fhs'...
fit 0.7527189
fit 0.8005526
fit 0.8064548
fit 0.859022
fit 0.90104455
Total steps: 900
fitness 0.9105001
fitness 0.9195446
fitness 0.92095995
fitness 0.92497146
fitness 0.92506254
fitness 0.92539686
fitness 0.92898774
fitness 0.9306186
fitness 0.93083555
fitness 0.9313964
Processing individual 298 for 'tabpfn_fhs'...
fit 0.89802164
fit 0.9151979
fit 0.92393154
fit 0.9443066
fit 0.94961226
Total steps: 900
fitness 0.9578856
fitness 0.9597096
fitness 0.9598406
fitness 0.9598664
fitness 0.9604152
fitness 0.963837
fitness 0.9638574
fitness 0.9643127
fitness 0.96580815
fitness 0.9663534
fitness 0.9666778
fitness 0.96706295
fitness 0.967233
Processing individual 299 for 'tabpfn_fhs'...
fit 0.85936606
fit 0.8699735
fit 0.8848174
fit 0.9124186
fit 0.92219734
Total steps: 900
fitness 0.931921
fitness 0.93856245
fitness 0.9385797
fitness 0.9394237
fitness 0.94151825
fitness 0.94618404
fitness 0.9475968
fitness 0.9484652
fitness 0.951059
fitness 0.95107585
fitness 0.9539714
Processing individual 300 for 'tabpfn_fhs'...
fit 0.9432157
fit 0.9542104
fit 0.96409404
fit 0.9704349
fit 0.97247905
Total steps: 900
fitness 0.9766801
fitness 0.97732335
fitness 0.97897875
fitness 0.97969496
fitness 0.9797515
fitness 0.9802863
fitness 0.9804195
fitness 0.9804505
Processing individual 301 for 'tabpfn_fhs'...
fit 0.698558
fit 0.7576725
fit 0.76001596
fit 0.8226913
fit 0.8648384
Total steps: 900
fitness 0.88161373
fitness 0.88657075
fitness 0.8900522
fitness 0.8915059
fitness 0.90081596
fitness 0.9011151
fitness 0.90901697
fitness 0.90906227
Processing individual 302 for 'tabpfn_fhs'...
fit 0.9274463
fit 0.9425861
fit 0.94909924
fit 0.9617315
fit 0.9651249
Total steps: 900
fitness 0.9701413
fitness 0.9703868
fitness 0.9709771
fitness 0.9730548
fitness 0.9734227
fitness 0.97391367
fitness 0.9746843
fitness 0.97475135
fitness 0.97480124
fitness 0.9751221
fitness 0.97612625
fitness 0.9761447
fitness 0.9763694
Processing individual 303 for 'tabpfn_fhs'...
fit 0.8412467
fit 0.85260385
fit 0.86543685
fit 0.89495236
fit 0.90982604
Total steps: 900
fitness 0.92167675
fitness 0.92698836
fitness 0.9278095
fitness 0.933851
fitness 0.9342668
fitness 0.93507403
fitness 0.9355618
fitness 0.940068
fitness 0.9450043
Processing individual 304 for 'tabpfn_fhs'...
fit 0.6393403
fit 0.6971933
fit 0.7137615
fit 0.77150464
fit 0.8280371
Total steps: 900
fitness 0.8413803
fitness 0.850211
fitness 0.85280484
fitness 0.86689115
fitness 0.87539345
fitness 0.8756113
Processing individual 305 for 'tabpfn_fhs'...
fit 0.8028835
fit 0.85971355
fit 0.89906406
fit 0.9275885
Total steps: 900
fitness 0.93436396
fitness 0.94076514
fitness 0.9416654
fitness 0.94212645
fitness 0.9458703
fitness 0.9470912
fitness 0.94739175
fitness 0.9498243
fitness 0.9498933
fitness 0.95254385
Processing individual 306 for 'tabpfn_fhs'...
fit 0.9121996
fit 0.9405233
fit 0.9442806
fit 0.96026313
fit 0.965384
Total steps: 900
fitness 0.9697528
fitness 0.9714207
fitness 0.97217
fitness 0.9725527
fitness 0.9741129
fitness 0.97444564
fitness 0.97578734
fitness 0.9758873
Processing individual 307 for 'tabpfn_fhs'...
fit 0.91319835
fit 0.93424505
fit 0.93887174
fit 0.95474476
fit 0.9589603
Total steps: 900
fitness 0.9651534
fitness 0.9663434
fitness 0.96728355
fitness 0.97002274
fitness 0.9706992
fitness 0.971092
fitness 0.97202307
fitness 0.97233224
fitness 0.97251153
Processing individual 308 for 'tabpfn_fhs'...
fit 0.9668963
fit 0.9727246
fit 0.9805985
fit 0.98324555
fit 0.9834455
fit 0.98375756
Total steps: 900
fitness 0.98491895
fitness 0.9849486
fitness 0.9856554
fitness 0.98711467
fitness 0.9873843
fitness 0.9876176
fitness 0.98787475
fitness 0.9880462
fitness 0.98817736
fitness 0.98820156
Processing individual 309 for 'tabpfn_fhs'...
fit 0.85936606
fit 0.8699735
fit 0.8848174
fit 0.9124186
fit 0.92219734
Total steps: 900
fitness 0.931921
fitness 0.93856245
fitness 0.9385797
fitness 0.9394237
fitness 0.94151825
fitness 0.94618404
fitness 0.9475968
fitness 0.9484652
fitness 0.951059
fitness 0.95107585
fitness 0.9539714
Processing individual 310 for 'tabpfn_fhs'...
fit 0.9481221
fit 0.9583378
fit 0.9674315
fit 0.9728575
fit 0.97480416
Total steps: 900
fitness 0.97839856
fitness 0.9784887
fitness 0.97890276
fitness 0.9807677
fitness 0.9810745
fitness 0.9811847
fitness 0.9816454
fitness 0.98197675
fitness 0.98197895
fitness 0.98208237
Processing individual 311 for 'tabpfn_fhs'...
fit 0.9110693
fit 0.9419114
fit 0.9464209
fit 0.95981693
fit 0.9660278
Total steps: 900
fitness 0.97152925
fitness 0.972079
fitness 0.97220755
fitness 0.9737488
fitness 0.97546935
fitness 0.97548044
fitness 0.975539
fitness 0.97564024
fitness 0.9756455
fitness 0.9759826
Processing individual 312 for 'tabpfn_fhs'...
fit 0.698558
fit 0.7576725
fit 0.76001596
fit 0.8226913
fit 0.8648384
Total steps: 900
fitness 0.88161373
fitness 0.88657075
fitness 0.8900522
fitness 0.8915059
fitness 0.90081596
fitness 0.9011151
fitness 0.90901697
fitness 0.90906227
Processing individual 313 for 'tabpfn_fhs'...
fit 0.7029563
fit 0.74487525
fit 0.7634745
fit 0.81835526
fit 0.85066336
Total steps: 900
fitness 0.8634951
fitness 0.8635446
fitness 0.8657021
fitness 0.865942
fitness 0.8685827
fitness 0.87132424
fitness 0.8729544
fitness 0.87377566
fitness 0.87886745
fitness 0.8788806
fitness 0.88033825
Processing individual 314 for 'tabpfn_fhs'...
fit 0.75964844
fit 0.8169649
fit 0.8637948
fit 0.9073099
Total steps: 900
fitness 0.91735625
fitness 0.92483246
fitness 0.92657167
fitness 0.9277489
fitness 0.9306664
fitness 0.9310727
fitness 0.93111783
fitness 0.9327036
fitness 0.9362428
fitness 0.9367749
fitness 0.939991
Processing individual 315 for 'tabpfn_fhs'...
fit 0.5952373
fit 0.60275674
fit 0.6705251
fit 0.7389441
fit 0.7625535
fit 0.7645019
Total steps: 900
fitness 0.76454353
fitness 0.76973593
fitness 0.776745
fitness 0.7905318
fitness 0.7931122
fitness 0.7937187
fitness 0.80286676
fitness 0.804141
fitness 0.8052501
Processing individual 316 for 'tabpfn_fhs'...
fit 0.87106013
fit 0.88613564
fit 0.89529425
fit 0.9230296
fit 0.931479
Total steps: 900
fitness 0.94167864
fitness 0.94628316
fitness 0.94790703
fitness 0.948501
fitness 0.95356154
fitness 0.9545207
fitness 0.95509934
fitness 0.9572251
fitness 0.9573887
fitness 0.9591614
Processing individual 317 for 'tabpfn_fhs'...
fit 0.84633744
fit 0.85455483
fit 0.8794806
fit 0.9071736
fit 0.9155663
Total steps: 900
fitness 0.9204417
fitness 0.92385626
fitness 0.9241526
fitness 0.9246916
fitness 0.93100166
fitness 0.93456906
fitness 0.93468916
fitness 0.9364047
fitness 0.9364434
fitness 0.93644714
Processing individual 318 for 'tabpfn_fhs'...
fit 0.8213006
fit 0.8310375
fit 0.84963286
fit 0.87897134
fit 0.8971692
Total steps: 900
fitness 0.9073061
fitness 0.9091075
fitness 0.91236484
fitness 0.92023057
fitness 0.9214947
fitness 0.92564076
fitness 0.9261762
fitness 0.92917436
Processing individual 319 for 'tabpfn_fhs'...
fit 0.7612771
fit 0.8295025
fit 0.8734323
fit 0.9129404
Total steps: 900
fitness 0.9242165
fitness 0.9311962
fitness 0.9313266
fitness 0.9362658
fitness 0.9365957
fitness 0.93724394
fitness 0.9407548
fitness 0.9417424
fitness 0.94404954
Processing individual 320 for 'tabpfn_fhs'...
fit 0.8930401
fit 0.93446887
fit 0.95297873
fit 0.960325
Total steps: 900
fitness 0.9648851
fitness 0.9676827
fitness 0.96773785
fitness 0.96788484
fitness 0.96982366
fitness 0.9707498
fitness 0.97102547
fitness 0.9716148
fitness 0.97210956
fitness 0.97212535
fitness 0.9723823
fitness 0.97261685
fitness 0.9726802
Processing individual 321 for 'tabpfn_fhs'...
fit 0.8838832
fit 0.90219027
fit 0.90979105
fit 0.9352381
fit 0.94152945
Total steps: 900
fitness 0.95103276
fitness 0.9529828
fitness 0.95333356
fitness 0.9542953
fitness 0.9544518
fitness 0.95476115
fitness 0.95872146
fitness 0.9587588
fitness 0.959826
fitness 0.96170664
fitness 0.9622276
fitness 0.9623647
Processing individual 322 for 'tabpfn_fhs'...
fit 0.8596258
fit 0.9029674
fit 0.9326874
fit 0.95004994
Total steps: 900
fitness 0.9555979
fitness 0.9592654
fitness 0.9593548
fitness 0.9596266
fitness 0.96266377
fitness 0.9629485
fitness 0.96386755
fitness 0.9645908
fitness 0.96533513
fitness 0.96569383
Processing individual 323 for 'tabpfn_fhs'...
fit 0.62230366
fit 0.66996783
fit 0.6952112
fit 0.7637797
fit 0.8163347
Total steps: 900
fitness 0.8329741
fitness 0.84177023
fitness 0.8510671
fitness 0.8517457
fitness 0.8532636
fitness 0.8542172
fitness 0.8631678
fitness 0.8631958
fitness 0.86474293
Processing individual 324 for 'tabpfn_fhs'...
fit 0.8887667
fit 0.9034133
fit 0.91857773
fit 0.93846166
fit 0.9413138
Total steps: 900
fitness 0.945448
fitness 0.9487368
fitness 0.9523103
fitness 0.9525227
fitness 0.952561
fitness 0.9526305
fitness 0.9531448
fitness 0.9561569
fitness 0.9570466
fitness 0.95748115
fitness 0.95760643
fitness 0.9581625
fitness 0.9587448
fitness 0.95891196
Processing individual 325 for 'tabpfn_fhs'...
fit 0.7804488
fit 0.8500384
fit 0.8852302
fit 0.92133814
Total steps: 900
fitness 0.929352
fitness 0.936173
fitness 0.93625116
fitness 0.9368615
fitness 0.9406772
fitness 0.94247127
fitness 0.9460933
fitness 0.9486226
Processing individual 326 for 'tabpfn_fhs'...
fit 0.9380559
fit 0.9540188
fit 0.96178085
fit 0.9705661
fit 0.97239965
Total steps: 900
fitness 0.9763684
fitness 0.9773581
fitness 0.9776199
fitness 0.9792238
fitness 0.9797429
fitness 0.9797436
fitness 0.9798636
fitness 0.97995704
fitness 0.98003215
fitness 0.9801217
fitness 0.9801507
Processing individual 327 for 'tabpfn_fhs'...
fit 0.7501403
fit 0.7578838
fit 0.79951006
fit 0.8053935
Total steps: 900
fitness 0.8157568
fitness 0.81719464
fitness 0.820393
fitness 0.82580686
fitness 0.82672846
fitness 0.8283728
fitness 0.8320844
fitness 0.8330957
fitness 0.83312035
fitness 0.833816
Processing individual 328 for 'tabpfn_fhs'...
fit 0.80507416
fit 0.8204629
fit 0.840713
fit 0.86802673
fit 0.88843274
Total steps: 900
fitness 0.8980166
fitness 0.89844626
fitness 0.8984689
fitness 0.9049845
fitness 0.9078898
fitness 0.90936816
fitness 0.90955323
fitness 0.90984005
fitness 0.9100663
fitness 0.9137582
fitness 0.9157028
fitness 0.91656363
fitness 0.9170146
fitness 0.9171429
Processing individual 329 for 'tabpfn_fhs'...
fit 0.890967
fit 0.9146107
fit 0.919488
fit 0.93928266
fit 0.9449776
Total steps: 900
fitness 0.9551801
fitness 0.95687306
fitness 0.9569272
fitness 0.9573749
fitness 0.961458
fitness 0.9628291
fitness 0.9646811
fitness 0.96481323
fitness 0.9658169
Processing individual 330 for 'tabpfn_fhs'...
fit 0.6852374
fit 0.71836424
fit 0.7453294
fit 0.8043443
fit 0.8494233
Total steps: 900
fitness 0.8686964
fitness 0.87670195
fitness 0.8778939
fitness 0.8884109
fitness 0.88960516
fitness 0.89683384
fitness 0.8969712
fitness 0.89808166
Processing individual 331 for 'tabpfn_fhs'...
fit 0.8412467
fit 0.85260385
fit 0.86543685
fit 0.89495236
fit 0.90982604
Total steps: 900
fitness 0.92167675
fitness 0.92698836
fitness 0.9278095
fitness 0.933851
fitness 0.9342668
fitness 0.93507403
fitness 0.9355618
fitness 0.940068
fitness 0.9450043
Processing individual 332 for 'tabpfn_fhs'...
fit 0.6884834
fit 0.7320366
fit 0.75072
fit 0.8118992
fit 0.86345637
Total steps: 900
fitness 0.8738565
fitness 0.885367
fitness 0.88962364
fitness 0.8919141
fitness 0.8938157
fitness 0.89491445
fitness 0.89502305
fitness 0.8956213
fitness 0.8956757
fitness 0.89709365
Processing individual 333 for 'tabpfn_fhs'...
fit 0.95751125
fit 0.9649937
fit 0.9727624
fit 0.97732246
fit 0.9779881
fit 0.97847795
Total steps: 900
fitness 0.9800244
fitness 0.9801663
fitness 0.9811995
fitness 0.9828375
fitness 0.983537
fitness 0.9841438
fitness 0.984233
fitness 0.98433703
fitness 0.98441124
fitness 0.9844714
fitness 0.98458654
Processing individual 334 for 'tabpfn_fhs'...
fit 0.746579
fit 0.7886619
fit 0.7934456
fit 0.84777707
fit 0.8929535
Total steps: 900
fitness 0.90523434
fitness 0.91275704
fitness 0.91378075
fitness 0.91557145
fitness 0.91616493
fitness 0.9213224
fitness 0.9214971
fitness 0.9221969
fitness 0.9264945
fitness 0.92652303
fitness 0.9266909
fitness 0.9302813
fitness 0.93043166
Processing individual 335 for 'tabpfn_fhs'...
fit 0.8596258
fit 0.9029674
fit 0.9326874
fit 0.95004994
Total steps: 900
fitness 0.9555979
fitness 0.9592654
fitness 0.9593548
fitness 0.9596266
fitness 0.96266377
fitness 0.9629485
fitness 0.96386755
fitness 0.9645908
fitness 0.96533513
fitness 0.96569383
Processing individual 336 for 'tabpfn_fhs'...
fit 0.7353784
fit 0.7612531
fit 0.7979625
fit 0.80159974
Total steps: 900
fitness 0.8017527
fitness 0.8027581
fitness 0.8045862
fitness 0.8057383
fitness 0.8116174
fitness 0.813099
fitness 0.8136482
fitness 0.81588864
fitness 0.81740457
fitness 0.8176828
fitness 0.8179858
fitness 0.8181937
fitness 0.8186407
fitness 0.8194803
Processing individual 337 for 'tabpfn_fhs'...
fit 0.79775095
fit 0.8223121
fit 0.8599215
fit 0.86944366
Total steps: 900
fitness 0.8728868
fitness 0.8744848
fitness 0.8774389
fitness 0.8801125
fitness 0.8808368
fitness 0.88246703
fitness 0.88473046
fitness 0.88480663
fitness 0.8894807
fitness 0.8904333
Processing individual 338 for 'tabpfn_fhs'...
fit 0.8596258
fit 0.9029674
fit 0.9326874
fit 0.95004994
Total steps: 900
fitness 0.9555979
fitness 0.9592654
fitness 0.9593548
fitness 0.9596266
fitness 0.96266377
fitness 0.9629485
fitness 0.96386755
fitness 0.9645908
fitness 0.96533513
fitness 0.96569383
Processing individual 339 for 'tabpfn_fhs'...
fit 0.9066963
fit 0.9242564
fit 0.9314254
fit 0.9496732
fit 0.9550705
Total steps: 900
fitness 0.96149075
fitness 0.96262044
fitness 0.962644
fitness 0.9631077
fitness 0.9631598
fitness 0.96327484
fitness 0.96722656
fitness 0.96738833
fitness 0.9677562
fitness 0.96831596
fitness 0.96942747
fitness 0.96945775
fitness 0.969733
fitness 0.96986085
fitness 0.969905
Processing individual 340 for 'tabpfn_fhs'...
fit 0.84633744
fit 0.85455483
fit 0.8794806
fit 0.9071736
fit 0.9155663
Total steps: 900
fitness 0.9204417
fitness 0.92385626
fitness 0.9241526
fitness 0.9246916
fitness 0.93100166
fitness 0.93456906
fitness 0.93468916
fitness 0.9364047
fitness 0.9364434
fitness 0.93644714
Processing individual 341 for 'tabpfn_fhs'...
fit 0.9274463
fit 0.9425861
fit 0.94909924
fit 0.9617315
fit 0.9651249
Total steps: 900
fitness 0.9701413
fitness 0.9703868
fitness 0.9709771
fitness 0.9730548
fitness 0.9734227
fitness 0.97391367
fitness 0.9746843
fitness 0.97475135
fitness 0.97480124
fitness 0.9751221
fitness 0.97612625
fitness 0.9761447
fitness 0.9763694
Processing individual 342 for 'tabpfn_fhs'...
fit 0.8930401
fit 0.93446887
fit 0.95297873
fit 0.960325
Total steps: 900
fitness 0.9648851
fitness 0.9676827
fitness 0.96773785
fitness 0.96788484
fitness 0.96982366
fitness 0.9707498
fitness 0.97102547
fitness 0.9716148
fitness 0.97210956
fitness 0.97212535
fitness 0.9723823
fitness 0.97261685
fitness 0.9726802
Processing individual 343 for 'tabpfn_fhs'...
fit 0.9668963
fit 0.9727246
fit 0.9805985
fit 0.98324555
fit 0.9834455
fit 0.98375756
Total steps: 900
fitness 0.98491895
fitness 0.9849486
fitness 0.9856554
fitness 0.98711467
fitness 0.9873843
fitness 0.9876176
fitness 0.98787475
fitness 0.9880462
fitness 0.98817736
fitness 0.98820156
Processing individual 344 for 'tabpfn_fhs'...
fit 0.7299979
fit 0.75636196
fit 0.78630126
fit 0.7926421
Total steps: 900
fitness 0.79287577
fitness 0.7946099
fitness 0.7956028
fitness 0.7959366
fitness 0.7987479
fitness 0.80270994
fitness 0.8069395
fitness 0.81369406
fitness 0.81707054
fitness 0.8199681
fitness 0.82044566
fitness 0.822847
Processing individual 345 for 'tabpfn_fhs'...
fit 0.835081
fit 0.8766554
fit 0.8842395
fit 0.9201068
fit 0.921025
fit 0.9225455
fit 0.92935073
Total steps: 900
fitness 0.93157077
fitness 0.94276524
fitness 0.9429768
fitness 0.94456047
fitness 0.9446629
fitness 0.9458946
fitness 0.94605434
fitness 0.9489935
Processing individual 346 for 'tabpfn_fhs'...
fit 0.87106013
fit 0.88613564
fit 0.89529425
fit 0.9230296
fit 0.931479
Total steps: 900
fitness 0.94167864
fitness 0.94628316
fitness 0.94790703
fitness 0.948501
fitness 0.95356154
fitness 0.9545207
fitness 0.95509934
fitness 0.9572251
fitness 0.9573887
fitness 0.9591614
Processing individual 347 for 'tabpfn_fhs'...
fit 0.68872184
fit 0.70099413
fit 0.7319594
fit 0.73456866
Total steps: 900
fitness 0.7407607
fitness 0.74405324
fitness 0.7443918
fitness 0.7508736
fitness 0.752975
fitness 0.7591949
fitness 0.7618895
fitness 0.76264787
Processing individual 348 for 'tabpfn_fhs'...
fit 0.5952373
fit 0.60275674
fit 0.6705251
fit 0.7389441
fit 0.7625535
fit 0.7645019
Total steps: 900
fitness 0.76454353
fitness 0.76973593
fitness 0.776745
fitness 0.7905318
fitness 0.7931122
fitness 0.7937187
fitness 0.80286676
fitness 0.804141
fitness 0.8052501
Processing individual 349 for 'tabpfn_fhs'...
fit 0.8989236
fit 0.9199469
fit 0.9382648
fit 0.9516881
fit 0.9549582
Total steps: 900
fitness 0.9556808
fitness 0.9557284
fitness 0.96393573
fitness 0.96505296
fitness 0.9650781
fitness 0.96518594
fitness 0.9657538
fitness 0.96615535
fitness 0.96644205
fitness 0.966466
fitness 0.96649
Processing individual 350 for 'tabpfn_fhs'...
fit 0.8838832
fit 0.90219027
fit 0.90979105
fit 0.9352381
fit 0.94152945
Total steps: 900
fitness 0.95103276
fitness 0.9529828
fitness 0.95333356
fitness 0.9542953
fitness 0.9544518
fitness 0.95476115
fitness 0.95872146
fitness 0.9587588
fitness 0.959826
fitness 0.96170664
fitness 0.9622276
fitness 0.9623647
Processing individual 351 for 'tabpfn_fhs'...
fit 0.7612771
fit 0.8295025
fit 0.8734323
fit 0.9129404
Total steps: 900
fitness 0.9242165
fitness 0.9311962
fitness 0.9313266
fitness 0.9362658
fitness 0.9365957
fitness 0.93724394
fitness 0.9407548
fitness 0.9417424
fitness 0.94404954
Processing individual 352 for 'tabpfn_fhs'...
fit 0.91319835
fit 0.93424505
fit 0.93887174
fit 0.95474476
fit 0.9589603
Total steps: 900
fitness 0.9651534
fitness 0.9663434
fitness 0.96728355
fitness 0.97002274
fitness 0.9706992
fitness 0.971092
fitness 0.97202307
fitness 0.97233224
fitness 0.97251153
Processing individual 353 for 'tabpfn_fhs'...
fit 0.7353784
fit 0.7612531
fit 0.7979625
fit 0.80159974
Total steps: 900
fitness 0.8017527
fitness 0.8027581
fitness 0.8045862
fitness 0.8057383
fitness 0.8116174
fitness 0.813099
fitness 0.8136482
fitness 0.81588864
fitness 0.81740457
fitness 0.8176828
fitness 0.8179858
fitness 0.8181937
fitness 0.8186407
fitness 0.8194803
Processing individual 354 for 'tabpfn_fhs'...
fit 0.8412467
fit 0.85260385
fit 0.86543685
fit 0.89495236
fit 0.90982604
Total steps: 900
fitness 0.92167675
fitness 0.92698836
fitness 0.9278095
fitness 0.933851
fitness 0.9342668
fitness 0.93507403
fitness 0.9355618
fitness 0.940068
fitness 0.9450043
Processing individual 355 for 'tabpfn_fhs'...
fit 0.76785815
fit 0.79054093
fit 0.8239483
fit 0.83025503
Total steps: 900
fitness 0.8329234
fitness 0.83390135
fitness 0.83641505
fitness 0.83762807
fitness 0.8414657
fitness 0.84290636
fitness 0.84386224
fitness 0.84417266
fitness 0.84494454
fitness 0.84827924
fitness 0.848387
fitness 0.84897375
Processing individual 356 for 'tabpfn_fhs'...
fit 0.7029563
fit 0.74487525
fit 0.7634745
fit 0.81835526
fit 0.85066336
Total steps: 900
fitness 0.8634951
fitness 0.8635446
fitness 0.8657021
fitness 0.865942
fitness 0.8685827
fitness 0.87132424
fitness 0.8729544
fitness 0.87377566
fitness 0.87886745
fitness 0.8788806
fitness 0.88033825
Processing individual 357 for 'tabpfn_fhs'...
fit 0.85197115
fit 0.8898241
fit 0.9263671
fit 0.94635534
Total steps: 900
fitness 0.950938
fitness 0.9560843
fitness 0.95708287
fitness 0.95994353
fitness 0.95995766
fitness 0.9604708
fitness 0.96215785
fitness 0.9624661
Processing individual 358 for 'tabpfn_fhs'...
fit 0.93229645
fit 0.94831604
fit 0.9539769
fit 0.96394783
fit 0.9681408
Total steps: 900
fitness 0.9726351
fitness 0.9730243
fitness 0.97411877
fitness 0.97542745
fitness 0.9768008
fitness 0.9768879
fitness 0.9772241
fitness 0.97796154
fitness 0.97806025
Processing individual 359 for 'tabpfn_fhs'...
fit 0.93229645
fit 0.94831604
fit 0.9539769
fit 0.96394783
fit 0.9681408
Total steps: 900
fitness 0.9726351
fitness 0.9730243
fitness 0.97411877
fitness 0.97542745
fitness 0.9768008
fitness 0.9768879
fitness 0.9772241
fitness 0.97796154
fitness 0.97806025
Processing individual 360 for 'tabpfn_fhs'...
fit 0.86927485
fit 0.8793001
fit 0.90263855
fit 0.9256593
fit 0.9298197
Total steps: 900
fitness 0.9341816
fitness 0.9343427
fitness 0.9379157
fitness 0.94068706
fitness 0.94109035
fitness 0.9417609
fitness 0.94558823
fitness 0.94801176
fitness 0.9484377
fitness 0.9493725
fitness 0.9493986
fitness 0.9496091
fitness 0.9499167
Processing individual 361 for 'tabpfn_fhs'...
fit 0.75964844
fit 0.8169649
fit 0.8637948
fit 0.9073099
Total steps: 900
fitness 0.91735625
fitness 0.92483246
fitness 0.92657167
fitness 0.9277489
fitness 0.9306664
fitness 0.9310727
fitness 0.93111783
fitness 0.9327036
fitness 0.9362428
fitness 0.9367749
fitness 0.939991
Processing individual 362 for 'tabpfn_fhs'...
fit 0.92859674
fit 0.95416987
fit 0.95711017
fit 0.9667473
fit 0.97014564
Total steps: 900
fitness 0.97416836
fitness 0.9752539
fitness 0.9757596
fitness 0.97626305
fitness 0.977587
fitness 0.97764623
fitness 0.9786225
fitness 0.97862357
Processing individual 363 for 'tabpfn_fhs'...
fit 0.9202457
fit 0.93750525
fit 0.94526845
fit 0.9573938
fit 0.96206766
Total steps: 900
fitness 0.9676397
fitness 0.96771586
fitness 0.96847
fitness 0.9685127
fitness 0.969128
fitness 0.9692755
fitness 0.97134423
fitness 0.9716021
fitness 0.9724589
fitness 0.9730456
fitness 0.9733014
fitness 0.9734873
fitness 0.9737905
fitness 0.9742529
Processing individual 364 for 'tabpfn_fhs'...
fit 0.7527189
fit 0.8005526
fit 0.8064548
fit 0.859022
fit 0.90104455
Total steps: 900
fitness 0.9105001
fitness 0.9195446
fitness 0.92095995
fitness 0.92497146
fitness 0.92506254
fitness 0.92539686
fitness 0.92898774
fitness 0.9306186
fitness 0.93083555
fitness 0.9313964
Processing individual 365 for 'tabpfn_fhs'...
fit 0.890967
fit 0.9146107
fit 0.919488
fit 0.93928266
fit 0.9449776
Total steps: 900
fitness 0.9551801
fitness 0.95687306
fitness 0.9569272
fitness 0.9573749
fitness 0.961458
fitness 0.9628291
fitness 0.9646811
fitness 0.96481323
fitness 0.9658169
Processing individual 366 for 'tabpfn_fhs'...
fit 0.76785815
fit 0.79054093
fit 0.8239483
fit 0.83025503
Total steps: 900
fitness 0.8329234
fitness 0.83390135
fitness 0.83641505
fitness 0.83762807
fitness 0.8414657
fitness 0.84290636
fitness 0.84386224
fitness 0.84417266
fitness 0.84494454
fitness 0.84827924
fitness 0.848387
fitness 0.84897375
Processing individual 367 for 'tabpfn_fhs'...
fit 0.76108986
fit 0.7766297
fit 0.8043804
fit 0.8253402
fit 0.8471351
Total steps: 900
fitness 0.85654306
fitness 0.85834557
fitness 0.8587835
fitness 0.86148053
fitness 0.87292993
fitness 0.876197
fitness 0.8762271
fitness 0.8801423
fitness 0.8816409
fitness 0.88169074
Processing individual 368 for 'tabpfn_fhs'...
fit 0.8838832
fit 0.90219027
fit 0.90979105
fit 0.9352381
fit 0.94152945
Total steps: 900
fitness 0.95103276
fitness 0.9529828
fitness 0.95333356
fitness 0.9542953
fitness 0.9544518
fitness 0.95476115
fitness 0.95872146
fitness 0.9587588
fitness 0.959826
fitness 0.96170664
fitness 0.9622276
fitness 0.9623647
Processing individual 369 for 'tabpfn_fhs'...
fit 0.93229645
fit 0.94831604
fit 0.9539769
fit 0.96394783
fit 0.9681408
Total steps: 900
fitness 0.9726351
fitness 0.9730243
fitness 0.97411877
fitness 0.97542745
fitness 0.9768008
fitness 0.9768879
fitness 0.9772241
fitness 0.97796154
fitness 0.97806025
Processing individual 370 for 'tabpfn_fhs'...
fit 0.88034207
fit 0.92752635
fit 0.9463273
fit 0.9563989
Total steps: 900
fitness 0.9618663
fitness 0.9652025
fitness 0.96521634
fitness 0.96585315
fitness 0.96773785
fitness 0.96809995
fitness 0.96880454
fitness 0.96893895
fitness 0.96934843
fitness 0.9706339
fitness 0.97084403
Processing individual 371 for 'tabpfn_fhs'...
fit 0.8254692
fit 0.8949664
fit 0.9154917
fit 0.939113
Total steps: 900
fitness 0.94634867
fitness 0.9511329
fitness 0.95126355
fitness 0.9519116
fitness 0.9557316
fitness 0.9566064
fitness 0.95860654
fitness 0.9586377
fitness 0.9607371
Processing individual 372 for 'tabpfn_fhs'...
fit 0.87367237
fit 0.9074617
fit 0.91547114
fit 0.9410857
fit 0.94663197
Total steps: 900
fitness 0.9467646
fitness 0.94736093
fitness 0.95640993
fitness 0.9564482
fitness 0.9564755
fitness 0.9566023
fitness 0.9575116
fitness 0.9582355
fitness 0.95893717
fitness 0.9591937
fitness 0.9593212
fitness 0.959716
fitness 0.96039987
Processing individual 373 for 'tabpfn_fhs'...
fit 0.698558
fit 0.7576725
fit 0.76001596
fit 0.8226913
fit 0.8648384
Total steps: 900
fitness 0.88161373
fitness 0.88657075
fitness 0.8900522
fitness 0.8915059
fitness 0.90081596
fitness 0.9011151
fitness 0.90901697
fitness 0.90906227
Processing individual 374 for 'tabpfn_fhs'...
fit 0.9202457
fit 0.93750525
fit 0.94526845
fit 0.9573938
fit 0.96206766
Total steps: 900
fitness 0.9676397
fitness 0.96771586
fitness 0.96847
fitness 0.9685127
fitness 0.969128
fitness 0.9692755
fitness 0.97134423
fitness 0.9716021
fitness 0.9724589
fitness 0.9730456
fitness 0.9733014
fitness 0.9734873
fitness 0.9737905
fitness 0.9742529
Processing individual 375 for 'tabpfn_fhs'...
fit 0.84633744
fit 0.85455483
fit 0.8794806
fit 0.9071736
fit 0.9155663
Total steps: 900
fitness 0.9204417
fitness 0.92385626
fitness 0.9241526
fitness 0.9246916
fitness 0.93100166
fitness 0.93456906
fitness 0.93468916
fitness 0.9364047
fitness 0.9364434
fitness 0.93644714
Processing individual 376 for 'tabpfn_fhs'...
fit 0.74636865
fit 0.7737055
fit 0.80265397
fit 0.8092836
Total steps: 900
fitness 0.81347257
fitness 0.81617206
fitness 0.81835616
fitness 0.8190811
fitness 0.82052964
fitness 0.8248453
fitness 0.82586515
fitness 0.8260992
fitness 0.82627344
fitness 0.82666457
fitness 0.8271171
fitness 0.8273537
fitness 0.82768464
Processing individual 377 for 'tabpfn_fhs'...
fit 0.7204655
fit 0.76134676
fit 0.7754816
fit 0.83254945
fit 0.87933
Total steps: 900
fitness 0.8922507
fitness 0.9009083
fitness 0.90127295
fitness 0.90225166
fitness 0.90257174
fitness 0.9098661
fitness 0.9118953
fitness 0.91257584
fitness 0.91754943
fitness 0.9175496
fitness 0.9197784
Processing individual 378 for 'tabpfn_fhs'...
fit 0.7931635
fit 0.8236501
fit 0.842234
fit 0.888828
fit 0.89552987
fit 0.8992756
fit 0.902699
Total steps: 900
fitness 0.9052947
fitness 0.9139755
fitness 0.91685754
fitness 0.9195752
fitness 0.92407405
fitness 0.9264943
fitness 0.92984724
fitness 0.9313221
fitness 0.93278664
fitness 0.9354916
Processing individual 379 for 'tabpfn_fhs'...
fit 0.8984034
fit 0.90749884
fit 0.9266196
fit 0.9441047
fit 0.9456378
Total steps: 900
fitness 0.9493325
fitness 0.94952464
fitness 0.9527716
fitness 0.95716923
fitness 0.9581182
fitness 0.96052164
fitness 0.96142715
fitness 0.9620466
fitness 0.9620758
fitness 0.9624859
fitness 0.96265686
fitness 0.9628233
Processing individual 380 for 'tabpfn_fhs'...
fit 0.9274463
fit 0.9425861
fit 0.94909924
fit 0.9617315
fit 0.9651249
Total steps: 900
fitness 0.9701413
fitness 0.9703868
fitness 0.9709771
fitness 0.9730548
fitness 0.9734227
fitness 0.97391367
fitness 0.9746843
fitness 0.97475135
fitness 0.97480124
fitness 0.9751221
fitness 0.97612625
fitness 0.9761447
fitness 0.9763694
Processing individual 381 for 'tabpfn_fhs'...
fit 0.9432157
fit 0.9542104
fit 0.96409404
fit 0.9704349
fit 0.97247905
Total steps: 900
fitness 0.9766801
fitness 0.97732335
fitness 0.97897875
fitness 0.97969496
fitness 0.9797515
fitness 0.9802863
fitness 0.9804195
fitness 0.9804505
Processing individual 382 for 'tabpfn_fhs'...
fit 0.9527873
fit 0.9635112
fit 0.97012436
fit 0.9752993
fit 0.97593814
fit 0.97630405
Total steps: 900
fitness 0.9780404
fitness 0.97893614
fitness 0.9813001
fitness 0.9821652
fitness 0.9826472
fitness 0.98277456
fitness 0.98289776
fitness 0.9830867
fitness 0.9831778
Processing individual 383 for 'tabpfn_fhs'...
fit 0.82727087
fit 0.83806443
fit 0.8548444
fit 0.8845532
fit 0.9031709
Total steps: 900
fitness 0.91180766
fitness 0.9151696
fitness 0.91702545
fitness 0.91855085
fitness 0.92487115
fitness 0.92621154
fitness 0.93084955
fitness 0.93099487
fitness 0.9324144
Processing individual 384 for 'tabpfn_fhs'...
fit 0.6918329
fit 0.73514146
fit 0.74908745
fit 0.80121976
fit 0.8386952
Total steps: 900
fitness 0.8505958
fitness 0.8551298
fitness 0.8580845
fitness 0.85972846
fitness 0.8629717
fitness 0.86317885
fitness 0.86763
fitness 0.86817175
fitness 0.86855197
fitness 0.8720873
fitness 0.872287
Processing individual 385 for 'tabpfn_fhs'...
fit 0.9688208
fit 0.9731214
fit 0.9817027
fit 0.9847317
fit 0.98523986
fit 0.9852996
Total steps: 900
fitness 0.9858037
fitness 0.98632824
fitness 0.9866416
fitness 0.98817307
fitness 0.98860717
fitness 0.9890145
fitness 0.9890759
fitness 0.9891173
fitness 0.9894005
Processing individual 386 for 'tabpfn_fhs'...
fit 0.8596258
fit 0.9029674
fit 0.9326874
fit 0.95004994
Total steps: 900
fitness 0.9555979
fitness 0.9592654
fitness 0.9593548
fitness 0.9596266
fitness 0.96266377
fitness 0.9629485
fitness 0.96386755
fitness 0.9645908
fitness 0.96533513
fitness 0.96569383
Processing individual 387 for 'tabpfn_fhs'...
fit 0.8412467
fit 0.85260385
fit 0.86543685
fit 0.89495236
fit 0.90982604
Total steps: 900
fitness 0.92167675
fitness 0.92698836
fitness 0.9278095
fitness 0.933851
fitness 0.9342668
fitness 0.93507403
fitness 0.9355618
fitness 0.940068
fitness 0.9450043
Processing individual 388 for 'tabpfn_fhs'...
fit 0.698558
fit 0.7576725
fit 0.76001596
fit 0.8226913
fit 0.8648384
Total steps: 900
fitness 0.88161373
fitness 0.88657075
fitness 0.8900522
fitness 0.8915059
fitness 0.90081596
fitness 0.9011151
fitness 0.90901697
fitness 0.90906227
Processing individual 389 for 'tabpfn_fhs'...
fit 0.93229645
fit 0.94831604
fit 0.9539769
fit 0.96394783
fit 0.9681408
Total steps: 900
fitness 0.9726351
fitness 0.9730243
fitness 0.97411877
fitness 0.97542745
fitness 0.9768008
fitness 0.9768879
fitness 0.9772241
fitness 0.97796154
fitness 0.97806025
Processing individual 390 for 'tabpfn_fhs'...
fit 0.91319835
fit 0.93424505
fit 0.93887174
fit 0.95474476
fit 0.9589603
Total steps: 900
fitness 0.9651534
fitness 0.9663434
fitness 0.96728355
fitness 0.97002274
fitness 0.9706992
fitness 0.971092
fitness 0.97202307
fitness 0.97233224
fitness 0.97251153
Processing individual 391 for 'tabpfn_fhs'...
fit 0.62230366
fit 0.66996783
fit 0.6952112
fit 0.7637797
fit 0.8163347
Total steps: 900
fitness 0.8329741
fitness 0.84177023
fitness 0.8510671
fitness 0.8517457
fitness 0.8532636
fitness 0.8542172
fitness 0.8631678
fitness 0.8631958
fitness 0.86474293
Processing individual 392 for 'tabpfn_fhs'...
fit 0.87780195
fit 0.88903826
fit 0.91135776
fit 0.9311422
fit 0.9313829
fit 0.9315127
fit 0.9355992
Total steps: 900
fitness 0.9401001
fitness 0.94110096
fitness 0.94392306
fitness 0.9474901
fitness 0.9494705
fitness 0.95214295
fitness 0.95339084
fitness 0.9534869
fitness 0.95393807
fitness 0.954457
fitness 0.9548383
fitness 0.9553788
fitness 0.9554317
Processing individual 393 for 'tabpfn_fhs'...
fit 0.9202457
fit 0.93750525
fit 0.94526845
fit 0.9573938
fit 0.96206766
Total steps: 900
fitness 0.9676397
fitness 0.96771586
fitness 0.96847
fitness 0.9685127
fitness 0.969128
fitness 0.9692755
fitness 0.97134423
fitness 0.9716021
fitness 0.9724589
fitness 0.9730456
fitness 0.9733014
fitness 0.9734873
fitness 0.9737905
fitness 0.9742529
Processing individual 394 for 'tabpfn_fhs'...
fit 0.86927485
fit 0.8793001
fit 0.90263855
fit 0.9256593
fit 0.9298197
Total steps: 900
fitness 0.9341816
fitness 0.9343427
fitness 0.9379157
fitness 0.94068706
fitness 0.94109035
fitness 0.9417609
fitness 0.94558823
fitness 0.94801176
fitness 0.9484377
fitness 0.9493725
fitness 0.9493986
fitness 0.9496091
fitness 0.9499167
Processing individual 395 for 'tabpfn_fhs'...
fit 0.828506
fit 0.8336884
fit 0.8531952
fit 0.88905406
fit 0.896371
Total steps: 900
fitness 0.91398627
fitness 0.9146331
fitness 0.9162888
fitness 0.9188943
fitness 0.9189969
fitness 0.9205025
fitness 0.92364
fitness 0.9282564
fitness 0.92981505
fitness 0.93155795
Processing individual 396 for 'tabpfn_fhs'...
fit 0.8202472
fit 0.86081016
fit 0.86330193
fit 0.90706885
fit 0.9090937
fit 0.9105833
fit 0.9144914
fit 0.9217153
Total steps: 900
fitness 0.9244397
fitness 0.93512475
fitness 0.93687546
fitness 0.9371824
fitness 0.93788296
fitness 0.9394148
fitness 0.9398969
fitness 0.94161856
fitness 0.942324
fitness 0.9428387
Processing individual 397 for 'tabpfn_fhs'...
fit 0.9481221
fit 0.9583378
fit 0.9674315
fit 0.9728575
fit 0.97480416
Total steps: 900
fitness 0.97839856
fitness 0.9784887
fitness 0.97890276
fitness 0.9807677
fitness 0.9810745
fitness 0.9811847
fitness 0.9816454
fitness 0.98197675
fitness 0.98197895
fitness 0.98208237
Processing individual 398 for 'tabpfn_fhs'...
fit 0.8596258
fit 0.9029674
fit 0.9326874
fit 0.95004994
Total steps: 900
fitness 0.9555979
fitness 0.9592654
fitness 0.9593548
fitness 0.9596266
fitness 0.96266377
fitness 0.9629485
fitness 0.96386755
fitness 0.9645908
fitness 0.96533513
fitness 0.96569383
Processing individual 399 for 'tabpfn_fhs'...
fit 0.7353784
fit 0.7612531
fit 0.7979625
fit 0.80159974
Total steps: 900
fitness 0.8017527
fitness 0.8027581
fitness 0.8045862
fitness 0.8057383
fitness 0.8116174
fitness 0.813099
fitness 0.8136482
fitness 0.81588864
fitness 0.81740457
fitness 0.8176828
fitness 0.8179858
fitness 0.8181937
fitness 0.8186407
fitness 0.8194803
Processing individual 400 for 'tabpfn_fhs'...
fit 0.9274463
fit 0.9425861
fit 0.94909924
fit 0.9617315
fit 0.9651249
Total steps: 900
fitness 0.9701413
fitness 0.9703868
fitness 0.9709771
fitness 0.9730548
fitness 0.9734227
fitness 0.97391367
fitness 0.9746843
fitness 0.97475135
fitness 0.97480124
fitness 0.9751221
fitness 0.97612625
fitness 0.9761447
fitness 0.9763694
Processing individual 401 for 'tabpfn_fhs'...
fit 0.9607078
fit 0.96835494
fit 0.97602695
fit 0.9795455
fit 0.9804619
fit 0.98047817
Total steps: 900
fitness 0.98204505
fitness 0.9822668
fitness 0.9828474
fitness 0.98438597
fitness 0.98505425
fitness 0.98568016
fitness 0.9857001
fitness 0.98572797
Processing individual 402 for 'tabpfn_fhs'...
fit 0.7738318
fit 0.79594946
fit 0.83231294
fit 0.8405767
Total steps: 900
fitness 0.84064096
fitness 0.8444931
fitness 0.85247505
fitness 0.85310006
fitness 0.85335743
fitness 0.8537204
fitness 0.8537312
fitness 0.85541755
Processing individual 403 for 'tabpfn_fhs'...
fit 0.8474424
fit 0.86098087
fit 0.8713066
fit 0.90252167
fit 0.9157246
Total steps: 900
fitness 0.9253691
fitness 0.9301013
fitness 0.93125236
fitness 0.9318878
fitness 0.93822265
fitness 0.93925357
fitness 0.9393674
fitness 0.9401937
fitness 0.94352746
fitness 0.9435343
fitness 0.9476709
Processing individual 404 for 'tabpfn_fhs'...
fit 0.9066963
fit 0.9242564
fit 0.9314254
fit 0.9496732
fit 0.9550705
Total steps: 900
fitness 0.96149075
fitness 0.96262044
fitness 0.962644
fitness 0.9631077
fitness 0.9631598
fitness 0.96327484
fitness 0.96722656
fitness 0.96738833
fitness 0.9677562
fitness 0.96831596
fitness 0.96942747
fitness 0.96945775
fitness 0.969733
fitness 0.96986085
fitness 0.969905
Processing individual 405 for 'tabpfn_fhs'...
fit 0.7804488
fit 0.8500384
fit 0.8852302
fit 0.92133814
Total steps: 900
fitness 0.929352
fitness 0.936173
fitness 0.93625116
fitness 0.9368615
fitness 0.9406772
fitness 0.94247127
fitness 0.9460933
fitness 0.9486226
Processing individual 406 for 'tabpfn_fhs'...
fit 0.9527873
fit 0.9635112
fit 0.97012436
fit 0.9752993
fit 0.97593814
fit 0.97630405
Total steps: 900
fitness 0.9780404
fitness 0.97893614
fitness 0.9813001
fitness 0.9821652
fitness 0.9826472
fitness 0.98277456
fitness 0.98289776
fitness 0.9830867
fitness 0.9831778
Processing individual 407 for 'tabpfn_fhs'...
fit 0.9607078
fit 0.96835494
fit 0.97602695
fit 0.9795455
fit 0.9804619
fit 0.98047817
Total steps: 900
fitness 0.98204505
fitness 0.9822668
fitness 0.9828474
fitness 0.98438597
fitness 0.98505425
fitness 0.98568016
fitness 0.9857001
fitness 0.98572797
Processing individual 408 for 'tabpfn_fhs'...
fit 0.8474424
fit 0.86098087
fit 0.8713066
fit 0.90252167
fit 0.9157246
Total steps: 900
fitness 0.9253691
fitness 0.9301013
fitness 0.93125236
fitness 0.9318878
fitness 0.93822265
fitness 0.93925357
fitness 0.9393674
fitness 0.9401937
fitness 0.94352746
fitness 0.9435343
fitness 0.9476709
Processing individual 409 for 'tabpfn_fhs'...
fit 0.890967
fit 0.9146107
fit 0.919488
fit 0.93928266
fit 0.9449776
Total steps: 900
fitness 0.9551801
fitness 0.95687306
fitness 0.9569272
fitness 0.9573749
fitness 0.961458
fitness 0.9628291
fitness 0.9646811
fitness 0.96481323
fitness 0.9658169
Processing individual 410 for 'tabpfn_fhs'...
fit 0.856808
fit 0.8734586
fit 0.8900498
fit 0.9147311
fit 0.9227352
Total steps: 900
fitness 0.9274533
fitness 0.9277846
fitness 0.9309679
fitness 0.9326554
fitness 0.93327
fitness 0.9337156
fitness 0.9340403
fitness 0.93903315
fitness 0.9409369
fitness 0.94099253
fitness 0.9419067
fitness 0.9426233
fitness 0.9429103
fitness 0.9434446
Processing individual 411 for 'tabpfn_fhs'...
fit 0.92859674
fit 0.95416987
fit 0.95711017
fit 0.9667473
fit 0.97014564
Total steps: 900
fitness 0.97416836
fitness 0.9752539
fitness 0.9757596
fitness 0.97626305
fitness 0.977587
fitness 0.97764623
fitness 0.9786225
fitness 0.97862357
Processing individual 412 for 'tabpfn_fhs'...
fit 0.8254692
fit 0.8949664
fit 0.9154917
fit 0.939113
Total steps: 900
fitness 0.94634867
fitness 0.9511329
fitness 0.95126355
fitness 0.9519116
fitness 0.9557316
fitness 0.9566064
fitness 0.95860654
fitness 0.9586377
fitness 0.9607371
Processing individual 413 for 'tabpfn_fhs'...
fit 0.87367237
fit 0.9074617
fit 0.91547114
fit 0.9410857
fit 0.94663197
Total steps: 900
fitness 0.9467646
fitness 0.94736093
fitness 0.95640993
fitness 0.9564482
fitness 0.9564755
fitness 0.9566023
fitness 0.9575116
fitness 0.9582355
fitness 0.95893717
fitness 0.9591937
fitness 0.9593212
fitness 0.959716
fitness 0.96039987
Processing individual 414 for 'tabpfn_fhs'...
fit 0.8028835
fit 0.85971355
fit 0.89906406
fit 0.9275885
Total steps: 900
fitness 0.93436396
fitness 0.94076514
fitness 0.9416654
fitness 0.94212645
fitness 0.9458703
fitness 0.9470912
fitness 0.94739175
fitness 0.9498243
fitness 0.9498933
fitness 0.95254385
Processing individual 415 for 'tabpfn_fhs'...
fit 0.9066963
fit 0.9242564
fit 0.9314254
fit 0.9496732
fit 0.9550705
Total steps: 900
fitness 0.96149075
fitness 0.96262044
fitness 0.962644
fitness 0.9631077
fitness 0.9631598
fitness 0.96327484
fitness 0.96722656
fitness 0.96738833
fitness 0.9677562
fitness 0.96831596
fitness 0.96942747
fitness 0.96945775
fitness 0.969733
fitness 0.96986085
fitness 0.969905
Processing individual 416 for 'tabpfn_fhs'...
fit 0.856808
fit 0.8734586
fit 0.8900498
fit 0.9147311
fit 0.9227352
Total steps: 900
fitness 0.9274533
fitness 0.9277846
fitness 0.9309679
fitness 0.9326554
fitness 0.93327
fitness 0.9337156
fitness 0.9340403
fitness 0.93903315
fitness 0.9409369
fitness 0.94099253
fitness 0.9419067
fitness 0.9426233
fitness 0.9429103
fitness 0.9434446
Processing individual 417 for 'tabpfn_fhs'...
fit 0.9380559
fit 0.9540188
fit 0.96178085
fit 0.9705661
fit 0.97239965
Total steps: 900
fitness 0.9763684
fitness 0.9773581
fitness 0.9776199
fitness 0.9792238
fitness 0.9797429
fitness 0.9797436
fitness 0.9798636
fitness 0.97995704
fitness 0.98003215
fitness 0.9801217
fitness 0.9801507
Processing individual 418 for 'tabpfn_fhs'...
fit 0.8202472
fit 0.86081016
fit 0.86330193
fit 0.90706885
fit 0.9090937
fit 0.9105833
fit 0.9144914
fit 0.9217153
Total steps: 900
fitness 0.9244397
fitness 0.93512475
fitness 0.93687546
fitness 0.9371824
fitness 0.93788296
fitness 0.9394148
fitness 0.9398969
fitness 0.94161856
fitness 0.942324
fitness 0.9428387
Processing individual 419 for 'tabpfn_fhs'...
fit 0.74636865
fit 0.7737055
fit 0.80265397
fit 0.8092836
Total steps: 900
fitness 0.81347257
fitness 0.81617206
fitness 0.81835616
fitness 0.8190811
fitness 0.82052964
fitness 0.8248453
fitness 0.82586515
fitness 0.8260992
fitness 0.82627344
fitness 0.82666457
fitness 0.8271171
fitness 0.8273537
fitness 0.82768464
Processing individual 420 for 'tabpfn_fhs'...
fit 0.7931635
fit 0.8236501
fit 0.842234
fit 0.888828
fit 0.89552987
fit 0.8992756
fit 0.902699
Total steps: 900
fitness 0.9052947
fitness 0.9139755
fitness 0.91685754
fitness 0.9195752
fitness 0.92407405
fitness 0.9264943
fitness 0.92984724
fitness 0.9313221
fitness 0.93278664
fitness 0.9354916
Processing individual 421 for 'tabpfn_fhs'...
fit 0.8197266
fit 0.82815516
fit 0.853426
fit 0.88253856
fit 0.8929244
Total steps: 900
fitness 0.89798194
fitness 0.8988894
fitness 0.9017038
fitness 0.90252197
fitness 0.9033576
fitness 0.9044964
fitness 0.90630925
fitness 0.9085971
fitness 0.9095677
fitness 0.9095708
fitness 0.9142436
Processing individual 422 for 'tabpfn_fhs'...
fit 0.9481221
fit 0.9583378
fit 0.9674315
fit 0.9728575
fit 0.97480416
Total steps: 900
fitness 0.97839856
fitness 0.9784887
fitness 0.97890276
fitness 0.9807677
fitness 0.9810745
fitness 0.9811847
fitness 0.9816454
fitness 0.98197675
fitness 0.98197895
fitness 0.98208237
Processing individual 423 for 'tabpfn_fhs'...
fit 0.83521193
fit 0.84704983
fit 0.8602869
fit 0.8895631
fit 0.90680736
Total steps: 900
fitness 0.91650695
fitness 0.9187918
fitness 0.92071885
fitness 0.92126435
fitness 0.9217477
fitness 0.9290102
fitness 0.929948
fitness 0.93007517
fitness 0.9304449
fitness 0.9346721
fitness 0.9361673
fitness 0.94020694
Processing individual 424 for 'tabpfn_fhs'...
fit 0.7799309
fit 0.8018385
fit 0.83764386
fit 0.83783394
fit 0.84684783
Total steps: 900
fitness 0.84896785
fitness 0.851646
fitness 0.85709333
fitness 0.85783476
fitness 0.8585655
fitness 0.861648
fitness 0.86258876
fitness 0.8632657
fitness 0.8637123
fitness 0.8683219
fitness 0.8696922
fitness 0.8697454
Processing individual 425 for 'tabpfn_fhs'...
fit 0.9066963
fit 0.9242564
fit 0.9314254
fit 0.9496732
fit 0.9550705
Total steps: 900
fitness 0.96149075
fitness 0.96262044
fitness 0.962644
fitness 0.9631077
fitness 0.9631598
fitness 0.96327484
fitness 0.96722656
fitness 0.96738833
fitness 0.9677562
fitness 0.96831596
fitness 0.96942747
fitness 0.96945775
fitness 0.969733
fitness 0.96986085
fitness 0.969905
Processing individual 426 for 'tabpfn_fhs'...
fit 0.91319835
fit 0.93424505
fit 0.93887174
fit 0.95474476
fit 0.9589603
Total steps: 900
fitness 0.9651534
fitness 0.9663434
fitness 0.96728355
fitness 0.97002274
fitness 0.9706992
fitness 0.971092
fitness 0.97202307
fitness 0.97233224
fitness 0.97251153
Processing individual 427 for 'tabpfn_fhs'...
fit 0.7353784
fit 0.7612531
fit 0.7979625
fit 0.80159974
Total steps: 900
fitness 0.8017527
fitness 0.8027581
fitness 0.8045862
fitness 0.8057383
fitness 0.8116174
fitness 0.813099
fitness 0.8136482
fitness 0.81588864
fitness 0.81740457
fitness 0.8176828
fitness 0.8179858
fitness 0.8181937
fitness 0.8186407
fitness 0.8194803
Processing individual 428 for 'tabpfn_fhs'...
fit 0.7299979
fit 0.75636196
fit 0.78630126
fit 0.7926421
Total steps: 900
fitness 0.79287577
fitness 0.7946099
fitness 0.7956028
fitness 0.7959366
fitness 0.7987479
fitness 0.80270994
fitness 0.8069395
fitness 0.81369406
fitness 0.81707054
fitness 0.8199681
fitness 0.82044566
fitness 0.822847
Processing individual 429 for 'tabpfn_fhs'...
fit 0.7299979
fit 0.75636196
fit 0.78630126
fit 0.7926421
Total steps: 900
fitness 0.79287577
fitness 0.7946099
fitness 0.7956028
fitness 0.7959366
fitness 0.7987479
fitness 0.80270994
fitness 0.8069395
fitness 0.81369406
fitness 0.81707054
fitness 0.8199681
fitness 0.82044566
fitness 0.822847
Processing individual 430 for 'tabpfn_fhs'...
fit 0.86765116
fit 0.9175147
fit 0.9398754
fit 0.9525454
Total steps: 900
fitness 0.95868045
fitness 0.9590739
fitness 0.9621669
fitness 0.9630491
fitness 0.96509355
fitness 0.9658588
fitness 0.9663545
fitness 0.9671277
fitness 0.96785593
fitness 0.9684692
Processing individual 431 for 'tabpfn_fhs'...
fit 0.79421717
fit 0.8187203
fit 0.8517793
fit 0.86258984
Total steps: 900
fitness 0.8658075
fitness 0.86675036
fitness 0.86892
fitness 0.8706071
fitness 0.8746692
fitness 0.8762585
fitness 0.877394
fitness 0.8781405
fitness 0.87851834
fitness 0.88241875
fitness 0.88391185
fitness 0.88653207
fitness 0.8865469
Processing individual 432 for 'tabpfn_fhs'...
fit 0.58510154
fit 0.5955161
fit 0.65110064
fit 0.72456896
fit 0.74299264
fit 0.7458701
Total steps: 900
fitness 0.7459606
fitness 0.75189835
fitness 0.7549854
fitness 0.7550173
fitness 0.77218187
fitness 0.77404857
fitness 0.77508825
fitness 0.776546
fitness 0.7766472
fitness 0.77813315
fitness 0.78179085
fitness 0.7942214
fitness 0.7977362
Processing individual 433 for 'tabpfn_fhs'...
fit 0.9380559
fit 0.9540188
fit 0.96178085
fit 0.9705661
fit 0.97239965
Total steps: 900
fitness 0.9763684
fitness 0.9773581
fitness 0.9776199
fitness 0.9792238
fitness 0.9797429
fitness 0.9797436
fitness 0.9798636
fitness 0.97995704
fitness 0.98003215
fitness 0.9801217
fitness 0.9801507
Processing individual 434 for 'tabpfn_fhs'...
fit 0.8197266
fit 0.82815516
fit 0.853426
fit 0.88253856
fit 0.8929244
Total steps: 900
fitness 0.89798194
fitness 0.8988894
fitness 0.9017038
fitness 0.90252197
fitness 0.9033576
fitness 0.9044964
fitness 0.90630925
fitness 0.9085971
fitness 0.9095677
fitness 0.9095708
fitness 0.9142436
Processing individual 435 for 'tabpfn_fhs'...
fit 0.7299979
fit 0.75636196
fit 0.78630126
fit 0.7926421
Total steps: 900
fitness 0.79287577
fitness 0.7946099
fitness 0.7956028
fitness 0.7959366
fitness 0.7987479
fitness 0.80270994
fitness 0.8069395
fitness 0.81369406
fitness 0.81707054
fitness 0.8199681
fitness 0.82044566
fitness 0.822847
Processing individual 436 for 'tabpfn_fhs'...
fit 0.8128501
fit 0.8165618
fit 0.8459144
fit 0.874027
fit 0.8933397
Total steps: 900
fitness 0.9019419
fitness 0.9052886
fitness 0.9056349
fitness 0.90681523
fitness 0.90758955
fitness 0.9155991
fitness 0.91648364
fitness 0.91675615
fitness 0.921582
fitness 0.9224879
fitness 0.92372406
Processing individual 437 for 'tabpfn_fhs'...
fit 0.8474424
fit 0.86098087
fit 0.8713066
fit 0.90252167
fit 0.9157246
Total steps: 900
fitness 0.9253691
fitness 0.9301013
fitness 0.93125236
fitness 0.9318878
fitness 0.93822265
fitness 0.93925357
fitness 0.9393674
fitness 0.9401937
fitness 0.94352746
fitness 0.9435343
fitness 0.9476709
Processing individual 438 for 'tabpfn_fhs'...
fit 0.9481221
fit 0.9583378
fit 0.9674315
fit 0.9728575
fit 0.97480416
Total steps: 900
fitness 0.97839856
fitness 0.9784887
fitness 0.97890276
fitness 0.9807677
fitness 0.9810745
fitness 0.9811847
fitness 0.9816454
fitness 0.98197675
fitness 0.98197895
fitness 0.98208237
Processing individual 439 for 'tabpfn_fhs'...
fit 0.9202457
fit 0.93750525
fit 0.94526845
fit 0.9573938
fit 0.96206766
Total steps: 900
fitness 0.9676397
fitness 0.96771586
fitness 0.96847
fitness 0.9685127
fitness 0.969128
fitness 0.9692755
fitness 0.97134423
fitness 0.9716021
fitness 0.9724589
fitness 0.9730456
fitness 0.9733014
fitness 0.9734873
fitness 0.9737905
fitness 0.9742529
Processing individual 440 for 'tabpfn_fhs'...
fit 0.8122332
fit 0.86598754
fit 0.90875953
fit 0.934042
Total steps: 900
fitness 0.9397152
fitness 0.9470245
fitness 0.950512
fitness 0.9517284
fitness 0.9549842
fitness 0.9550146
fitness 0.95712656
Processing individual 441 for 'tabpfn_fhs'...
fit 0.9380241
fit 0.9520589
fit 0.95825505
fit 0.9682263
fit 0.97057116
Total steps: 900
fitness 0.9748163
fitness 0.97504264
fitness 0.9753981
fitness 0.9754809
fitness 0.9777496
fitness 0.97837174
fitness 0.9784805
fitness 0.97862816
fitness 0.9787398
fitness 0.9793763
fitness 0.9793891
fitness 0.9793919
Processing individual 442 for 'tabpfn_fhs'...
fit 0.8254692
fit 0.8949664
fit 0.9154917
fit 0.939113
Total steps: 900
fitness 0.94634867
fitness 0.9511329
fitness 0.95126355
fitness 0.9519116
fitness 0.9557316
fitness 0.9566064
fitness 0.95860654
fitness 0.9586377
fitness 0.9607371
Processing individual 443 for 'tabpfn_fhs'...
fit 0.890967
fit 0.9146107
fit 0.919488
fit 0.93928266
fit 0.9449776
Total steps: 900
fitness 0.9551801
fitness 0.95687306
fitness 0.9569272
fitness 0.9573749
fitness 0.961458
fitness 0.9628291
fitness 0.9646811
fitness 0.96481323
fitness 0.9658169
Processing individual 444 for 'tabpfn_fhs'...
fit 0.890967
fit 0.9146107
fit 0.919488
fit 0.93928266
fit 0.9449776
Total steps: 900
fitness 0.9551801
fitness 0.95687306
fitness 0.9569272
fitness 0.9573749
fitness 0.961458
fitness 0.9628291
fitness 0.9646811
fitness 0.96481323
fitness 0.9658169
Processing individual 445 for 'tabpfn_fhs'...
fit 0.7527189
fit 0.8005526
fit 0.8064548
fit 0.859022
fit 0.90104455
Total steps: 900
fitness 0.9105001
fitness 0.9195446
fitness 0.92095995
fitness 0.92497146
fitness 0.92506254
fitness 0.92539686
fitness 0.92898774
fitness 0.9306186
fitness 0.93083555
fitness 0.9313964
Processing individual 446 for 'tabpfn_fhs'...
fit 0.80507416
fit 0.8204629
fit 0.840713
fit 0.86802673
fit 0.88843274
Total steps: 900
fitness 0.8980166
fitness 0.89844626
fitness 0.8984689
fitness 0.9049845
fitness 0.9078898
fitness 0.90936816
fitness 0.90955323
fitness 0.90984005
fitness 0.9100663
fitness 0.9137582
fitness 0.9157028
fitness 0.91656363
fitness 0.9170146
fitness 0.9171429
Processing individual 447 for 'tabpfn_fhs'...
fit 0.8128501
fit 0.8165618
fit 0.8459144
fit 0.874027
fit 0.8933397
Total steps: 900
fitness 0.9019419
fitness 0.9052886
fitness 0.9056349
fitness 0.90681523
fitness 0.90758955
fitness 0.9155991
fitness 0.91648364
fitness 0.91675615
fitness 0.921582
fitness 0.9224879
fitness 0.92372406
Processing individual 448 for 'tabpfn_fhs'...
fit 0.9432157
fit 0.9542104
fit 0.96409404
fit 0.9704349
fit 0.97247905
Total steps: 900
fitness 0.9766801
fitness 0.97732335
fitness 0.97897875
fitness 0.97969496
fitness 0.9797515
fitness 0.9802863
fitness 0.9804195
fitness 0.9804505
Processing individual 449 for 'tabpfn_fhs'...
fit 0.8474424
fit 0.86098087
fit 0.8713066
fit 0.90252167
fit 0.9157246
Total steps: 900
fitness 0.9253691
fitness 0.9301013
fitness 0.93125236
fitness 0.9318878
fitness 0.93822265
fitness 0.93925357
fitness 0.9393674
fitness 0.9401937
fitness 0.94352746
fitness 0.9435343
fitness 0.9476709
Processing individual 450 for 'tabpfn_fhs'...
fit 0.9380241
fit 0.9520589
fit 0.95825505
fit 0.9682263
fit 0.97057116
Total steps: 900
fitness 0.9748163
fitness 0.97504264
fitness 0.9753981
fitness 0.9754809
fitness 0.9777496
fitness 0.97837174
fitness 0.9784805
fitness 0.97862816
fitness 0.9787398
fitness 0.9793763
fitness 0.9793891
fitness 0.9793919
Processing individual 451 for 'tabpfn_fhs'...
fit 0.76108986
fit 0.7766297
fit 0.8043804
fit 0.8253402
fit 0.8471351
Total steps: 900
fitness 0.85654306
fitness 0.85834557
fitness 0.8587835
fitness 0.86148053
fitness 0.87292993
fitness 0.876197
fitness 0.8762271
fitness 0.8801423
fitness 0.8816409
fitness 0.88169074
Processing individual 452 for 'tabpfn_fhs'...
fit 0.84633744
fit 0.85455483
fit 0.8794806
fit 0.9071736
fit 0.9155663
Total steps: 900
fitness 0.9204417
fitness 0.92385626
fitness 0.9241526
fitness 0.9246916
fitness 0.93100166
fitness 0.93456906
fitness 0.93468916
fitness 0.9364047
fitness 0.9364434
fitness 0.93644714
Processing individual 453 for 'tabpfn_fhs'...
fit 0.9274463
fit 0.9425861
fit 0.94909924
fit 0.9617315
fit 0.9651249
Total steps: 900
fitness 0.9701413
fitness 0.9703868
fitness 0.9709771
fitness 0.9730548
fitness 0.9734227
fitness 0.97391367
fitness 0.9746843
fitness 0.97475135
fitness 0.97480124
fitness 0.9751221
fitness 0.97612625
fitness 0.9761447
fitness 0.9763694
Processing individual 454 for 'tabpfn_fhs'...
fit 0.6916316
fit 0.71563137
fit 0.74534285
fit 0.74687696
Total steps: 900
fitness 0.7470403
fitness 0.74923384
fitness 0.7502303
fitness 0.7515002
fitness 0.7527943
fitness 0.7534632
fitness 0.7568609
fitness 0.7592609
fitness 0.76426005
fitness 0.7695694
fitness 0.76989275
fitness 0.77699476
fitness 0.77854764
fitness 0.7830446
fitness 0.7830988
Processing individual 455 for 'tabpfn_fhs'...
fit 0.5632684
fit 0.62984604
fit 0.7023251
fit 0.7232759
fit 0.73616076
Total steps: 900
fitness 0.73620975
fitness 0.7386434
fitness 0.7408924
fitness 0.7539017
fitness 0.7572745
fitness 0.7600219
fitness 0.7634783
fitness 0.76953554
fitness 0.771375
fitness 0.7818608
Processing individual 456 for 'tabpfn_fhs'...
fit 0.9481221
fit 0.9583378
fit 0.9674315
fit 0.9728575
fit 0.97480416
Total steps: 900
fitness 0.97839856
fitness 0.9784887
fitness 0.97890276
fitness 0.9807677
fitness 0.9810745
fitness 0.9811847
fitness 0.9816454
fitness 0.98197675
fitness 0.98197895
fitness 0.98208237
Processing individual 457 for 'tabpfn_fhs'...
fit 0.91319835
fit 0.93424505
fit 0.93887174
fit 0.95474476
fit 0.9589603
Total steps: 900
fitness 0.9651534
fitness 0.9663434
fitness 0.96728355
fitness 0.97002274
fitness 0.9706992
fitness 0.971092
fitness 0.97202307
fitness 0.97233224
fitness 0.97251153
Processing individual 458 for 'tabpfn_fhs'...
fit 0.89802164
fit 0.9151979
fit 0.92393154
fit 0.9443066
fit 0.94961226
Total steps: 900
fitness 0.9578856
fitness 0.9597096
fitness 0.9598406
fitness 0.9598664
fitness 0.9604152
fitness 0.963837
fitness 0.9638574
fitness 0.9643127
fitness 0.96580815
fitness 0.9663534
fitness 0.9666778
fitness 0.96706295
fitness 0.967233
Processing individual 459 for 'tabpfn_fhs'...
fit 0.83440286
fit 0.8518698
fit 0.87218136
fit 0.8974251
fit 0.89806384
fit 0.90857893
Total steps: 900
fitness 0.91307265
fitness 0.9141529
fitness 0.9172524
fitness 0.91752636
fitness 0.9176632
fitness 0.91970026
fitness 0.92018294
fitness 0.92199385
fitness 0.9222354
fitness 0.9227488
fitness 0.92396224
fitness 0.9256491
Processing individual 460 for 'tabpfn_fhs'...
fit 0.7204655
fit 0.76134676
fit 0.7754816
fit 0.83254945
fit 0.87933
Total steps: 900
fitness 0.8922507
fitness 0.9009083
fitness 0.90127295
fitness 0.90225166
fitness 0.90257174
fitness 0.9098661
fitness 0.9118953
fitness 0.91257584
fitness 0.91754943
fitness 0.9175496
fitness 0.9197784
Processing individual 461 for 'tabpfn_fhs'...
fit 0.8930401
fit 0.93446887
fit 0.95297873
fit 0.960325
Total steps: 900
fitness 0.9648851
fitness 0.9676827
fitness 0.96773785
fitness 0.96788484
fitness 0.96982366
fitness 0.9707498
fitness 0.97102547
fitness 0.9716148
fitness 0.97210956
fitness 0.97212535
fitness 0.9723823
fitness 0.97261685
fitness 0.9726802
Processing individual 462 for 'tabpfn_fhs'...
fit 0.85936606
fit 0.8699735
fit 0.8848174
fit 0.9124186
fit 0.92219734
Total steps: 900
fitness 0.931921
fitness 0.93856245
fitness 0.9385797
fitness 0.9394237
fitness 0.94151825
fitness 0.94618404
fitness 0.9475968
fitness 0.9484652
fitness 0.951059
fitness 0.95107585
fitness 0.9539714
Processing individual 463 for 'tabpfn_fhs'...
fit 0.88603216
fit 0.9143788
fit 0.9285306
fit 0.9474456
fit 0.95084584
Total steps: 900
fitness 0.9510065
fitness 0.95168245
fitness 0.96066076
fitness 0.96088535
fitness 0.9615434
fitness 0.96156543
fitness 0.96254945
fitness 0.96320194
Processing individual 464 for 'tabpfn_fhs'...
fit 0.7353784
fit 0.7612531
fit 0.7979625
fit 0.80159974
Total steps: 900
fitness 0.8017527
fitness 0.8027581
fitness 0.8045862
fitness 0.8057383
fitness 0.8116174
fitness 0.813099
fitness 0.8136482
fitness 0.81588864
fitness 0.81740457
fitness 0.8176828
fitness 0.8179858
fitness 0.8181937
fitness 0.8186407
fitness 0.8194803
Processing individual 465 for 'tabpfn_fhs'...
fit 0.6048504
fit 0.6705894
fit 0.684219
fit 0.75966424
fit 0.8019832
Total steps: 900
fitness 0.8171567
fitness 0.81926394
fitness 0.82745135
fitness 0.8277565
fitness 0.83966225
fitness 0.8417689
fitness 0.8568779
fitness 0.8570231
Processing individual 466 for 'tabpfn_fhs'...
fit 0.72680044
fit 0.79437596
fit 0.844306
fit 0.8850938
Total steps: 900
fitness 0.89863807
fitness 0.9084623
fitness 0.9085713
fitness 0.90937215
fitness 0.9153522
fitness 0.91606617
fitness 0.9162704
fitness 0.91716236
fitness 0.9225842
fitness 0.92261404
fitness 0.9254449
Processing individual 467 for 'tabpfn_fhs'...
fit 0.9121996
fit 0.9405233
fit 0.9442806
fit 0.96026313
fit 0.965384
Total steps: 900
fitness 0.9697528
fitness 0.9714207
fitness 0.97217
fitness 0.9725527
fitness 0.9741129
fitness 0.97444564
fitness 0.97578734
fitness 0.9758873
Processing individual 468 for 'tabpfn_fhs'...
fit 0.8596258
fit 0.9029674
fit 0.9326874
fit 0.95004994
Total steps: 900
fitness 0.9555979
fitness 0.9592654
fitness 0.9593548
fitness 0.9596266
fitness 0.96266377
fitness 0.9629485
fitness 0.96386755
fitness 0.9645908
fitness 0.96533513
fitness 0.96569383
Processing individual 469 for 'tabpfn_fhs'...
fit 0.890967
fit 0.9146107
fit 0.919488
fit 0.93928266
fit 0.9449776
Total steps: 900
fitness 0.9551801
fitness 0.95687306
fitness 0.9569272
fitness 0.9573749
fitness 0.961458
fitness 0.9628291
fitness 0.9646811
fitness 0.96481323
fitness 0.9658169
Processing individual 470 for 'tabpfn_fhs'...
fit 0.7495018
fit 0.7535785
fit 0.7856295
fit 0.80872566
fit 0.8289642
Total steps: 900
fitness 0.8394371
fitness 0.8423111
fitness 0.8440622
fitness 0.84512544
fitness 0.85777134
fitness 0.8592422
fitness 0.85996175
fitness 0.8601843
fitness 0.86162436
fitness 0.86479235
fitness 0.8671265
fitness 0.86713904
fitness 0.86936796
Processing individual 471 for 'tabpfn_fhs'...
fit 0.87926656
fit 0.89233136
fit 0.9015607
fit 0.9292446
fit 0.9349734
Total steps: 900
fitness 0.9453737
fitness 0.9503341
fitness 0.9507191
fitness 0.95150864
fitness 0.9571352
fitness 0.95738953
fitness 0.9596527
fitness 0.95966953
fitness 0.9623973
Processing individual 472 for 'tabpfn_fhs'...
fit 0.96383095
fit 0.96961224
fit 0.9786457
fit 0.98177034
fit 0.98187786
fit 0.982159
Total steps: 900
fitness 0.98351574
fitness 0.9838613
fitness 0.98426944
fitness 0.9859202
fitness 0.9865289
fitness 0.98694855
fitness 0.98712206
fitness 0.98714286
fitness 0.9872365
Processing individual 473 for 'tabpfn_fhs'...
fit 0.9481221
fit 0.9583378
fit 0.9674315
fit 0.9728575
fit 0.97480416
Total steps: 900
fitness 0.97839856
fitness 0.9784887
fitness 0.97890276
fitness 0.9807677
fitness 0.9810745
fitness 0.9811847
fitness 0.9816454
fitness 0.98197675
fitness 0.98197895
fitness 0.98208237
Processing individual 474 for 'tabpfn_fhs'...
fit 0.7206241
fit 0.72560036
fit 0.766343
fit 0.7704388
Total steps: 900
fitness 0.77056354
fitness 0.7755266
fitness 0.7755288
fitness 0.78349334
fitness 0.7906528
fitness 0.79272413
fitness 0.7956719
fitness 0.79636484
fitness 0.7976521
Processing individual 475 for 'tabpfn_fhs'...
fit 0.66957736
fit 0.7053055
fit 0.7363166
fit 0.78253984
fit 0.8206867
Total steps: 900
fitness 0.83156896
fitness 0.8376627
fitness 0.84225345
fitness 0.8444618
fitness 0.84507716
fitness 0.8451542
fitness 0.84605986
fitness 0.8485182
fitness 0.85023695
fitness 0.85053426
fitness 0.8515566
fitness 0.85333973
fitness 0.8537843
fitness 0.8539818
Processing individual 476 for 'tabpfn_fhs'...
fit 0.9380241
fit 0.9520589
fit 0.95825505
fit 0.9682263
fit 0.97057116
Total steps: 900
fitness 0.9748163
fitness 0.97504264
fitness 0.9753981
fitness 0.9754809
fitness 0.9777496
fitness 0.97837174
fitness 0.9784805
fitness 0.97862816
fitness 0.9787398
fitness 0.9793763
fitness 0.9793891
fitness 0.9793919
Processing individual 477 for 'tabpfn_fhs'...
fit 0.9274463
fit 0.9425861
fit 0.94909924
fit 0.9617315
fit 0.9651249
Total steps: 900
fitness 0.9701413
fitness 0.9703868
fitness 0.9709771
fitness 0.9730548
fitness 0.9734227
fitness 0.97391367
fitness 0.9746843
fitness 0.97475135
fitness 0.97480124
fitness 0.9751221
fitness 0.97612625
fitness 0.9761447
fitness 0.9763694
Processing individual 478 for 'tabpfn_fhs'...
fit 0.9066963
fit 0.9242564
fit 0.9314254
fit 0.9496732
fit 0.9550705
Total steps: 900
fitness 0.96149075
fitness 0.96262044
fitness 0.962644
fitness 0.9631077
fitness 0.9631598
fitness 0.96327484
fitness 0.96722656
fitness 0.96738833
fitness 0.9677562
fitness 0.96831596
fitness 0.96942747
fitness 0.96945775
fitness 0.969733
fitness 0.96986085
fitness 0.969905
Processing individual 479 for 'tabpfn_fhs'...
fit 0.8197266
fit 0.82815516
fit 0.853426
fit 0.88253856
fit 0.8929244
Total steps: 900
fitness 0.89798194
fitness 0.8988894
fitness 0.9017038
fitness 0.90252197
fitness 0.9033576
fitness 0.9044964
fitness 0.90630925
fitness 0.9085971
fitness 0.9095677
fitness 0.9095708
fitness 0.9142436
Processing individual 480 for 'tabpfn_fhs'...
fit 0.87367237
fit 0.9074617
fit 0.91547114
fit 0.9410857
fit 0.94663197
Total steps: 900
fitness 0.9467646
fitness 0.94736093
fitness 0.95640993
fitness 0.9564482
fitness 0.9564755
fitness 0.9566023
fitness 0.9575116
fitness 0.9582355
fitness 0.95893717
fitness 0.9591937
fitness 0.9593212
fitness 0.959716
fitness 0.96039987
Processing individual 481 for 'tabpfn_fhs'...
fit 0.6775191
fit 0.71630806
fit 0.73915553
fit 0.7924973
fit 0.83304083
Total steps: 900
fitness 0.8391426
fitness 0.8469159
fitness 0.8482604
fitness 0.8512318
fitness 0.8539256
fitness 0.85443103
fitness 0.8552587
fitness 0.8569601
fitness 0.8577943
fitness 0.8623586
fitness 0.8633448
fitness 0.86372435
Processing individual 482 for 'tabpfn_fhs'...
fit 0.7103461
fit 0.74285173
fit 0.76980853
fit 0.77494603
Total steps: 900
fitness 0.77661705
fitness 0.7801391
fitness 0.7807383
fitness 0.78397644
fitness 0.78573394
fitness 0.7860342
fitness 0.78695923
fitness 0.7872248
fitness 0.7886033
fitness 0.7922094
fitness 0.79222256
Processing individual 483 for 'tabpfn_fhs'...
fit 0.78654957
fit 0.7967354
fit 0.8242494
fit 0.8477201
fit 0.8705212
Total steps: 900
fitness 0.8790979
fitness 0.88041556
fitness 0.8826909
fitness 0.8830107
fitness 0.8904
fitness 0.89396566
fitness 0.8951002
fitness 0.89620554
fitness 0.8989867
fitness 0.9008681
fitness 0.90253067
Processing individual 484 for 'tabpfn_fhs'...
fit 0.87106013
fit 0.88613564
fit 0.89529425
fit 0.9230296
fit 0.931479
Total steps: 900
fitness 0.94167864
fitness 0.94628316
fitness 0.94790703
fitness 0.948501
fitness 0.95356154
fitness 0.9545207
fitness 0.95509934
fitness 0.9572251
fitness 0.9573887
fitness 0.9591614
Processing individual 485 for 'tabpfn_fhs'...
fit 0.7738318
fit 0.79594946
fit 0.83231294
fit 0.8405767
Total steps: 900
fitness 0.84064096
fitness 0.8444931
fitness 0.85247505
fitness 0.85310006
fitness 0.85335743
fitness 0.8537204
fitness 0.8537312
fitness 0.85541755
Processing individual 486 for 'tabpfn_fhs'...
fit 0.7204655
fit 0.76134676
fit 0.7754816
fit 0.83254945
fit 0.87933
Total steps: 900
fitness 0.8922507
fitness 0.9009083
fitness 0.90127295
fitness 0.90225166
fitness 0.90257174
fitness 0.9098661
fitness 0.9118953
fitness 0.91257584
fitness 0.91754943
fitness 0.9175496
fitness 0.9197784
Processing individual 487 for 'tabpfn_fhs'...
fit 0.80771357
fit 0.83045113
fit 0.86677396
fit 0.8775087
Total steps: 900
fitness 0.88259107
fitness 0.88549304
fitness 0.88691676
fitness 0.8894712
fitness 0.8899495
fitness 0.8922321
fitness 0.8924669
fitness 0.89549226
fitness 0.899497
Processing individual 488 for 'tabpfn_fhs'...
fit 0.93229645
fit 0.94831604
fit 0.9539769
fit 0.96394783
fit 0.9681408
Total steps: 900
fitness 0.9726351
fitness 0.9730243
fitness 0.97411877
fitness 0.97542745
fitness 0.9768008
fitness 0.9768879
fitness 0.9772241
fitness 0.97796154
fitness 0.97806025
Processing individual 489 for 'tabpfn_fhs'...
fit 0.8838832
fit 0.90219027
fit 0.90979105
fit 0.9352381
fit 0.94152945
Total steps: 900
fitness 0.95103276
fitness 0.9529828
fitness 0.95333356
fitness 0.9542953
fitness 0.9544518
fitness 0.95476115
fitness 0.95872146
fitness 0.9587588
fitness 0.959826
fitness 0.96170664
fitness 0.9622276
fitness 0.9623647
Processing individual 490 for 'tabpfn_fhs'...
fit 0.7808536
fit 0.7849901
fit 0.8165316
fit 0.8391607
fit 0.8631942
Total steps: 900
fitness 0.87306345
fitness 0.8749551
fitness 0.8766433
fitness 0.8847551
fitness 0.8892695
fitness 0.88992846
fitness 0.89041585
fitness 0.89352643
fitness 0.89580834
fitness 0.89607346
fitness 0.8960841
fitness 0.8971318
Processing individual 491 for 'tabpfn_fhs'...
fit 0.6127745
fit 0.6475247
fit 0.67815906
fit 0.7578387
fit 0.7991402
Total steps: 900
fitness 0.80708694
fitness 0.8094127
fitness 0.80951226
fitness 0.81207585
fitness 0.8126763
fitness 0.8378068
fitness 0.84193194
fitness 0.84485877
fitness 0.8451645
fitness 0.8501697
fitness 0.8519196
Processing individual 492 for 'tabpfn_fhs'...
fit 0.8654448
fit 0.87788194
fit 0.8892452
fit 0.91983813
fit 0.9262094
Total steps: 900
fitness 0.9367356
fitness 0.9420515
fitness 0.94251215
fitness 0.9428887
fitness 0.9433034
fitness 0.9440572
fitness 0.9447426
fitness 0.94941646
fitness 0.951023
fitness 0.95186704
fitness 0.9542511
fitness 0.95427376
fitness 0.9571959
Processing individual 493 for 'tabpfn_fhs'...
fit 0.812226
fit 0.8193253
fit 0.8418014
fit 0.87479126
fit 0.8858651
Total steps: 900
fitness 0.88961446
fitness 0.89007294
fitness 0.894693
fitness 0.89679873
fitness 0.897787
fitness 0.90115887
fitness 0.9023826
fitness 0.9030494
fitness 0.9041946
Processing individual 494 for 'tabpfn_fhs'...
fit 0.8474424
fit 0.86098087
fit 0.8713066
fit 0.90252167
fit 0.9157246
Total steps: 900
fitness 0.9253691
fitness 0.9301013
fitness 0.93125236
fitness 0.9318878
fitness 0.93822265
fitness 0.93925357
fitness 0.9393674
fitness 0.9401937
fitness 0.94352746
fitness 0.9435343
fitness 0.9476709
Processing individual 495 for 'tabpfn_fhs'...
fit 0.7102839
fit 0.7331669
fit 0.7623069
fit 0.76576096
Total steps: 900
fitness 0.76576966
fitness 0.7665466
fitness 0.76668763
fitness 0.7703721
fitness 0.7728027
fitness 0.7754704
fitness 0.77648056
fitness 0.7792029
fitness 0.78239024
fitness 0.7841065
fitness 0.78502595
Processing individual 496 for 'tabpfn_fhs'...
fit 0.93229645
fit 0.94831604
fit 0.9539769
fit 0.96394783
fit 0.9681408
Total steps: 900
fitness 0.9726351
fitness 0.9730243
fitness 0.97411877
fitness 0.97542745
fitness 0.9768008
fitness 0.9768879
fitness 0.9772241
fitness 0.97796154
fitness 0.97806025
Processing individual 497 for 'tabpfn_fhs'...
fit 0.7931635
fit 0.8236501
fit 0.842234
fit 0.888828
fit 0.89552987
fit 0.8992756
fit 0.902699
Total steps: 900
fitness 0.9052947
fitness 0.9139755
fitness 0.91685754
fitness 0.9195752
fitness 0.92407405
fitness 0.9264943
fitness 0.92984724
fitness 0.9313221
fitness 0.93278664
fitness 0.9354916
Processing individual 498 for 'tabpfn_fhs'...
fit 0.90411854
fit 0.9388539
fit 0.9565922
fit 0.96287274
Total steps: 900
fitness 0.967715
fitness 0.96909696
fitness 0.9693903
fitness 0.969471
fitness 0.9702866
fitness 0.97134095
fitness 0.972547
fitness 0.9727569
fitness 0.97280943
fitness 0.9741034
fitness 0.97410756
fitness 0.9742331
fitness 0.97441036
Processing individual 499 for 'tabpfn_fhs'...
fit 0.8412467
fit 0.85260385
fit 0.86543685
fit 0.89495236
fit 0.90982604
Total steps: 900
fitness 0.92167675
fitness 0.92698836
fitness 0.9278095
fitness 0.933851
fitness 0.9342668
fitness 0.93507403
fitness 0.9355618
fitness 0.940068
fitness 0.9450043
Processing individual 500 for 'tabpfn_fhs'...
fit 0.89802164
fit 0.9151979
fit 0.92393154
fit 0.9443066
fit 0.94961226
Total steps: 900
fitness 0.9578856
fitness 0.9597096
fitness 0.9598406
fitness 0.9598664
fitness 0.9604152
fitness 0.963837
fitness 0.9638574
fitness 0.9643127
fitness 0.96580815
fitness 0.9663534
fitness 0.9666778
fitness 0.96706295
fitness 0.967233
Processing individual 501 for 'tabpfn_fhs'...
fit 0.8254692
fit 0.8949664
fit 0.9154917
fit 0.939113
Total steps: 900
fitness 0.94634867
fitness 0.9511329
fitness 0.95126355
fitness 0.9519116
fitness 0.9557316
fitness 0.9566064
fitness 0.95860654
fitness 0.9586377
fitness 0.9607371
Processing individual 502 for 'tabpfn_fhs'...
fit 0.82727087
fit 0.83806443
fit 0.8548444
fit 0.8845532
fit 0.9031709
Total steps: 900
fitness 0.91180766
fitness 0.9151696
fitness 0.91702545
fitness 0.91855085
fitness 0.92487115
fitness 0.92621154
fitness 0.93084955
fitness 0.93099487
fitness 0.9324144
Processing individual 503 for 'tabpfn_fhs'...
fit 0.9481221
fit 0.9583378
fit 0.9674315
fit 0.9728575
fit 0.97480416
Total steps: 900
fitness 0.97839856
fitness 0.9784887
fitness 0.97890276
fitness 0.9807677
fitness 0.9810745
fitness 0.9811847
fitness 0.9816454
fitness 0.98197675
fitness 0.98197895
fitness 0.98208237
Processing individual 504 for 'tabpfn_fhs'...
fit 0.8930401
fit 0.93446887
fit 0.95297873
fit 0.960325
Total steps: 900
fitness 0.9648851
fitness 0.9676827
fitness 0.96773785
fitness 0.96788484
fitness 0.96982366
fitness 0.9707498
fitness 0.97102547
fitness 0.9716148
fitness 0.97210956
fitness 0.97212535
fitness 0.9723823
fitness 0.97261685
fitness 0.9726802
Processing individual 505 for 'tabpfn_fhs'...
fit 0.9066963
fit 0.9242564
fit 0.9314254
fit 0.9496732
fit 0.9550705
Total steps: 900
fitness 0.96149075
fitness 0.96262044
fitness 0.962644
fitness 0.9631077
fitness 0.9631598
fitness 0.96327484
fitness 0.96722656
fitness 0.96738833
fitness 0.9677562
fitness 0.96831596
fitness 0.96942747
fitness 0.96945775
fitness 0.969733
fitness 0.96986085
fitness 0.969905
Processing individual 506 for 'tabpfn_fhs'...
fit 0.8518381
fit 0.8636378
fit 0.87819535
fit 0.905689
fit 0.91883475
Total steps: 900
fitness 0.92919016
fitness 0.9329611
fitness 0.9345951
fitness 0.93585306
fitness 0.9371521
fitness 0.9433202
fitness 0.9436816
fitness 0.94388187
fitness 0.94820756
fitness 0.9507063
Processing individual 507 for 'tabpfn_fhs'...
fit 0.8474424
fit 0.86098087
fit 0.8713066
fit 0.90252167
fit 0.9157246
Total steps: 900
fitness 0.9253691
fitness 0.9301013
fitness 0.93125236
fitness 0.9318878
fitness 0.93822265
fitness 0.93925357
fitness 0.9393674
fitness 0.9401937
fitness 0.94352746
fitness 0.9435343
fitness 0.9476709
Processing individual 508 for 'tabpfn_fhs'...
fit 0.87106013
fit 0.88613564
fit 0.89529425
fit 0.9230296
fit 0.931479
Total steps: 900
fitness 0.94167864
fitness 0.94628316
fitness 0.94790703
fitness 0.948501
fitness 0.95356154
fitness 0.9545207
fitness 0.95509934
fitness 0.9572251
fitness 0.9573887
fitness 0.9591614
Processing individual 509 for 'tabpfn_fhs'...
fit 0.698558
fit 0.7576725
fit 0.76001596
fit 0.8226913
fit 0.8648384
Total steps: 900
fitness 0.88161373
fitness 0.88657075
fitness 0.8900522
fitness 0.8915059
fitness 0.90081596
fitness 0.9011151
fitness 0.90901697
fitness 0.90906227
Processing individual 510 for 'tabpfn_fhs'...
fit 0.8122332
fit 0.86598754
fit 0.90875953
fit 0.934042
Total steps: 900
fitness 0.9397152
fitness 0.9470245
fitness 0.950512
fitness 0.9517284
fitness 0.9549842
fitness 0.9550146
fitness 0.95712656
Processing individual 511 for 'tabpfn_fhs'...
fit 0.9380241
fit 0.9520589
fit 0.95825505
fit 0.9682263
fit 0.97057116
Total steps: 900
fitness 0.9748163
fitness 0.97504264
fitness 0.9753981
fitness 0.9754809
fitness 0.9777496
fitness 0.97837174
fitness 0.9784805
fitness 0.97862816
fitness 0.9787398
fitness 0.9793763
fitness 0.9793891
fitness 0.9793919
Processing individual 512 for 'tabpfn_fhs'...
fit 0.7205444
fit 0.74761313
fit 0.7789202
fit 0.7831502
Total steps: 900
fitness 0.7837372
fitness 0.7873028
fitness 0.7904192
fitness 0.79070836
fitness 0.7987164
fitness 0.8016831
fitness 0.805445
fitness 0.8074686
fitness 0.8162565
Processing individual 513 for 'tabpfn_fhs'...
fit 0.6277627
fit 0.628991
fit 0.6867901
fit 0.7515795
fit 0.78128934
Total steps: 900
fitness 0.79184556
fitness 0.79605794
fitness 0.796352
fitness 0.8029598
fitness 0.80352724
fitness 0.8037697
fitness 0.8060754
fitness 0.81033236
fitness 0.81326747
fitness 0.81645775
fitness 0.8229031
fitness 0.8230364
fitness 0.82947826
Processing individual 514 for 'tabpfn_fhs'...
fit 0.95751125
fit 0.9649937
fit 0.9727624
fit 0.97732246
fit 0.9779881
fit 0.97847795
Total steps: 900
fitness 0.9800244
fitness 0.9801663
fitness 0.9811995
fitness 0.9828375
fitness 0.983537
fitness 0.9841438
fitness 0.984233
fitness 0.98433703
fitness 0.98441124
fitness 0.9844714
fitness 0.98458654
Processing individual 515 for 'tabpfn_fhs'...
fit 0.8930401
fit 0.93446887
fit 0.95297873
fit 0.960325
Total steps: 900
fitness 0.9648851
fitness 0.9676827
fitness 0.96773785
fitness 0.96788484
fitness 0.96982366
fitness 0.9707498
fitness 0.97102547
fitness 0.9716148
fitness 0.97210956
fitness 0.97212535
fitness 0.9723823
fitness 0.97261685
fitness 0.9726802
Processing individual 516 for 'tabpfn_fhs'...
fit 0.8474424
fit 0.86098087
fit 0.8713066
fit 0.90252167
fit 0.9157246
Total steps: 900
fitness 0.9253691
fitness 0.9301013
fitness 0.93125236
fitness 0.9318878
fitness 0.93822265
fitness 0.93925357
fitness 0.9393674
fitness 0.9401937
fitness 0.94352746
fitness 0.9435343
fitness 0.9476709
Processing individual 517 for 'tabpfn_fhs'...
fit 0.83521193
fit 0.84704983
fit 0.8602869
fit 0.8895631
fit 0.90680736
Total steps: 900
fitness 0.91650695
fitness 0.9187918
fitness 0.92071885
fitness 0.92126435
fitness 0.9217477
fitness 0.9290102
fitness 0.929948
fitness 0.93007517
fitness 0.9304449
fitness 0.9346721
fitness 0.9361673
fitness 0.94020694
Processing individual 518 for 'tabpfn_fhs'...
fit 0.8930401
fit 0.93446887
fit 0.95297873
fit 0.960325
Total steps: 900
fitness 0.9648851
fitness 0.9676827
fitness 0.96773785
fitness 0.96788484
fitness 0.96982366
fitness 0.9707498
fitness 0.97102547
fitness 0.9716148
fitness 0.97210956
fitness 0.97212535
fitness 0.9723823
fitness 0.97261685
fitness 0.9726802
Processing individual 519 for 'tabpfn_fhs'...
fit 0.8028835
fit 0.85971355
fit 0.89906406
fit 0.9275885
Total steps: 900
fitness 0.93436396
fitness 0.94076514
fitness 0.9416654
fitness 0.94212645
fitness 0.9458703
fitness 0.9470912
fitness 0.94739175
fitness 0.9498243
fitness 0.9498933
fitness 0.95254385
Processing individual 520 for 'tabpfn_fhs'...
fit 0.7799309
fit 0.8018385
fit 0.83764386
fit 0.83783394
fit 0.84684783
Total steps: 900
fitness 0.84896785
fitness 0.851646
fitness 0.85709333
fitness 0.85783476
fitness 0.8585655
fitness 0.861648
fitness 0.86258876
fitness 0.8632657
fitness 0.8637123
fitness 0.8683219
fitness 0.8696922
fitness 0.8697454
Processing individual 521 for 'tabpfn_fhs'...
fit 0.78771144
fit 0.806882
fit 0.8443694
fit 0.84453446
fit 0.8551195
Total steps: 900
fitness 0.85742664
fitness 0.8591676
fitness 0.8600914
fitness 0.8622315
fitness 0.8633902
fitness 0.86397135
fitness 0.8639905
fitness 0.8657674
fitness 0.8663977
fitness 0.8665046
fitness 0.86656255
fitness 0.8693122
fitness 0.8707839
fitness 0.870849
fitness 0.8708588
fitness 0.8762164
Processing individual 522 for 'tabpfn_fhs'...
fit 0.7931068
fit 0.8148206
fit 0.8499517
fit 0.86209655
Total steps: 900
fitness 0.87620854
fitness 0.8817268
fitness 0.8834797
fitness 0.8863125
fitness 0.88794875
fitness 0.8887603
fitness 0.8911885
fitness 0.89244777
fitness 0.8944467
fitness 0.8960084
fitness 0.89672357
fitness 0.9036352
fitness 0.9039625
Processing individual 523 for 'tabpfn_fhs'...
fit 0.79775095
fit 0.8223121
fit 0.8599215
fit 0.86944366
Total steps: 900
fitness 0.8728868
fitness 0.8744848
fitness 0.8774389
fitness 0.8801125
fitness 0.8808368
fitness 0.88246703
fitness 0.88473046
fitness 0.88480663
fitness 0.8894807
fitness 0.8904333
Processing individual 524 for 'tabpfn_fhs'...
fit 0.9380241
fit 0.9520589
fit 0.95825505
fit 0.9682263
fit 0.97057116
Total steps: 900
fitness 0.9748163
fitness 0.97504264
fitness 0.9753981
fitness 0.9754809
fitness 0.9777496
fitness 0.97837174
fitness 0.9784805
fitness 0.97862816
fitness 0.9787398
fitness 0.9793763
fitness 0.9793891
fitness 0.9793919
Processing individual 525 for 'tabpfn_fhs'...
fit 0.86765116
fit 0.9175147
fit 0.9398754
fit 0.9525454
Total steps: 900
fitness 0.95868045
fitness 0.9590739
fitness 0.9621669
fitness 0.9630491
fitness 0.96509355
fitness 0.9658588
fitness 0.9663545
fitness 0.9671277
fitness 0.96785593
fitness 0.9684692
Processing individual 526 for 'tabpfn_fhs'...
fit 0.9066963
fit 0.9242564
fit 0.9314254
fit 0.9496732
fit 0.9550705
Total steps: 900
fitness 0.96149075
fitness 0.96262044
fitness 0.962644
fitness 0.9631077
fitness 0.9631598
fitness 0.96327484
fitness 0.96722656
fitness 0.96738833
fitness 0.9677562
fitness 0.96831596
fitness 0.96942747
fitness 0.96945775
fitness 0.969733
fitness 0.96986085
fitness 0.969905
Processing individual 527 for 'tabpfn_fhs'...
fit 0.4969505
fit 0.5649797
fit 0.6558298
fit 0.6659118
Total steps: 900
fitness 0.66628885
fitness 0.66970444
fitness 0.6776958
fitness 0.67894804
fitness 0.69549847
fitness 0.6973776
fitness 0.7090219
fitness 0.70983267
fitness 0.71030873
fitness 0.7120948
fitness 0.71959275
fitness 0.72313815
fitness 0.72702783
Processing individual 528 for 'tabpfn_fhs'...
fit 0.88603216
fit 0.9143788
fit 0.9285306
fit 0.9474456
fit 0.95084584
Total steps: 900
fitness 0.9510065
fitness 0.95168245
fitness 0.96066076
fitness 0.96088535
fitness 0.9615434
fitness 0.96156543
fitness 0.96254945
fitness 0.96320194
Processing individual 529 for 'tabpfn_fhs'...
fit 0.93229645
fit 0.94831604
fit 0.9539769
fit 0.96394783
fit 0.9681408
Total steps: 900
fitness 0.9726351
fitness 0.9730243
fitness 0.97411877
fitness 0.97542745
fitness 0.9768008
fitness 0.9768879
fitness 0.9772241
fitness 0.97796154
fitness 0.97806025
Processing individual 530 for 'tabpfn_fhs'...
fit 0.91319835
fit 0.93424505
fit 0.93887174
fit 0.95474476
fit 0.9589603
Total steps: 900
fitness 0.9651534
fitness 0.9663434
fitness 0.96728355
fitness 0.97002274
fitness 0.9706992
fitness 0.971092
fitness 0.97202307
fitness 0.97233224
fitness 0.97251153
Processing individual 531 for 'tabpfn_fhs'...
fit 0.7103461
fit 0.74285173
fit 0.76980853
fit 0.77494603
Total steps: 900
fitness 0.77661705
fitness 0.7801391
fitness 0.7807383
fitness 0.78397644
fitness 0.78573394
fitness 0.7860342
fitness 0.78695923
fitness 0.7872248
fitness 0.7886033
fitness 0.7922094
fitness 0.79222256
Processing individual 532 for 'tabpfn_fhs'...
fit 0.6606087
fit 0.7019719
fit 0.73242545
fit 0.7939316
fit 0.83829343
Total steps: 900
fitness 0.8548699
fitness 0.8638163
fitness 0.863924
fitness 0.8658679
fitness 0.8736484
fitness 0.8785335
fitness 0.88360286
fitness 0.8856913
fitness 0.8888654
Processing individual 533 for 'tabpfn_fhs'...
fit 0.9380241
fit 0.9520589
fit 0.95825505
fit 0.9682263
fit 0.97057116
Total steps: 900
fitness 0.9748163
fitness 0.97504264
fitness 0.9753981
fitness 0.9754809
fitness 0.9777496
fitness 0.97837174
fitness 0.9784805
fitness 0.97862816
fitness 0.9787398
fitness 0.9793763
fitness 0.9793891
fitness 0.9793919
Processing individual 534 for 'tabpfn_fhs'...
fit 0.9481221
fit 0.9583378
fit 0.9674315
fit 0.9728575
fit 0.97480416
Total steps: 900
fitness 0.97839856
fitness 0.9784887
fitness 0.97890276
fitness 0.9807677
fitness 0.9810745
fitness 0.9811847
fitness 0.9816454
fitness 0.98197675
fitness 0.98197895
fitness 0.98208237
Processing individual 535 for 'tabpfn_fhs'...
fit 0.87106013
fit 0.88613564
fit 0.89529425
fit 0.9230296
fit 0.931479
Total steps: 900
fitness 0.94167864
fitness 0.94628316
fitness 0.94790703
fitness 0.948501
fitness 0.95356154
fitness 0.9545207
fitness 0.95509934
fitness 0.9572251
fitness 0.9573887
fitness 0.9591614
Processing individual 536 for 'tabpfn_fhs'...
fit 0.9668963
fit 0.9727246
fit 0.9805985
fit 0.98324555
fit 0.9834455
fit 0.98375756
Total steps: 900
fitness 0.98491895
fitness 0.9849486
fitness 0.9856554
fitness 0.98711467
fitness 0.9873843
fitness 0.9876176
fitness 0.98787475
fitness 0.9880462
fitness 0.98817736
fitness 0.98820156
Processing individual 537 for 'tabpfn_fhs'...
fit 0.7738318
fit 0.79594946
fit 0.83231294
fit 0.8405767
Total steps: 900
fitness 0.84064096
fitness 0.8444931
fitness 0.85247505
fitness 0.85310006
fitness 0.85335743
fitness 0.8537204
fitness 0.8537312
fitness 0.85541755
Processing individual 538 for 'tabpfn_fhs'...
fit 0.9211763
fit 0.94999266
fit 0.95020735
fit 0.964257
fit 0.96784985
Total steps: 900
fitness 0.97198975
fitness 0.9733341
fitness 0.973511
fitness 0.97381973
fitness 0.9742701
fitness 0.97562647
fitness 0.9760531
fitness 0.976917
fitness 0.97693723
fitness 0.97708166
fitness 0.97727776
Processing individual 539 for 'tabpfn_fhs'...
fit 0.835081
fit 0.8766554
fit 0.8842395
fit 0.9201068
fit 0.921025
fit 0.9225455
fit 0.92935073
Total steps: 900
fitness 0.93157077
fitness 0.94276524
fitness 0.9429768
fitness 0.94456047
fitness 0.9446629
fitness 0.9458946
fitness 0.94605434
fitness 0.9489935
Processing individual 540 for 'tabpfn_fhs'...
fit 0.9481221
fit 0.9583378
fit 0.9674315
fit 0.9728575
fit 0.97480416
Total steps: 900
fitness 0.97839856
fitness 0.9784887
fitness 0.97890276
fitness 0.9807677
fitness 0.9810745
fitness 0.9811847
fitness 0.9816454
fitness 0.98197675
fitness 0.98197895
fitness 0.98208237
Processing individual 541 for 'tabpfn_fhs'...
fit 0.89802164
fit 0.9151979
fit 0.92393154
fit 0.9443066
fit 0.94961226
Total steps: 900
fitness 0.9578856
fitness 0.9597096
fitness 0.9598406
fitness 0.9598664
fitness 0.9604152
fitness 0.963837
fitness 0.9638574
fitness 0.9643127
fitness 0.96580815
fitness 0.9663534
fitness 0.9666778
fitness 0.96706295
fitness 0.967233
Processing individual 542 for 'tabpfn_fhs'...
fit 0.8518381
fit 0.8636378
fit 0.87819535
fit 0.905689
fit 0.91883475
Total steps: 900
fitness 0.92919016
fitness 0.9329611
fitness 0.9345951
fitness 0.93585306
fitness 0.9371521
fitness 0.9433202
fitness 0.9436816
fitness 0.94388187
fitness 0.94820756
fitness 0.9507063
Processing individual 543 for 'tabpfn_fhs'...
fit 0.7204655
fit 0.76134676
fit 0.7754816
fit 0.83254945
fit 0.87933
Total steps: 900
fitness 0.8922507
fitness 0.9009083
fitness 0.90127295
fitness 0.90225166
fitness 0.90257174
fitness 0.9098661
fitness 0.9118953
fitness 0.91257584
fitness 0.91754943
fitness 0.9175496
fitness 0.9197784
Processing individual 544 for 'tabpfn_fhs'...
fit 0.8412467
fit 0.85260385
fit 0.86543685
fit 0.89495236
fit 0.90982604
Total steps: 900
fitness 0.92167675
fitness 0.92698836
fitness 0.9278095
fitness 0.933851
fitness 0.9342668
fitness 0.93507403
fitness 0.9355618
fitness 0.940068
fitness 0.9450043
Processing individual 545 for 'tabpfn_fhs'...
fit 0.79775095
fit 0.8223121
fit 0.8599215
fit 0.86944366
Total steps: 900
fitness 0.8728868
fitness 0.8744848
fitness 0.8774389
fitness 0.8801125
fitness 0.8808368
fitness 0.88246703
fitness 0.88473046
fitness 0.88480663
fitness 0.8894807
fitness 0.8904333
Processing individual 546 for 'tabpfn_fhs'...
fit 0.8838832
fit 0.90219027
fit 0.90979105
fit 0.9352381
fit 0.94152945
Total steps: 900
fitness 0.95103276
fitness 0.9529828
fitness 0.95333356
fitness 0.9542953
fitness 0.9544518
fitness 0.95476115
fitness 0.95872146
fitness 0.9587588
fitness 0.959826
fitness 0.96170664
fitness 0.9622276
fitness 0.9623647
Processing individual 547 for 'tabpfn_fhs'...
fit 0.9202457
fit 0.93750525
fit 0.94526845
fit 0.9573938
fit 0.96206766
Total steps: 900
fitness 0.9676397
fitness 0.96771586
fitness 0.96847
fitness 0.9685127
fitness 0.969128
fitness 0.9692755
fitness 0.97134423
fitness 0.9716021
fitness 0.9724589
fitness 0.9730456
fitness 0.9733014
fitness 0.9734873
fitness 0.9737905
fitness 0.9742529
Processing individual 548 for 'tabpfn_fhs'...
fit 0.85197115
fit 0.8898241
fit 0.9263671
fit 0.94635534
Total steps: 900
fitness 0.950938
fitness 0.9560843
fitness 0.95708287
fitness 0.95994353
fitness 0.95995766
fitness 0.9604708
fitness 0.96215785
fitness 0.9624661
Processing individual 549 for 'tabpfn_fhs'...
fit 0.7931635
fit 0.8236501
fit 0.842234
fit 0.888828
fit 0.89552987
fit 0.8992756
fit 0.902699
Total steps: 900
fitness 0.9052947
fitness 0.9139755
fitness 0.91685754
fitness 0.9195752
fitness 0.92407405
fitness 0.9264943
fitness 0.92984724
fitness 0.9313221
fitness 0.93278664
fitness 0.9354916
Processing individual 550 for 'tabpfn_fhs'...
fit 0.65444565
fit 0.6751802
fit 0.7121665
fit 0.7682759
fit 0.8100503
Total steps: 900
fitness 0.8135209
fitness 0.8199649
fitness 0.8243821
fitness 0.8270527
fitness 0.8291402
fitness 0.8301369
fitness 0.83744574
fitness 0.8432494
fitness 0.8477427
fitness 0.849366
Processing individual 551 for 'tabpfn_fhs'...
fit 0.8474424
fit 0.86098087
fit 0.8713066
fit 0.90252167
fit 0.9157246
Total steps: 900
fitness 0.9253691
fitness 0.9301013
fitness 0.93125236
fitness 0.9318878
fitness 0.93822265
fitness 0.93925357
fitness 0.9393674
fitness 0.9401937
fitness 0.94352746
fitness 0.9435343
fitness 0.9476709
Processing individual 552 for 'tabpfn_fhs'...
fit 0.6277627
fit 0.628991
fit 0.6867901
fit 0.7515795
fit 0.78128934
Total steps: 900
fitness 0.79184556
fitness 0.79605794
fitness 0.796352
fitness 0.8029598
fitness 0.80352724
fitness 0.8037697
fitness 0.8060754
fitness 0.81033236
fitness 0.81326747
fitness 0.81645775
fitness 0.8229031
fitness 0.8230364
fitness 0.82947826
Processing individual 553 for 'tabpfn_fhs'...
fit 0.75964844
fit 0.8169649
fit 0.8637948
fit 0.9073099
Total steps: 900
fitness 0.91735625
fitness 0.92483246
fitness 0.92657167
fitness 0.9277489
fitness 0.9306664
fitness 0.9310727
fitness 0.93111783
fitness 0.9327036
fitness 0.9362428
fitness 0.9367749
fitness 0.939991
Processing individual 554 for 'tabpfn_fhs'...
fit 0.91319835
fit 0.93424505
fit 0.93887174
fit 0.95474476
fit 0.9589603
Total steps: 900
fitness 0.9651534
fitness 0.9663434
fitness 0.96728355
fitness 0.97002274
fitness 0.9706992
fitness 0.971092
fitness 0.97202307
fitness 0.97233224
fitness 0.97251153
Processing individual 555 for 'tabpfn_fhs'...
fit 0.9481221
fit 0.9583378
fit 0.9674315
fit 0.9728575
fit 0.97480416
Total steps: 900
fitness 0.97839856
fitness 0.9784887
fitness 0.97890276
fitness 0.9807677
fitness 0.9810745
fitness 0.9811847
fitness 0.9816454
fitness 0.98197675
fitness 0.98197895
fitness 0.98208237
Processing individual 556 for 'tabpfn_fhs'...
fit 0.72680044
fit 0.79437596
fit 0.844306
fit 0.8850938
Total steps: 900
fitness 0.89863807
fitness 0.9084623
fitness 0.9085713
fitness 0.90937215
fitness 0.9153522
fitness 0.91606617
fitness 0.9162704
fitness 0.91716236
fitness 0.9225842
fitness 0.92261404
fitness 0.9254449
Processing individual 557 for 'tabpfn_fhs'...
fit 0.8474424
fit 0.86098087
fit 0.8713066
fit 0.90252167
fit 0.9157246
Total steps: 900
fitness 0.9253691
fitness 0.9301013
fitness 0.93125236
fitness 0.9318878
fitness 0.93822265
fitness 0.93925357
fitness 0.9393674
fitness 0.9401937
fitness 0.94352746
fitness 0.9435343
fitness 0.9476709
Processing individual 558 for 'tabpfn_fhs'...
fit 0.8213006
fit 0.8310375
fit 0.84963286
fit 0.87897134
fit 0.8971692
Total steps: 900
fitness 0.9073061
fitness 0.9091075
fitness 0.91236484
fitness 0.92023057
fitness 0.9214947
fitness 0.92564076
fitness 0.9261762
fitness 0.92917436
Processing individual 559 for 'tabpfn_fhs'...
fit 0.79775095
fit 0.8223121
fit 0.8599215
fit 0.86944366
Total steps: 900
fitness 0.8728868
fitness 0.8744848
fitness 0.8774389
fitness 0.8801125
fitness 0.8808368
fitness 0.88246703
fitness 0.88473046
fitness 0.88480663
fitness 0.8894807
fitness 0.8904333
Processing individual 560 for 'tabpfn_fhs'...
fit 0.812226
fit 0.8193253
fit 0.8418014
fit 0.87479126
fit 0.8858651
Total steps: 900
fitness 0.88961446
fitness 0.89007294
fitness 0.894693
fitness 0.89679873
fitness 0.897787
fitness 0.90115887
fitness 0.9023826
fitness 0.9030494
fitness 0.9041946
Processing individual 561 for 'tabpfn_fhs'...
fit 0.62230366
fit 0.66996783
fit 0.6952112
fit 0.7637797
fit 0.8163347
Total steps: 900
fitness 0.8329741
fitness 0.84177023
fitness 0.8510671
fitness 0.8517457
fitness 0.8532636
fitness 0.8542172
fitness 0.8631678
fitness 0.8631958
fitness 0.86474293
Processing individual 562 for 'tabpfn_fhs'...
fit 0.6500596
fit 0.6802057
fit 0.71817154
fit 0.78597796
fit 0.8386612
Total steps: 900
fitness 0.8440094
fitness 0.8471734
fitness 0.85252786
fitness 0.8547631
fitness 0.8587034
fitness 0.86923826
fitness 0.8712983
fitness 0.87589836
fitness 0.8796351
fitness 0.8797967
Processing individual 563 for 'tabpfn_fhs'...
fit 0.7299979
fit 0.75636196
fit 0.78630126
fit 0.7926421
Total steps: 900
fitness 0.79287577
fitness 0.7946099
fitness 0.7956028
fitness 0.7959366
fitness 0.7987479
fitness 0.80270994
fitness 0.8069395
fitness 0.81369406
fitness 0.81707054
fitness 0.8199681
fitness 0.82044566
fitness 0.822847
Processing individual 564 for 'tabpfn_fhs'...
fit 0.9211763
fit 0.94999266
fit 0.95020735
fit 0.964257
fit 0.96784985
Total steps: 900
fitness 0.97198975
fitness 0.9733341
fitness 0.973511
fitness 0.97381973
fitness 0.9742701
fitness 0.97562647
fitness 0.9760531
fitness 0.976917
fitness 0.97693723
fitness 0.97708166
fitness 0.97727776
Processing individual 565 for 'tabpfn_fhs'...
fit 0.9450175
fit 0.96010554
fit 0.967185
fit 0.97348124
fit 0.9754861
Total steps: 900
fitness 0.978493
fitness 0.97898865
fitness 0.97979665
fitness 0.9816503
fitness 0.98183507
fitness 0.9819823
fitness 0.9820358
Processing individual 566 for 'tabpfn_fhs'...
fit 0.8122332
fit 0.86598754
fit 0.90875953
fit 0.934042
Total steps: 900
fitness 0.9397152
fitness 0.9470245
fitness 0.950512
fitness 0.9517284
fitness 0.9549842
fitness 0.9550146
fitness 0.95712656
Processing individual 567 for 'tabpfn_fhs'...
fit 0.75475985
fit 0.806034
fit 0.8580885
fit 0.87865096
fit 0.88022536
Total steps: 900
fitness 0.88229847
fitness 0.8850635
fitness 0.8889458
fitness 0.8893546
fitness 0.8956078
fitness 0.8974639
fitness 0.9031334
fitness 0.90628487
fitness 0.90691304
fitness 0.90920997
fitness 0.91002893
fitness 0.91003364
fitness 0.91021687
fitness 0.91064554
fitness 0.91117203
Processing individual 568 for 'tabpfn_fhs'...
fit 0.91319835
fit 0.93424505
fit 0.93887174
fit 0.95474476
fit 0.9589603
Total steps: 900
fitness 0.9651534
fitness 0.9663434
fitness 0.96728355
fitness 0.97002274
fitness 0.9706992
fitness 0.971092
fitness 0.97202307
fitness 0.97233224
fitness 0.97251153
Processing individual 569 for 'tabpfn_fhs'...
fit 0.83521193
fit 0.84704983
fit 0.8602869
fit 0.8895631
fit 0.90680736
Total steps: 900
fitness 0.91650695
fitness 0.9187918
fitness 0.92071885
fitness 0.92126435
fitness 0.9217477
fitness 0.9290102
fitness 0.929948
fitness 0.93007517
fitness 0.9304449
fitness 0.9346721
fitness 0.9361673
fitness 0.94020694
Processing individual 570 for 'tabpfn_fhs'...
fit 0.76761633
fit 0.78202987
fit 0.80913025
fit 0.83206
fit 0.8540772
Total steps: 900
fitness 0.8635496
fitness 0.8669157
fitness 0.86937207
fitness 0.8782695
fitness 0.88167423
fitness 0.88182205
fitness 0.8825496
fitness 0.8829241
fitness 0.88433135
fitness 0.8875469
fitness 0.8876002
fitness 0.88896173
Processing individual 571 for 'tabpfn_fhs'...
fit 0.707567
fit 0.77662003
fit 0.82497495
fit 0.8675924
Total steps: 900
fitness 0.8842107
fitness 0.89274603
fitness 0.8962251
fitness 0.8968663
fitness 0.90677094
fitness 0.9080549
fitness 0.91212016
fitness 0.91623044
Processing individual 572 for 'tabpfn_fhs'...
fit 0.82928455
fit 0.86679816
fit 0.89687246
fit 0.89770377
Total steps: 900
fitness 0.8981381
fitness 0.9023591
fitness 0.905446
fitness 0.90554774
fitness 0.90745366
fitness 0.90820235
fitness 0.9097531
fitness 0.91155237
fitness 0.91206557
Processing individual 573 for 'tabpfn_fhs'...
fit 0.9380241
fit 0.9520589
fit 0.95825505
fit 0.9682263
fit 0.97057116
Total steps: 900
fitness 0.9748163
fitness 0.97504264
fitness 0.9753981
fitness 0.9754809
fitness 0.9777496
fitness 0.97837174
fitness 0.9784805
fitness 0.97862816
fitness 0.9787398
fitness 0.9793763
fitness 0.9793891
fitness 0.9793919
Processing individual 574 for 'tabpfn_fhs'...
fit 0.7804488
fit 0.8500384
fit 0.8852302
fit 0.92133814
Total steps: 900
fitness 0.929352
fitness 0.936173
fitness 0.93625116
fitness 0.9368615
fitness 0.9406772
fitness 0.94247127
fitness 0.9460933
fitness 0.9486226
Processing individual 575 for 'tabpfn_fhs'...
fit 0.9274463
fit 0.9425861
fit 0.94909924
fit 0.9617315
fit 0.9651249
Total steps: 900
fitness 0.9701413
fitness 0.9703868
fitness 0.9709771
fitness 0.9730548
fitness 0.9734227
fitness 0.97391367
fitness 0.9746843
fitness 0.97475135
fitness 0.97480124
fitness 0.9751221
fitness 0.97612625
fitness 0.9761447
fitness 0.9763694
Processing individual 576 for 'tabpfn_fhs'...
fit 0.68872184
fit 0.70099413
fit 0.7319594
fit 0.73456866
Total steps: 900
fitness 0.7407607
fitness 0.74405324
fitness 0.7443918
fitness 0.7508736
fitness 0.752975
fitness 0.7591949
fitness 0.7618895
fitness 0.76264787
Processing individual 577 for 'tabpfn_fhs'...
fit 0.7527189
fit 0.8005526
fit 0.8064548
fit 0.859022
fit 0.90104455
Total steps: 900
fitness 0.9105001
fitness 0.9195446
fitness 0.92095995
fitness 0.92497146
fitness 0.92506254
fitness 0.92539686
fitness 0.92898774
fitness 0.9306186
fitness 0.93083555
fitness 0.9313964
Processing individual 578 for 'tabpfn_fhs'...
fit 0.9121996
fit 0.9405233
fit 0.9442806
fit 0.96026313
fit 0.965384
Total steps: 900
fitness 0.9697528
fitness 0.9714207
fitness 0.97217
fitness 0.9725527
fitness 0.9741129
fitness 0.97444564
fitness 0.97578734
fitness 0.9758873
Processing individual 579 for 'tabpfn_fhs'...
fit 0.7103461
fit 0.74285173
fit 0.76980853
fit 0.77494603
Total steps: 900
fitness 0.77661705
fitness 0.7801391
fitness 0.7807383
fitness 0.78397644
fitness 0.78573394
fitness 0.7860342
fitness 0.78695923
fitness 0.7872248
fitness 0.7886033
fitness 0.7922094
fitness 0.79222256
Processing individual 580 for 'tabpfn_fhs'...
fit 0.9432157
fit 0.9542104
fit 0.96409404
fit 0.9704349
fit 0.97247905
Total steps: 900
fitness 0.9766801
fitness 0.97732335
fitness 0.97897875
fitness 0.97969496
fitness 0.9797515
fitness 0.9802863
fitness 0.9804195
fitness 0.9804505
Processing individual 581 for 'tabpfn_fhs'...
fit 0.6500596
fit 0.6802057
fit 0.71817154
fit 0.78597796
fit 0.8386612
Total steps: 900
fitness 0.8440094
fitness 0.8471734
fitness 0.85252786
fitness 0.8547631
fitness 0.8587034
fitness 0.86923826
fitness 0.8712983
fitness 0.87589836
fitness 0.8796351
fitness 0.8797967
Processing individual 582 for 'tabpfn_fhs'...
fit 0.7804488
fit 0.8500384
fit 0.8852302
fit 0.92133814
Total steps: 900
fitness 0.929352
fitness 0.936173
fitness 0.93625116
fitness 0.9368615
fitness 0.9406772
fitness 0.94247127
fitness 0.9460933
fitness 0.9486226
Processing individual 583 for 'tabpfn_fhs'...
fit 0.92859674
fit 0.95416987
fit 0.95711017
fit 0.9667473
fit 0.97014564
Total steps: 900
fitness 0.97416836
fitness 0.9752539
fitness 0.9757596
fitness 0.97626305
fitness 0.977587
fitness 0.97764623
fitness 0.9786225
fitness 0.97862357
Processing individual 584 for 'tabpfn_fhs'...
fit 0.95751125
fit 0.9649937
fit 0.9727624
fit 0.97732246
fit 0.9779881
fit 0.97847795
Total steps: 900
fitness 0.9800244
fitness 0.9801663
fitness 0.9811995
fitness 0.9828375
fitness 0.983537
fitness 0.9841438
fitness 0.984233
fitness 0.98433703
fitness 0.98441124
fitness 0.9844714
fitness 0.98458654
Processing individual 585 for 'tabpfn_fhs'...
fit 0.78771144
fit 0.806882
fit 0.8443694
fit 0.84453446
fit 0.8551195
Total steps: 900
fitness 0.85742664
fitness 0.8591676
fitness 0.8600914
fitness 0.8622315
fitness 0.8633902
fitness 0.86397135
fitness 0.8639905
fitness 0.8657674
fitness 0.8663977
fitness 0.8665046
fitness 0.86656255
fitness 0.8693122
fitness 0.8707839
fitness 0.870849
fitness 0.8708588
fitness 0.8762164
Processing individual 586 for 'tabpfn_fhs'...
fit 0.9202457
fit 0.93750525
fit 0.94526845
fit 0.9573938
fit 0.96206766
Total steps: 900
fitness 0.9676397
fitness 0.96771586
fitness 0.96847
fitness 0.9685127
fitness 0.969128
fitness 0.9692755
fitness 0.97134423
fitness 0.9716021
fitness 0.9724589
fitness 0.9730456
fitness 0.9733014
fitness 0.9734873
fitness 0.9737905
fitness 0.9742529
Processing individual 587 for 'tabpfn_fhs'...
fit 0.79775095
fit 0.8223121
fit 0.8599215
fit 0.86944366
Total steps: 900
fitness 0.8728868
fitness 0.8744848
fitness 0.8774389
fitness 0.8801125
fitness 0.8808368
fitness 0.88246703
fitness 0.88473046
fitness 0.88480663
fitness 0.8894807
fitness 0.8904333
Processing individual 588 for 'tabpfn_fhs'...
fit 0.87926656
fit 0.89233136
fit 0.9015607
fit 0.9292446
fit 0.9349734
Total steps: 900
fitness 0.9453737
fitness 0.9503341
fitness 0.9507191
fitness 0.95150864
fitness 0.9571352
fitness 0.95738953
fitness 0.9596527
fitness 0.95966953
fitness 0.9623973
Processing individual 589 for 'tabpfn_fhs'...
fit 0.8474424
fit 0.86098087
fit 0.8713066
fit 0.90252167
fit 0.9157246
Total steps: 900
fitness 0.9253691
fitness 0.9301013
fitness 0.93125236
fitness 0.9318878
fitness 0.93822265
fitness 0.93925357
fitness 0.9393674
fitness 0.9401937
fitness 0.94352746
fitness 0.9435343
fitness 0.9476709
Processing individual 590 for 'tabpfn_fhs'...
fit 0.6775191
fit 0.71630806
fit 0.73915553
fit 0.7924973
fit 0.83304083
Total steps: 900
fitness 0.8391426
fitness 0.8469159
fitness 0.8482604
fitness 0.8512318
fitness 0.8539256
fitness 0.85443103
fitness 0.8552587
fitness 0.8569601
fitness 0.8577943
fitness 0.8623586
fitness 0.8633448
fitness 0.86372435
Processing individual 591 for 'tabpfn_fhs'...
fit 0.8028835
fit 0.85971355
fit 0.89906406
fit 0.9275885
Total steps: 900
fitness 0.93436396
fitness 0.94076514
fitness 0.9416654
fitness 0.94212645
fitness 0.9458703
fitness 0.9470912
fitness 0.94739175
fitness 0.9498243
fitness 0.9498933
fitness 0.95254385
Processing individual 592 for 'tabpfn_fhs'...
fit 0.90411854
fit 0.9388539
fit 0.9565922
fit 0.96287274
Total steps: 900
fitness 0.967715
fitness 0.96909696
fitness 0.9693903
fitness 0.969471
fitness 0.9702866
fitness 0.97134095
fitness 0.972547
fitness 0.9727569
fitness 0.97280943
fitness 0.9741034
fitness 0.97410756
fitness 0.9742331
fitness 0.97441036
Processing individual 593 for 'tabpfn_fhs'...
fit 0.9432157
fit 0.9542104
fit 0.96409404
fit 0.9704349
fit 0.97247905
Total steps: 900
fitness 0.9766801
fitness 0.97732335
fitness 0.97897875
fitness 0.97969496
fitness 0.9797515
fitness 0.9802863
fitness 0.9804195
fitness 0.9804505
Processing individual 594 for 'tabpfn_fhs'...
fit 0.9481221
fit 0.9583378
fit 0.9674315
fit 0.9728575
fit 0.97480416
Total steps: 900
fitness 0.97839856
fitness 0.9784887
fitness 0.97890276
fitness 0.9807677
fitness 0.9810745
fitness 0.9811847
fitness 0.9816454
fitness 0.98197675
fitness 0.98197895
fitness 0.98208237
Processing individual 595 for 'tabpfn_fhs'...
fit 0.87926656
fit 0.89233136
fit 0.9015607
fit 0.9292446
fit 0.9349734
Total steps: 900
fitness 0.9453737
fitness 0.9503341
fitness 0.9507191
fitness 0.95150864
fitness 0.9571352
fitness 0.95738953
fitness 0.9596527
fitness 0.95966953
fitness 0.9623973
Processing individual 596 for 'tabpfn_fhs'...
fit 0.8224228
fit 0.8477578
fit 0.87979734
fit 0.89016587
Total steps: 900
fitness 0.903588
fitness 0.9094159
fitness 0.91354537
fitness 0.91546077
fitness 0.9165595
fitness 0.9178673
fitness 0.9203194
fitness 0.9205331
fitness 0.9228686
fitness 0.92289615
fitness 0.92302877
fitness 0.9230449
fitness 0.9231576
fitness 0.92568934
Processing individual 597 for 'tabpfn_fhs'...
fit 0.90411854
fit 0.9388539
fit 0.9565922
fit 0.96287274
Total steps: 900
fitness 0.967715
fitness 0.96909696
fitness 0.9693903
fitness 0.969471
fitness 0.9702866
fitness 0.97134095
fitness 0.972547
fitness 0.9727569
fitness 0.97280943
fitness 0.9741034
fitness 0.97410756
fitness 0.9742331
fitness 0.97441036
Processing individual 598 for 'tabpfn_fhs'...
fit 0.8596258
fit 0.9029674
fit 0.9326874
fit 0.95004994
Total steps: 900
fitness 0.9555979
fitness 0.9592654
fitness 0.9593548
fitness 0.9596266
fitness 0.96266377
fitness 0.9629485
fitness 0.96386755
fitness 0.9645908
fitness 0.96533513
fitness 0.96569383
Processing individual 599 for 'tabpfn_fhs'...
fit 0.9066963
fit 0.9242564
fit 0.9314254
fit 0.9496732
fit 0.9550705
Total steps: 900
fitness 0.96149075
fitness 0.96262044
fitness 0.962644
fitness 0.9631077
fitness 0.9631598
fitness 0.96327484
fitness 0.96722656
fitness 0.96738833
fitness 0.9677562
fitness 0.96831596
fitness 0.96942747
fitness 0.96945775
fitness 0.969733
fitness 0.96986085
fitness 0.969905
Processing individual 600 for 'tabpfn_fhs'...
fit 0.7527189
fit 0.8005526
fit 0.8064548
fit 0.859022
fit 0.90104455
Total steps: 900
fitness 0.9105001
fitness 0.9195446
fitness 0.92095995
fitness 0.92497146
fitness 0.92506254
fitness 0.92539686
fitness 0.92898774
fitness 0.9306186
fitness 0.93083555
fitness 0.9313964
Processing individual 601 for 'tabpfn_fhs'...
fit 0.7808536
fit 0.7849901
fit 0.8165316
fit 0.8391607
fit 0.8631942
Total steps: 900
fitness 0.87306345
fitness 0.8749551
fitness 0.8766433
fitness 0.8847551
fitness 0.8892695
fitness 0.88992846
fitness 0.89041585
fitness 0.89352643
fitness 0.89580834
fitness 0.89607346
fitness 0.8960841
fitness 0.8971318
Processing individual 602 for 'tabpfn_fhs'...
fit 0.812226
fit 0.8193253
fit 0.8418014
fit 0.87479126
fit 0.8858651
Total steps: 900
fitness 0.88961446
fitness 0.89007294
fitness 0.894693
fitness 0.89679873
fitness 0.897787
fitness 0.90115887
fitness 0.9023826
fitness 0.9030494
fitness 0.9041946
Processing individual 603 for 'tabpfn_fhs'...
fit 0.90562105
fit 0.92869383
fit 0.9435906
fit 0.9575539
fit 0.9596145
Total steps: 900
fitness 0.96013325
fitness 0.96062577
fitness 0.9678408
fitness 0.9681017
fitness 0.9687435
fitness 0.9687675
fitness 0.97022116
fitness 0.9702791
fitness 0.97044873
fitness 0.9707605
Processing individual 604 for 'tabpfn_fhs'...
fit 0.92859674
fit 0.95416987
fit 0.95711017
fit 0.9667473
fit 0.97014564
Total steps: 900
fitness 0.97416836
fitness 0.9752539
fitness 0.9757596
fitness 0.97626305
fitness 0.977587
fitness 0.97764623
fitness 0.9786225
fitness 0.97862357
Processing individual 605 for 'tabpfn_fhs'...
fit 0.9121996
fit 0.9405233
fit 0.9442806
fit 0.96026313
fit 0.965384
Total steps: 900
fitness 0.9697528
fitness 0.9714207
fitness 0.97217
fitness 0.9725527
fitness 0.9741129
fitness 0.97444564
fitness 0.97578734
fitness 0.9758873
Processing individual 606 for 'tabpfn_fhs'...
fit 0.78654957
fit 0.7967354
fit 0.8242494
fit 0.8477201
fit 0.8705212
Total steps: 900
fitness 0.8790979
fitness 0.88041556
fitness 0.8826909
fitness 0.8830107
fitness 0.8904
fitness 0.89396566
fitness 0.8951002
fitness 0.89620554
fitness 0.8989867
fitness 0.9008681
fitness 0.90253067
Processing individual 607 for 'tabpfn_fhs'...
fit 0.7353784
fit 0.7612531
fit 0.7979625
fit 0.80159974
Total steps: 900
fitness 0.8017527
fitness 0.8027581
fitness 0.8045862
fitness 0.8057383
fitness 0.8116174
fitness 0.813099
fitness 0.8136482
fitness 0.81588864
fitness 0.81740457
fitness 0.8176828
fitness 0.8179858
fitness 0.8181937
fitness 0.8186407
fitness 0.8194803
Processing individual 608 for 'tabpfn_fhs'...
fit 0.9380241
fit 0.9520589
fit 0.95825505
fit 0.9682263
fit 0.97057116
Total steps: 900
fitness 0.9748163
fitness 0.97504264
fitness 0.9753981
fitness 0.9754809
fitness 0.9777496
fitness 0.97837174
fitness 0.9784805
fitness 0.97862816
fitness 0.9787398
fitness 0.9793763
fitness 0.9793891
fitness 0.9793919
Processing individual 609 for 'tabpfn_fhs'...
fit 0.9274463
fit 0.9425861
fit 0.94909924
fit 0.9617315
fit 0.9651249
Total steps: 900
fitness 0.9701413
fitness 0.9703868
fitness 0.9709771
fitness 0.9730548
fitness 0.9734227
fitness 0.97391367
fitness 0.9746843
fitness 0.97475135
fitness 0.97480124
fitness 0.9751221
fitness 0.97612625
fitness 0.9761447
fitness 0.9763694
Processing individual 610 for 'tabpfn_fhs'...
fit 0.8028835
fit 0.85971355
fit 0.89906406
fit 0.9275885
Total steps: 900
fitness 0.93436396
fitness 0.94076514
fitness 0.9416654
fitness 0.94212645
fitness 0.9458703
fitness 0.9470912
fitness 0.94739175
fitness 0.9498243
fitness 0.9498933
fitness 0.95254385
Processing individual 611 for 'tabpfn_fhs'...
fit 0.8474424
fit 0.86098087
fit 0.8713066
fit 0.90252167
fit 0.9157246
Total steps: 900
fitness 0.9253691
fitness 0.9301013
fitness 0.93125236
fitness 0.9318878
fitness 0.93822265
fitness 0.93925357
fitness 0.9393674
fitness 0.9401937
fitness 0.94352746
fitness 0.9435343
fitness 0.9476709
Processing individual 612 for 'tabpfn_fhs'...
fit 0.9481221
fit 0.9583378
fit 0.9674315
fit 0.9728575
fit 0.97480416
Total steps: 900
fitness 0.97839856
fitness 0.9784887
fitness 0.97890276
fitness 0.9807677
fitness 0.9810745
fitness 0.9811847
fitness 0.9816454
fitness 0.98197675
fitness 0.98197895
fitness 0.98208237
Processing individual 613 for 'tabpfn_fhs'...
fit 0.9432157
fit 0.9542104
fit 0.96409404
fit 0.9704349
fit 0.97247905
Total steps: 900
fitness 0.9766801
fitness 0.97732335
fitness 0.97897875
fitness 0.97969496
fitness 0.9797515
fitness 0.9802863
fitness 0.9804195
fitness 0.9804505
Processing individual 614 for 'tabpfn_fhs'...
fit 0.7299979
fit 0.75636196
fit 0.78630126
fit 0.7926421
Total steps: 900
fitness 0.79287577
fitness 0.7946099
fitness 0.7956028
fitness 0.7959366
fitness 0.7987479
fitness 0.80270994
fitness 0.8069395
fitness 0.81369406
fitness 0.81707054
fitness 0.8199681
fitness 0.82044566
fitness 0.822847
Processing individual 615 for 'tabpfn_fhs'...
fit 0.6291619
fit 0.64040494
fit 0.6995059
fit 0.757015
fit 0.7895371
Total steps: 900
fitness 0.79945123
fitness 0.80077964
fitness 0.8047651
fitness 0.80904347
fitness 0.81100994
fitness 0.8121501
fitness 0.8129242
fitness 0.815772
fitness 0.8220884
fitness 0.82469976
fitness 0.82477105
fitness 0.8247739
fitness 0.8273604
Processing individual 616 for 'tabpfn_fhs'...
fit 0.9527873
fit 0.9635112
fit 0.97012436
fit 0.9752993
fit 0.97593814
fit 0.97630405
Total steps: 900
fitness 0.9780404
fitness 0.97893614
fitness 0.9813001
fitness 0.9821652
fitness 0.9826472
fitness 0.98277456
fitness 0.98289776
fitness 0.9830867
fitness 0.9831778
Processing individual 617 for 'tabpfn_fhs'...
fit 0.7913627
fit 0.80257815
fit 0.82976896
fit 0.8554996
fit 0.8768258
Total steps: 900
fitness 0.8875897
fitness 0.8891627
fitness 0.890991
fitness 0.8919043
fitness 0.9024824
fitness 0.9087125
fitness 0.9088051
fitness 0.9093628
Processing individual 618 for 'tabpfn_fhs'...
fit 0.85197115
fit 0.8898241
fit 0.9263671
fit 0.94635534
Total steps: 900
fitness 0.950938
fitness 0.9560843
fitness 0.95708287
fitness 0.95994353
fitness 0.95995766
fitness 0.9604708
fitness 0.96215785
fitness 0.9624661
Processing individual 619 for 'tabpfn_fhs'...
fit 0.707567
fit 0.77662003
fit 0.82497495
fit 0.8675924
Total steps: 900
fitness 0.8842107
fitness 0.89274603
fitness 0.8962251
fitness 0.8968663
fitness 0.90677094
fitness 0.9080549
fitness 0.91212016
fitness 0.91623044
Processing individual 620 for 'tabpfn_fhs'...
fit 0.78654957
fit 0.7967354
fit 0.8242494
fit 0.8477201
fit 0.8705212
Total steps: 900
fitness 0.8790979
fitness 0.88041556
fitness 0.8826909
fitness 0.8830107
fitness 0.8904
fitness 0.89396566
fitness 0.8951002
fitness 0.89620554
fitness 0.8989867
fitness 0.9008681
fitness 0.90253067
Processing individual 621 for 'tabpfn_fhs'...
fit 0.7527189
fit 0.8005526
fit 0.8064548
fit 0.859022
fit 0.90104455
Total steps: 900
fitness 0.9105001
fitness 0.9195446
fitness 0.92095995
fitness 0.92497146
fitness 0.92506254
fitness 0.92539686
fitness 0.92898774
fitness 0.9306186
fitness 0.93083555
fitness 0.9313964
Processing individual 622 for 'tabpfn_fhs'...
fit 0.85936606
fit 0.8699735
fit 0.8848174
fit 0.9124186
fit 0.92219734
Total steps: 900
fitness 0.931921
fitness 0.93856245
fitness 0.9385797
fitness 0.9394237
fitness 0.94151825
fitness 0.94618404
fitness 0.9475968
fitness 0.9484652
fitness 0.951059
fitness 0.95107585
fitness 0.9539714
Processing individual 623 for 'tabpfn_fhs'...
fit 0.8930401
fit 0.93446887
fit 0.95297873
fit 0.960325
Total steps: 900
fitness 0.9648851
fitness 0.9676827
fitness 0.96773785
fitness 0.96788484
fitness 0.96982366
fitness 0.9707498
fitness 0.97102547
fitness 0.9716148
fitness 0.97210956
fitness 0.97212535
fitness 0.9723823
fitness 0.97261685
fitness 0.9726802
Processing individual 624 for 'tabpfn_fhs'...
fit 0.75886375
fit 0.7830157
fit 0.81852937
fit 0.82467717
Total steps: 900
fitness 0.8247465
fitness 0.82792944
fitness 0.8286509
fitness 0.8348694
fitness 0.83580613
fitness 0.83596325
fitness 0.8383211
fitness 0.8413023
fitness 0.84213185
Processing individual 625 for 'tabpfn_fhs'...
fit 0.88034207
fit 0.92752635
fit 0.9463273
fit 0.9563989
Total steps: 900
fitness 0.9618663
fitness 0.9652025
fitness 0.96521634
fitness 0.96585315
fitness 0.96773785
fitness 0.96809995
fitness 0.96880454
fitness 0.96893895
fitness 0.96934843
fitness 0.9706339
fitness 0.97084403
Processing individual 626 for 'tabpfn_fhs'...
fit 0.9432157
fit 0.9542104
fit 0.96409404
fit 0.9704349
fit 0.97247905
Total steps: 900
fitness 0.9766801
fitness 0.97732335
fitness 0.97897875
fitness 0.97969496
fitness 0.9797515
fitness 0.9802863
fitness 0.9804195
fitness 0.9804505
Processing individual 627 for 'tabpfn_fhs'...
fit 0.90411854
fit 0.9388539
fit 0.9565922
fit 0.96287274
Total steps: 900
fitness 0.967715
fitness 0.96909696
fitness 0.9693903
fitness 0.969471
fitness 0.9702866
fitness 0.97134095
fitness 0.972547
fitness 0.9727569
fitness 0.97280943
fitness 0.9741034
fitness 0.97410756
fitness 0.9742331
fitness 0.97441036
Processing individual 628 for 'tabpfn_fhs'...
fit 0.6775191
fit 0.71630806
fit 0.73915553
fit 0.7924973
fit 0.83304083
Total steps: 900
fitness 0.8391426
fitness 0.8469159
fitness 0.8482604
fitness 0.8512318
fitness 0.8539256
fitness 0.85443103
fitness 0.8552587
fitness 0.8569601
fitness 0.8577943
fitness 0.8623586
fitness 0.8633448
fitness 0.86372435
Processing individual 629 for 'tabpfn_fhs'...
fit 0.9607078
fit 0.96835494
fit 0.97602695
fit 0.9795455
fit 0.9804619
fit 0.98047817
Total steps: 900
fitness 0.98204505
fitness 0.9822668
fitness 0.9828474
fitness 0.98438597
fitness 0.98505425
fitness 0.98568016
fitness 0.9857001
fitness 0.98572797
Processing individual 630 for 'tabpfn_fhs'...
fit 0.83440286
fit 0.8518698
fit 0.87218136
fit 0.8974251
fit 0.89806384
fit 0.90857893
Total steps: 900
fitness 0.91307265
fitness 0.9141529
fitness 0.9172524
fitness 0.91752636
fitness 0.9176632
fitness 0.91970026
fitness 0.92018294
fitness 0.92199385
fitness 0.9222354
fitness 0.9227488
fitness 0.92396224
fitness 0.9256491
Processing individual 631 for 'tabpfn_fhs'...
fit 0.7612771
fit 0.8295025
fit 0.8734323
fit 0.9129404
Total steps: 900
fitness 0.9242165
fitness 0.9311962
fitness 0.9313266
fitness 0.9362658
fitness 0.9365957
fitness 0.93724394
fitness 0.9407548
fitness 0.9417424
fitness 0.94404954
Processing individual 632 for 'tabpfn_fhs'...
fit 0.7353784
fit 0.7612531
fit 0.7979625
fit 0.80159974
Total steps: 900
fitness 0.8017527
fitness 0.8027581
fitness 0.8045862
fitness 0.8057383
fitness 0.8116174
fitness 0.813099
fitness 0.8136482
fitness 0.81588864
fitness 0.81740457
fitness 0.8176828
fitness 0.8179858
fitness 0.8181937
fitness 0.8186407
fitness 0.8194803
Processing individual 633 for 'tabpfn_fhs'...
fit 0.9607078
fit 0.96835494
fit 0.97602695
fit 0.9795455
fit 0.9804619
fit 0.98047817
Total steps: 900
fitness 0.98204505
fitness 0.9822668
fitness 0.9828474
fitness 0.98438597
fitness 0.98505425
fitness 0.98568016
fitness 0.9857001
fitness 0.98572797
Processing individual 634 for 'tabpfn_fhs'...
fit 0.90411854
fit 0.9388539
fit 0.9565922
fit 0.96287274
Total steps: 900
fitness 0.967715
fitness 0.96909696
fitness 0.9693903
fitness 0.969471
fitness 0.9702866
fitness 0.97134095
fitness 0.972547
fitness 0.9727569
fitness 0.97280943
fitness 0.9741034
fitness 0.97410756
fitness 0.9742331
fitness 0.97441036
Processing individual 635 for 'tabpfn_fhs'...
fit 0.74636865
fit 0.7737055
fit 0.80265397
fit 0.8092836
Total steps: 900
fitness 0.81347257
fitness 0.81617206
fitness 0.81835616
fitness 0.8190811
fitness 0.82052964
fitness 0.8248453
fitness 0.82586515
fitness 0.8260992
fitness 0.82627344
fitness 0.82666457
fitness 0.8271171
fitness 0.8273537
fitness 0.82768464
Processing individual 636 for 'tabpfn_fhs'...
fit 0.9066963
fit 0.9242564
fit 0.9314254
fit 0.9496732
fit 0.9550705
Total steps: 900
fitness 0.96149075
fitness 0.96262044
fitness 0.962644
fitness 0.9631077
fitness 0.9631598
fitness 0.96327484
fitness 0.96722656
fitness 0.96738833
fitness 0.9677562
fitness 0.96831596
fitness 0.96942747
fitness 0.96945775
fitness 0.969733
fitness 0.96986085
fitness 0.969905
Processing individual 637 for 'tabpfn_fhs'...
fit 0.8128501
fit 0.8165618
fit 0.8459144
fit 0.874027
fit 0.8933397
Total steps: 900
fitness 0.9019419
fitness 0.9052886
fitness 0.9056349
fitness 0.90681523
fitness 0.90758955
fitness 0.9155991
fitness 0.91648364
fitness 0.91675615
fitness 0.921582
fitness 0.9224879
fitness 0.92372406
Processing individual 638 for 'tabpfn_fhs'...
fit 0.9274463
fit 0.9425861
fit 0.94909924
fit 0.9617315
fit 0.9651249
Total steps: 900
fitness 0.9701413
fitness 0.9703868
fitness 0.9709771
fitness 0.9730548
fitness 0.9734227
fitness 0.97391367
fitness 0.9746843
fitness 0.97475135
fitness 0.97480124
fitness 0.9751221
fitness 0.97612625
fitness 0.9761447
fitness 0.9763694
Processing individual 639 for 'tabpfn_fhs'...
fit 0.812226
fit 0.8193253
fit 0.8418014
fit 0.87479126
fit 0.8858651
Total steps: 900
fitness 0.88961446
fitness 0.89007294
fitness 0.894693
fitness 0.89679873
fitness 0.897787
fitness 0.90115887
fitness 0.9023826
fitness 0.9030494
fitness 0.9041946
Processing individual 640 for 'tabpfn_fhs'...
fit 0.9121996
fit 0.9405233
fit 0.9442806
fit 0.96026313
fit 0.965384
Total steps: 900
fitness 0.9697528
fitness 0.9714207
fitness 0.97217
fitness 0.9725527
fitness 0.9741129
fitness 0.97444564
fitness 0.97578734
fitness 0.9758873
Processing individual 641 for 'tabpfn_fhs'...
fit 0.8122332
fit 0.86598754
fit 0.90875953
fit 0.934042
Total steps: 900
fitness 0.9397152
fitness 0.9470245
fitness 0.950512
fitness 0.9517284
fitness 0.9549842
fitness 0.9550146
fitness 0.95712656
Processing individual 642 for 'tabpfn_fhs'...
fit 0.9481221
fit 0.9583378
fit 0.9674315
fit 0.9728575
fit 0.97480416
Total steps: 900
fitness 0.97839856
fitness 0.9784887
fitness 0.97890276
fitness 0.9807677
fitness 0.9810745
fitness 0.9811847
fitness 0.9816454
fitness 0.98197675
fitness 0.98197895
fitness 0.98208237
Processing individual 643 for 'tabpfn_fhs'...
fit 0.78756005
fit 0.8485498
fit 0.86534
fit 0.91009784
fit 0.9220893
Total steps: 900
fitness 0.9298592
fitness 0.9306509
fitness 0.9333609
fitness 0.937149
fitness 0.9383112
fitness 0.9407634
fitness 0.9413907
fitness 0.9418345
fitness 0.94195276
fitness 0.9423605
Processing individual 644 for 'tabpfn_fhs'...
fit 0.88034207
fit 0.92752635
fit 0.9463273
fit 0.9563989
Total steps: 900
fitness 0.9618663
fitness 0.9652025
fitness 0.96521634
fitness 0.96585315
fitness 0.96773785
fitness 0.96809995
fitness 0.96880454
fitness 0.96893895
fitness 0.96934843
fitness 0.9706339
fitness 0.97084403
Processing individual 645 for 'tabpfn_fhs'...
fit 0.9211763
fit 0.94999266
fit 0.95020735
fit 0.964257
fit 0.96784985
Total steps: 900
fitness 0.97198975
fitness 0.9733341
fitness 0.973511
fitness 0.97381973
fitness 0.9742701
fitness 0.97562647
fitness 0.9760531
fitness 0.976917
fitness 0.97693723
fitness 0.97708166
fitness 0.97727776
Processing individual 646 for 'tabpfn_fhs'...
fit 0.7276951
fit 0.7559727
fit 0.78677213
fit 0.7883059
Total steps: 900
fitness 0.7883511
fitness 0.7892111
fitness 0.7918494
fitness 0.7935184
fitness 0.7943341
fitness 0.79613847
fitness 0.79819953
fitness 0.7988457
fitness 0.8054452
fitness 0.8087657
fitness 0.80915904
fitness 0.8137288
fitness 0.8148292
fitness 0.8167716
fitness 0.82049096
fitness 0.8216746
Processing individual 647 for 'tabpfn_fhs'...
fit 0.88034207
fit 0.92752635
fit 0.9463273
fit 0.9563989
Total steps: 900
fitness 0.9618663
fitness 0.9652025
fitness 0.96521634
fitness 0.96585315
fitness 0.96773785
fitness 0.96809995
fitness 0.96880454
fitness 0.96893895
fitness 0.96934843
fitness 0.9706339
fitness 0.97084403
Processing individual 648 for 'tabpfn_fhs'...
fit 0.66957736
fit 0.7053055
fit 0.7363166
fit 0.78253984
fit 0.8206867
Total steps: 900
fitness 0.83156896
fitness 0.8376627
fitness 0.84225345
fitness 0.8444618
fitness 0.84507716
fitness 0.8451542
fitness 0.84605986
fitness 0.8485182
fitness 0.85023695
fitness 0.85053426
fitness 0.8515566
fitness 0.85333973
fitness 0.8537843
fitness 0.8539818
Processing individual 649 for 'tabpfn_fhs'...
fit 0.57138234
fit 0.63697386
fit 0.7096371
fit 0.73220855
fit 0.7400053
Total steps: 900
fitness 0.7409668
fitness 0.7464031
fitness 0.7525028
fitness 0.7542417
fitness 0.76922774
fitness 0.769953
fitness 0.7702476
fitness 0.7791009
fitness 0.77919847
Processing individual 650 for 'tabpfn_fhs'...
fit 0.9274463
fit 0.9425861
fit 0.94909924
fit 0.9617315
fit 0.9651249
Total steps: 900
fitness 0.9701413
fitness 0.9703868
fitness 0.9709771
fitness 0.9730548
fitness 0.9734227
fitness 0.97391367
fitness 0.9746843
fitness 0.97475135
fitness 0.97480124
fitness 0.9751221
fitness 0.97612625
fitness 0.9761447
fitness 0.9763694
Processing individual 651 for 'tabpfn_fhs'...
fit 0.85197115
fit 0.8898241
fit 0.9263671
fit 0.94635534
Total steps: 900
fitness 0.950938
fitness 0.9560843
fitness 0.95708287
fitness 0.95994353
fitness 0.95995766
fitness 0.9604708
fitness 0.96215785
fitness 0.9624661
Processing individual 652 for 'tabpfn_fhs'...
fit 0.75964844
fit 0.8169649
fit 0.8637948
fit 0.9073099
Total steps: 900
fitness 0.91735625
fitness 0.92483246
fitness 0.92657167
fitness 0.9277489
fitness 0.9306664
fitness 0.9310727
fitness 0.93111783
fitness 0.9327036
fitness 0.9362428
fitness 0.9367749
fitness 0.939991
Processing individual 653 for 'tabpfn_fhs'...
fit 0.86927485
fit 0.8793001
fit 0.90263855
fit 0.9256593
fit 0.9298197
Total steps: 900
fitness 0.9341816
fitness 0.9343427
fitness 0.9379157
fitness 0.94068706
fitness 0.94109035
fitness 0.9417609
fitness 0.94558823
fitness 0.94801176
fitness 0.9484377
fitness 0.9493725
fitness 0.9493986
fitness 0.9496091
fitness 0.9499167
Processing individual 654 for 'tabpfn_fhs'...
fit 0.9202457
fit 0.93750525
fit 0.94526845
fit 0.9573938
fit 0.96206766
Total steps: 900
fitness 0.9676397
fitness 0.96771586
fitness 0.96847
fitness 0.9685127
fitness 0.969128
fitness 0.9692755
fitness 0.97134423
fitness 0.9716021
fitness 0.9724589
fitness 0.9730456
fitness 0.9733014
fitness 0.9734873
fitness 0.9737905
fitness 0.9742529
Processing individual 655 for 'tabpfn_fhs'...
fit 0.65096277
fit 0.6619906
fit 0.70806456
fit 0.76113296
fit 0.79879206
Total steps: 900
fitness 0.8036044
fitness 0.80883765
fitness 0.8153699
fitness 0.81642264
fitness 0.8176873
fitness 0.8205827
fitness 0.8254756
fitness 0.8283471
fitness 0.8290367
fitness 0.8321072
fitness 0.83591676
fitness 0.83917284
Processing individual 656 for 'tabpfn_fhs'...
fit 0.8596258
fit 0.9029674
fit 0.9326874
fit 0.95004994
Total steps: 900
fitness 0.9555979
fitness 0.9592654
fitness 0.9593548
fitness 0.9596266
fitness 0.96266377
fitness 0.9629485
fitness 0.96386755
fitness 0.9645908
fitness 0.96533513
fitness 0.96569383
Processing individual 657 for 'tabpfn_fhs'...
fit 0.57138234
fit 0.63697386
fit 0.7096371
fit 0.73220855
fit 0.7400053
Total steps: 900
fitness 0.7409668
fitness 0.7464031
fitness 0.7525028
fitness 0.7542417
fitness 0.76922774
fitness 0.769953
fitness 0.7702476
fitness 0.7791009
fitness 0.77919847
Processing individual 658 for 'tabpfn_fhs'...
fit 0.7353784
fit 0.7612531
fit 0.7979625
fit 0.80159974
Total steps: 900
fitness 0.8017527
fitness 0.8027581
fitness 0.8045862
fitness 0.8057383
fitness 0.8116174
fitness 0.813099
fitness 0.8136482
fitness 0.81588864
fitness 0.81740457
fitness 0.8176828
fitness 0.8179858
fitness 0.8181937
fitness 0.8186407
fitness 0.8194803
Processing individual 659 for 'tabpfn_fhs'...
fit 0.9380559
fit 0.9540188
fit 0.96178085
fit 0.9705661
fit 0.97239965
Total steps: 900
fitness 0.9763684
fitness 0.9773581
fitness 0.9776199
fitness 0.9792238
fitness 0.9797429
fitness 0.9797436
fitness 0.9798636
fitness 0.97995704
fitness 0.98003215
fitness 0.9801217
fitness 0.9801507
Processing individual 660 for 'tabpfn_fhs'...
fit 0.7612771
fit 0.8295025
fit 0.8734323
fit 0.9129404
Total steps: 900
fitness 0.9242165
fitness 0.9311962
fitness 0.9313266
fitness 0.9362658
fitness 0.9365957
fitness 0.93724394
fitness 0.9407548
fitness 0.9417424
fitness 0.94404954
Processing individual 661 for 'tabpfn_fhs'...
fit 0.9274463
fit 0.9425861
fit 0.94909924
fit 0.9617315
fit 0.9651249
Total steps: 900
fitness 0.9701413
fitness 0.9703868
fitness 0.9709771
fitness 0.9730548
fitness 0.9734227
fitness 0.97391367
fitness 0.9746843
fitness 0.97475135
fitness 0.97480124
fitness 0.9751221
fitness 0.97612625
fitness 0.9761447
fitness 0.9763694
Processing individual 662 for 'tabpfn_fhs'...
fit 0.7204655
fit 0.76134676
fit 0.7754816
fit 0.83254945
fit 0.87933
Total steps: 900
fitness 0.8922507
fitness 0.9009083
fitness 0.90127295
fitness 0.90225166
fitness 0.90257174
fitness 0.9098661
fitness 0.9118953
fitness 0.91257584
fitness 0.91754943
fitness 0.9175496
fitness 0.9197784
Processing individual 663 for 'tabpfn_fhs'...
fit 0.8122332
fit 0.86598754
fit 0.90875953
fit 0.934042
Total steps: 900
fitness 0.9397152
fitness 0.9470245
fitness 0.950512
fitness 0.9517284
fitness 0.9549842
fitness 0.9550146
fitness 0.95712656
Processing individual 664 for 'tabpfn_fhs'...
fit 0.78771144
fit 0.806882
fit 0.8443694
fit 0.84453446
fit 0.8551195
Total steps: 900
fitness 0.85742664
fitness 0.8591676
fitness 0.8600914
fitness 0.8622315
fitness 0.8633902
fitness 0.86397135
fitness 0.8639905
fitness 0.8657674
fitness 0.8663977
fitness 0.8665046
fitness 0.86656255
fitness 0.8693122
fitness 0.8707839
fitness 0.870849
fitness 0.8708588
fitness 0.8762164
Processing individual 665 for 'tabpfn_fhs'...
fit 0.82928455
fit 0.86679816
fit 0.89687246
fit 0.89770377
Total steps: 900
fitness 0.8981381
fitness 0.9023591
fitness 0.905446
fitness 0.90554774
fitness 0.90745366
fitness 0.90820235
fitness 0.9097531
fitness 0.91155237
fitness 0.91206557
Processing individual 666 for 'tabpfn_fhs'...
fit 0.90411854
fit 0.9388539
fit 0.9565922
fit 0.96287274
Total steps: 900
fitness 0.967715
fitness 0.96909696
fitness 0.9693903
fitness 0.969471
fitness 0.9702866
fitness 0.97134095
fitness 0.972547
fitness 0.9727569
fitness 0.97280943
fitness 0.9741034
fitness 0.97410756
fitness 0.9742331
fitness 0.97441036
Processing individual 667 for 'tabpfn_fhs'...
fit 0.8286741
fit 0.8363484
fit 0.858928
fit 0.8906582
fit 0.90109336
Total steps: 900
fitness 0.90569353
fitness 0.90640986
fitness 0.9092127
fitness 0.9107457
fitness 0.91151625
fitness 0.9120996
fitness 0.91536444
fitness 0.9157858
fitness 0.9159123
fitness 0.9172921
fitness 0.9175557
fitness 0.91899854
Processing individual 668 for 'tabpfn_fhs'...
fit 0.9432157
fit 0.9542104
fit 0.96409404
fit 0.9704349
fit 0.97247905
Total steps: 900
fitness 0.9766801
fitness 0.97732335
fitness 0.97897875
fitness 0.97969496
fitness 0.9797515
fitness 0.9802863
fitness 0.9804195
fitness 0.9804505
Processing individual 669 for 'tabpfn_fhs'...
fit 0.7804488
fit 0.8500384
fit 0.8852302
fit 0.92133814
Total steps: 900
fitness 0.929352
fitness 0.936173
fitness 0.93625116
fitness 0.9368615
fitness 0.9406772
fitness 0.94247127
fitness 0.9460933
fitness 0.9486226
Processing individual 670 for 'tabpfn_fhs'...
fit 0.8028835
fit 0.85971355
fit 0.89906406
fit 0.9275885
Total steps: 900
fitness 0.93436396
fitness 0.94076514
fitness 0.9416654
fitness 0.94212645
fitness 0.9458703
fitness 0.9470912
fitness 0.94739175
fitness 0.9498243
fitness 0.9498933
fitness 0.95254385
Processing individual 671 for 'tabpfn_fhs'...
fit 0.9417965
fit 0.94921416
fit 0.9634974
fit 0.9701878
Total steps: 900
fitness 0.97084504
fitness 0.9709574
fitness 0.97122216
fitness 0.9713117
fitness 0.97198576
fitness 0.9731516
fitness 0.9769332
fitness 0.97792095
fitness 0.97795236
fitness 0.97801
fitness 0.97803634
fitness 0.97821695
fitness 0.97821796
Processing individual 672 for 'tabpfn_fhs'...
fit 0.93020993
fit 0.9436415
fit 0.9586746
fit 0.9688941
fit 0.96915567
Total steps: 900
fitness 0.96922857
fitness 0.9695188
fitness 0.9700774
fitness 0.9764159
fitness 0.9766205
fitness 0.9768192
fitness 0.9773003
fitness 0.9776506
fitness 0.9776852
Processing individual 673 for 'tabpfn_fhs'...
fit 0.85197115
fit 0.8898241
fit 0.9263671
fit 0.94635534
Total steps: 900
fitness 0.950938
fitness 0.9560843
fitness 0.95708287
fitness 0.95994353
fitness 0.95995766
fitness 0.9604708
fitness 0.96215785
fitness 0.9624661
Processing individual 674 for 'tabpfn_fhs'...
fit 0.8654448
fit 0.87788194
fit 0.8892452
fit 0.91983813
fit 0.9262094
Total steps: 900
fitness 0.9367356
fitness 0.9420515
fitness 0.94251215
fitness 0.9428887
fitness 0.9433034
fitness 0.9440572
fitness 0.9447426
fitness 0.94941646
fitness 0.951023
fitness 0.95186704
fitness 0.9542511
fitness 0.95427376
fitness 0.9571959
Processing individual 675 for 'tabpfn_fhs'...
fit 0.80507416
fit 0.8204629
fit 0.840713
fit 0.86802673
fit 0.88843274
Total steps: 900
fitness 0.8980166
fitness 0.89844626
fitness 0.8984689
fitness 0.9049845
fitness 0.9078898
fitness 0.90936816
fitness 0.90955323
fitness 0.90984005
fitness 0.9100663
fitness 0.9137582
fitness 0.9157028
fitness 0.91656363
fitness 0.9170146
fitness 0.9171429
Processing individual 676 for 'tabpfn_fhs'...
fit 0.93229645
fit 0.94831604
fit 0.9539769
fit 0.96394783
fit 0.9681408
Total steps: 900
fitness 0.9726351
fitness 0.9730243
fitness 0.97411877
fitness 0.97542745
fitness 0.9768008
fitness 0.9768879
fitness 0.9772241
fitness 0.97796154
fitness 0.97806025
Processing individual 677 for 'tabpfn_fhs'...
fit 0.90411854
fit 0.9388539
fit 0.9565922
fit 0.96287274
Total steps: 900
fitness 0.967715
fitness 0.96909696
fitness 0.9693903
fitness 0.969471
fitness 0.9702866
fitness 0.97134095
fitness 0.972547
fitness 0.9727569
fitness 0.97280943
fitness 0.9741034
fitness 0.97410756
fitness 0.9742331
fitness 0.97441036
Processing individual 678 for 'tabpfn_fhs'...
fit 0.8286741
fit 0.8363484
fit 0.858928
fit 0.8906582
fit 0.90109336
Total steps: 900
fitness 0.90569353
fitness 0.90640986
fitness 0.9092127
fitness 0.9107457
fitness 0.91151625
fitness 0.9120996
fitness 0.91536444
fitness 0.9157858
fitness 0.9159123
fitness 0.9172921
fitness 0.9175557
fitness 0.91899854
Processing individual 679 for 'tabpfn_fhs'...
fit 0.66863847
fit 0.70736
fit 0.733326
fit 0.7987196
fit 0.845256
Total steps: 900
fitness 0.8632429
fitness 0.87046933
fitness 0.8728396
fitness 0.88324887
fitness 0.8903785
fitness 0.89042187
fitness 0.89250547
Processing individual 680 for 'tabpfn_fhs'...
fit 0.87780195
fit 0.88903826
fit 0.91135776
fit 0.9311422
fit 0.9313829
fit 0.9315127
fit 0.9355992
Total steps: 900
fitness 0.9401001
fitness 0.94110096
fitness 0.94392306
fitness 0.9474901
fitness 0.9494705
fitness 0.95214295
fitness 0.95339084
fitness 0.9534869
fitness 0.95393807
fitness 0.954457
fitness 0.9548383
fitness 0.9553788
fitness 0.9554317
Processing individual 681 for 'tabpfn_fhs'...
fit 0.698558
fit 0.7576725
fit 0.76001596
fit 0.8226913
fit 0.8648384
Total steps: 900
fitness 0.88161373
fitness 0.88657075
fitness 0.8900522
fitness 0.8915059
fitness 0.90081596
fitness 0.9011151
fitness 0.90901697
fitness 0.90906227
Processing individual 682 for 'tabpfn_fhs'...
fit 0.7103461
fit 0.74285173
fit 0.76980853
fit 0.77494603
Total steps: 900
fitness 0.77661705
fitness 0.7801391
fitness 0.7807383
fitness 0.78397644
fitness 0.78573394
fitness 0.7860342
fitness 0.78695923
fitness 0.7872248
fitness 0.7886033
fitness 0.7922094
fitness 0.79222256
Processing individual 683 for 'tabpfn_fhs'...
fit 0.9481221
fit 0.9583378
fit 0.9674315
fit 0.9728575
fit 0.97480416
Total steps: 900
fitness 0.97839856
fitness 0.9784887
fitness 0.97890276
fitness 0.9807677
fitness 0.9810745
fitness 0.9811847
fitness 0.9816454
fitness 0.98197675
fitness 0.98197895
fitness 0.98208237
Processing individual 684 for 'tabpfn_fhs'...
fit 0.9066963
fit 0.9242564
fit 0.9314254
fit 0.9496732
fit 0.9550705
Total steps: 900
fitness 0.96149075
fitness 0.96262044
fitness 0.962644
fitness 0.9631077
fitness 0.9631598
fitness 0.96327484
fitness 0.96722656
fitness 0.96738833
fitness 0.9677562
fitness 0.96831596
fitness 0.96942747
fitness 0.96945775
fitness 0.969733
fitness 0.96986085
fitness 0.969905
Processing individual 685 for 'tabpfn_fhs'...
fit 0.87926656
fit 0.89233136
fit 0.9015607
fit 0.9292446
fit 0.9349734
Total steps: 900
fitness 0.9453737
fitness 0.9503341
fitness 0.9507191
fitness 0.95150864
fitness 0.9571352
fitness 0.95738953
fitness 0.9596527
fitness 0.95966953
fitness 0.9623973
Processing individual 686 for 'tabpfn_fhs'...
fit 0.7528415
fit 0.77970046
fit 0.8090465
fit 0.817517
Total steps: 900
fitness 0.8216322
fitness 0.8225988
fitness 0.8236265
fitness 0.8262697
fitness 0.8272606
fitness 0.8284209
fitness 0.8316241
fitness 0.8330797
fitness 0.83360994
fitness 0.8350023
Processing individual 687 for 'tabpfn_fhs'...
fit 0.9380559
fit 0.9540188
fit 0.96178085
fit 0.9705661
fit 0.97239965
Total steps: 900
fitness 0.9763684
fitness 0.9773581
fitness 0.9776199
fitness 0.9792238
fitness 0.9797429
fitness 0.9797436
fitness 0.9798636
fitness 0.97995704
fitness 0.98003215
fitness 0.9801217
fitness 0.9801507
Processing individual 688 for 'tabpfn_fhs'...
fit 0.7738318
fit 0.79594946
fit 0.83231294
fit 0.8405767
Total steps: 900
fitness 0.84064096
fitness 0.8444931
fitness 0.85247505
fitness 0.85310006
fitness 0.85335743
fitness 0.8537204
fitness 0.8537312
fitness 0.85541755
Processing individual 689 for 'tabpfn_fhs'...
fit 0.74636865
fit 0.7737055
fit 0.80265397
fit 0.8092836
Total steps: 900
fitness 0.81347257
fitness 0.81617206
fitness 0.81835616
fitness 0.8190811
fitness 0.82052964
fitness 0.8248453
fitness 0.82586515
fitness 0.8260992
fitness 0.82627344
fitness 0.82666457
fitness 0.8271171
fitness 0.8273537
fitness 0.82768464
Processing individual 690 for 'tabpfn_fhs'...
fit 0.9607078
fit 0.96835494
fit 0.97602695
fit 0.9795455
fit 0.9804619
fit 0.98047817
Total steps: 900
fitness 0.98204505
fitness 0.9822668
fitness 0.9828474
fitness 0.98438597
fitness 0.98505425
fitness 0.98568016
fitness 0.9857001
fitness 0.98572797
Processing individual 691 for 'tabpfn_fhs'...
fit 0.89802164
fit 0.9151979
fit 0.92393154
fit 0.9443066
fit 0.94961226
Total steps: 900
fitness 0.9578856
fitness 0.9597096
fitness 0.9598406
fitness 0.9598664
fitness 0.9604152
fitness 0.963837
fitness 0.9638574
fitness 0.9643127
fitness 0.96580815
fitness 0.9663534
fitness 0.9666778
fitness 0.96706295
fitness 0.967233
Processing individual 692 for 'tabpfn_fhs'...
fit 0.8028835
fit 0.85971355
fit 0.89906406
fit 0.9275885
Total steps: 900
fitness 0.93436396
fitness 0.94076514
fitness 0.9416654
fitness 0.94212645
fitness 0.9458703
fitness 0.9470912
fitness 0.94739175
fitness 0.9498243
fitness 0.9498933
fitness 0.95254385
Processing individual 693 for 'tabpfn_fhs'...
fit 0.87106013
fit 0.88613564
fit 0.89529425
fit 0.9230296
fit 0.931479
Total steps: 900
fitness 0.94167864
fitness 0.94628316
fitness 0.94790703
fitness 0.948501
fitness 0.95356154
fitness 0.9545207
fitness 0.95509934
fitness 0.9572251
fitness 0.9573887
fitness 0.9591614
Processing individual 694 for 'tabpfn_fhs'...
fit 0.6918329
fit 0.73514146
fit 0.74908745
fit 0.80121976
fit 0.8386952
Total steps: 900
fitness 0.8505958
fitness 0.8551298
fitness 0.8580845
fitness 0.85972846
fitness 0.8629717
fitness 0.86317885
fitness 0.86763
fitness 0.86817175
fitness 0.86855197
fitness 0.8720873
fitness 0.872287
Processing individual 695 for 'tabpfn_fhs'...
fit 0.6775191
fit 0.71630806
fit 0.73915553
fit 0.7924973
fit 0.83304083
Total steps: 900
fitness 0.8391426
fitness 0.8469159
fitness 0.8482604
fitness 0.8512318
fitness 0.8539256
fitness 0.85443103
fitness 0.8552587
fitness 0.8569601
fitness 0.8577943
fitness 0.8623586
fitness 0.8633448
fitness 0.86372435
Processing individual 696 for 'tabpfn_fhs'...
fit 0.9432157
fit 0.9542104
fit 0.96409404
fit 0.9704349
fit 0.97247905
Total steps: 900
fitness 0.9766801
fitness 0.97732335
fitness 0.97897875
fitness 0.97969496
fitness 0.9797515
fitness 0.9802863
fitness 0.9804195
fitness 0.9804505
Processing individual 697 for 'tabpfn_fhs'...
fit 0.9066963
fit 0.9242564
fit 0.9314254
fit 0.9496732
fit 0.9550705
Total steps: 900
fitness 0.96149075
fitness 0.96262044
fitness 0.962644
fitness 0.9631077
fitness 0.9631598
fitness 0.96327484
fitness 0.96722656
fitness 0.96738833
fitness 0.9677562
fitness 0.96831596
fitness 0.96942747
fitness 0.96945775
fitness 0.969733
fitness 0.96986085
fitness 0.969905
Processing individual 698 for 'tabpfn_fhs'...
fit 0.8654448
fit 0.87788194
fit 0.8892452
fit 0.91983813
fit 0.9262094
Total steps: 900
fitness 0.9367356
fitness 0.9420515
fitness 0.94251215
fitness 0.9428887
fitness 0.9433034
fitness 0.9440572
fitness 0.9447426
fitness 0.94941646
fitness 0.951023
fitness 0.95186704
fitness 0.9542511
fitness 0.95427376
fitness 0.9571959
Processing individual 699 for 'tabpfn_fhs'...
fit 0.9607078
fit 0.96835494
fit 0.97602695
fit 0.9795455
fit 0.9804619
fit 0.98047817
Total steps: 900
fitness 0.98204505
fitness 0.9822668
fitness 0.9828474
fitness 0.98438597
fitness 0.98505425
fitness 0.98568016
fitness 0.9857001
fitness 0.98572797
Processing individual 700 for 'tabpfn_fhs'...
fit 0.8596258
fit 0.9029674
fit 0.9326874
fit 0.95004994
Total steps: 900
fitness 0.9555979
fitness 0.9592654
fitness 0.9593548
fitness 0.9596266
fitness 0.96266377
fitness 0.9629485
fitness 0.96386755
fitness 0.9645908
fitness 0.96533513
fitness 0.96569383
Processing individual 701 for 'tabpfn_fhs'...
fit 0.9607078
fit 0.96835494
fit 0.97602695
fit 0.9795455
fit 0.9804619
fit 0.98047817
Total steps: 900
fitness 0.98204505
fitness 0.9822668
fitness 0.9828474
fitness 0.98438597
fitness 0.98505425
fitness 0.98568016
fitness 0.9857001
fitness 0.98572797
Processing individual 702 for 'tabpfn_fhs'...
fit 0.9527873
fit 0.9635112
fit 0.97012436
fit 0.9752993
fit 0.97593814
fit 0.97630405
Total steps: 900
fitness 0.9780404
fitness 0.97893614
fitness 0.9813001
fitness 0.9821652
fitness 0.9826472
fitness 0.98277456
fitness 0.98289776
fitness 0.9830867
fitness 0.9831778
Processing individual 703 for 'tabpfn_fhs'...
fit 0.7206241
fit 0.72560036
fit 0.766343
fit 0.7704388
Total steps: 900
fitness 0.77056354
fitness 0.7755266
fitness 0.7755288
fitness 0.78349334
fitness 0.7906528
fitness 0.79272413
fitness 0.7956719
fitness 0.79636484
fitness 0.7976521
Processing individual 704 for 'tabpfn_fhs'...
fit 0.90411854
fit 0.9388539
fit 0.9565922
fit 0.96287274
Total steps: 900
fitness 0.967715
fitness 0.96909696
fitness 0.9693903
fitness 0.969471
fitness 0.9702866
fitness 0.97134095
fitness 0.972547
fitness 0.9727569
fitness 0.97280943
fitness 0.9741034
fitness 0.97410756
fitness 0.9742331
fitness 0.97441036
Processing individual 705 for 'tabpfn_fhs'...
fit 0.7353784
fit 0.7612531
fit 0.7979625
fit 0.80159974
Total steps: 900
fitness 0.8017527
fitness 0.8027581
fitness 0.8045862
fitness 0.8057383
fitness 0.8116174
fitness 0.813099
fitness 0.8136482
fitness 0.81588864
fitness 0.81740457
fitness 0.8176828
fitness 0.8179858
fitness 0.8181937
fitness 0.8186407
fitness 0.8194803
Processing individual 706 for 'tabpfn_fhs'...
fit 0.9121996
fit 0.9405233
fit 0.9442806
fit 0.96026313
fit 0.965384
Total steps: 900
fitness 0.9697528
fitness 0.9714207
fitness 0.97217
fitness 0.9725527
fitness 0.9741129
fitness 0.97444564
fitness 0.97578734
fitness 0.9758873
Processing individual 707 for 'tabpfn_fhs'...
fit 0.856808
fit 0.8734586
fit 0.8900498
fit 0.9147311
fit 0.9227352
Total steps: 900
fitness 0.9274533
fitness 0.9277846
fitness 0.9309679
fitness 0.9326554
fitness 0.93327
fitness 0.9337156
fitness 0.9340403
fitness 0.93903315
fitness 0.9409369
fitness 0.94099253
fitness 0.9419067
fitness 0.9426233
fitness 0.9429103
fitness 0.9434446
Processing individual 708 for 'tabpfn_fhs'...
fit 0.8518381
fit 0.8636378
fit 0.87819535
fit 0.905689
fit 0.91883475
Total steps: 900
fitness 0.92919016
fitness 0.9329611
fitness 0.9345951
fitness 0.93585306
fitness 0.9371521
fitness 0.9433202
fitness 0.9436816
fitness 0.94388187
fitness 0.94820756
fitness 0.9507063
Processing individual 709 for 'tabpfn_fhs'...
fit 0.88034207
fit 0.92752635
fit 0.9463273
fit 0.9563989
Total steps: 900
fitness 0.9618663
fitness 0.9652025
fitness 0.96521634
fitness 0.96585315
fitness 0.96773785
fitness 0.96809995
fitness 0.96880454
fitness 0.96893895
fitness 0.96934843
fitness 0.9706339
fitness 0.97084403
Processing individual 710 for 'tabpfn_fhs'...
fit 0.8213006
fit 0.8310375
fit 0.84963286
fit 0.87897134
fit 0.8971692
Total steps: 900
fitness 0.9073061
fitness 0.9091075
fitness 0.91236484
fitness 0.92023057
fitness 0.9214947
fitness 0.92564076
fitness 0.9261762
fitness 0.92917436
Processing individual 711 for 'tabpfn_fhs'...
fit 0.6884834
fit 0.7320366
fit 0.75072
fit 0.8118992
fit 0.86345637
Total steps: 900
fitness 0.8738565
fitness 0.885367
fitness 0.88962364
fitness 0.8919141
fitness 0.8938157
fitness 0.89491445
fitness 0.89502305
fitness 0.8956213
fitness 0.8956757
fitness 0.89709365
Processing individual 712 for 'tabpfn_fhs'...
fit 0.7612771
fit 0.8295025
fit 0.8734323
fit 0.9129404
Total steps: 900
fitness 0.9242165
fitness 0.9311962
fitness 0.9313266
fitness 0.9362658
fitness 0.9365957
fitness 0.93724394
fitness 0.9407548
fitness 0.9417424
fitness 0.94404954
Processing individual 713 for 'tabpfn_fhs'...
fit 0.8028835
fit 0.85971355
fit 0.89906406
fit 0.9275885
Total steps: 900
fitness 0.93436396
fitness 0.94076514
fitness 0.9416654
fitness 0.94212645
fitness 0.9458703
fitness 0.9470912
fitness 0.94739175
fitness 0.9498243
fitness 0.9498933
fitness 0.95254385
Processing individual 714 for 'tabpfn_fhs'...
fit 0.75964844
fit 0.8169649
fit 0.8637948
fit 0.9073099
Total steps: 900
fitness 0.91735625
fitness 0.92483246
fitness 0.92657167
fitness 0.9277489
fitness 0.9306664
fitness 0.9310727
fitness 0.93111783
fitness 0.9327036
fitness 0.9362428
fitness 0.9367749
fitness 0.939991
Processing individual 715 for 'tabpfn_fhs'...
fit 0.8006439
fit 0.8535257
fit 0.8974478
fit 0.9030988
fit 0.9055208
fit 0.9074685
fit 0.911573
Total steps: 900
fitness 0.9147983
fitness 0.9268362
fitness 0.9277751
fitness 0.93144125
fitness 0.9330189
fitness 0.9358855
fitness 0.9374685
fitness 0.93869436
fitness 0.9395325
fitness 0.9398309
fitness 0.94015664
Processing individual 716 for 'tabpfn_fhs'...
fit 0.66863847
fit 0.70736
fit 0.733326
fit 0.7987196
fit 0.845256
Total steps: 900
fitness 0.8632429
fitness 0.87046933
fitness 0.8728396
fitness 0.88324887
fitness 0.8903785
fitness 0.89042187
fitness 0.89250547
Processing individual 717 for 'tabpfn_fhs'...
fit 0.890967
fit 0.9146107
fit 0.919488
fit 0.93928266
fit 0.9449776
Total steps: 900
fitness 0.9551801
fitness 0.95687306
fitness 0.9569272
fitness 0.9573749
fitness 0.961458
fitness 0.9628291
fitness 0.9646811
fitness 0.96481323
fitness 0.9658169
Processing individual 718 for 'tabpfn_fhs'...
fit 0.9211763
fit 0.94999266
fit 0.95020735
fit 0.964257
fit 0.96784985
Total steps: 900
fitness 0.97198975
fitness 0.9733341
fitness 0.973511
fitness 0.97381973
fitness 0.9742701
fitness 0.97562647
fitness 0.9760531
fitness 0.976917
fitness 0.97693723
fitness 0.97708166
fitness 0.97727776
Processing individual 719 for 'tabpfn_fhs'...
fit 0.8838832
fit 0.90219027
fit 0.90979105
fit 0.9352381
fit 0.94152945
Total steps: 900
fitness 0.95103276
fitness 0.9529828
fitness 0.95333356
fitness 0.9542953
fitness 0.9544518
fitness 0.95476115
fitness 0.95872146
fitness 0.9587588
fitness 0.959826
fitness 0.96170664
fitness 0.9622276
fitness 0.9623647
Processing individual 720 for 'tabpfn_fhs'...
fit 0.9121996
fit 0.9405233
fit 0.9442806
fit 0.96026313
fit 0.965384
Total steps: 900
fitness 0.9697528
fitness 0.9714207
fitness 0.97217
fitness 0.9725527
fitness 0.9741129
fitness 0.97444564
fitness 0.97578734
fitness 0.9758873
Processing individual 721 for 'tabpfn_fhs'...
fit 0.80507416
fit 0.8204629
fit 0.840713
fit 0.86802673
fit 0.88843274
Total steps: 900
fitness 0.8980166
fitness 0.89844626
fitness 0.8984689
fitness 0.9049845
fitness 0.9078898
fitness 0.90936816
fitness 0.90955323
fitness 0.90984005
fitness 0.9100663
fitness 0.9137582
fitness 0.9157028
fitness 0.91656363
fitness 0.9170146
fitness 0.9171429
Processing individual 722 for 'tabpfn_fhs'...
fit 0.96985066
fit 0.9737027
fit 0.982761
fit 0.98531145
fit 0.9854113
fit 0.98604226
Total steps: 900
fitness 0.98673904
fitness 0.98678076
fitness 0.987706
fitness 0.98883367
fitness 0.98927253
fitness 0.98983073
fitness 0.9898637
fitness 0.9899322
fitness 0.98995245
Processing individual 723 for 'tabpfn_fhs'...
fit 0.6291619
fit 0.64040494
fit 0.6995059
fit 0.757015
fit 0.7895371
Total steps: 900
fitness 0.79945123
fitness 0.80077964
fitness 0.8047651
fitness 0.80904347
fitness 0.81100994
fitness 0.8121501
fitness 0.8129242
fitness 0.815772
fitness 0.8220884
fitness 0.82469976
fitness 0.82477105
fitness 0.8247739
fitness 0.8273604
Processing individual 724 for 'tabpfn_fhs'...
fit 0.72680044
fit 0.79437596
fit 0.844306
fit 0.8850938
Total steps: 900
fitness 0.89863807
fitness 0.9084623
fitness 0.9085713
fitness 0.90937215
fitness 0.9153522
fitness 0.91606617
fitness 0.9162704
fitness 0.91716236
fitness 0.9225842
fitness 0.92261404
fitness 0.9254449
Processing individual 725 for 'tabpfn_fhs'...
fit 0.7205444
fit 0.74761313
fit 0.7789202
fit 0.7831502
Total steps: 900
fitness 0.7837372
fitness 0.7873028
fitness 0.7904192
fitness 0.79070836
fitness 0.7987164
fitness 0.8016831
fitness 0.805445
fitness 0.8074686
fitness 0.8162565
Processing individual 726 for 'tabpfn_fhs'...
fit 0.58510154
fit 0.5955161
fit 0.65110064
fit 0.72456896
fit 0.74299264
fit 0.7458701
Total steps: 900
fitness 0.7459606
fitness 0.75189835
fitness 0.7549854
fitness 0.7550173
fitness 0.77218187
fitness 0.77404857
fitness 0.77508825
fitness 0.776546
fitness 0.7766472
fitness 0.77813315
fitness 0.78179085
fitness 0.7942214
fitness 0.7977362
Processing individual 727 for 'tabpfn_fhs'...
fit 0.77010196
fit 0.80865633
fit 0.8305565
fit 0.8733278
fit 0.8875901
fit 0.8883991
Total steps: 900
fitness 0.89295655
fitness 0.89546025
fitness 0.9000095
fitness 0.9089458
fitness 0.9096755
fitness 0.9100818
fitness 0.9158208
fitness 0.9183989
fitness 0.91983825
fitness 0.9206818
fitness 0.9223917
fitness 0.9235947
Processing individual 728 for 'tabpfn_fhs'...
fit 0.6884834
fit 0.7320366
fit 0.75072
fit 0.8118992
fit 0.86345637
Total steps: 900
fitness 0.8738565
fitness 0.885367
fitness 0.88962364
fitness 0.8919141
fitness 0.8938157
fitness 0.89491445
fitness 0.89502305
fitness 0.8956213
fitness 0.8956757
fitness 0.89709365
Processing individual 729 for 'tabpfn_fhs'...
fit 0.9607078
fit 0.96835494
fit 0.97602695
fit 0.9795455
fit 0.9804619
fit 0.98047817
Total steps: 900
fitness 0.98204505
fitness 0.9822668
fitness 0.9828474
fitness 0.98438597
fitness 0.98505425
fitness 0.98568016
fitness 0.9857001
fitness 0.98572797
Processing individual 730 for 'tabpfn_fhs'...
fit 0.88034207
fit 0.92752635
fit 0.9463273
fit 0.9563989
Total steps: 900
fitness 0.9618663
fitness 0.9652025
fitness 0.96521634
fitness 0.96585315
fitness 0.96773785
fitness 0.96809995
fitness 0.96880454
fitness 0.96893895
fitness 0.96934843
fitness 0.9706339
fitness 0.97084403
Processing individual 731 for 'tabpfn_fhs'...
fit 0.6852374
fit 0.71836424
fit 0.7453294
fit 0.8043443
fit 0.8494233
Total steps: 900
fitness 0.8686964
fitness 0.87670195
fitness 0.8778939
fitness 0.8884109
fitness 0.88960516
fitness 0.89683384
fitness 0.8969712
fitness 0.89808166
Processing individual 732 for 'tabpfn_fhs'...
fit 0.890967
fit 0.9146107
fit 0.919488
fit 0.93928266
fit 0.9449776
Total steps: 900
fitness 0.9551801
fitness 0.95687306
fitness 0.9569272
fitness 0.9573749
fitness 0.961458
fitness 0.9628291
fitness 0.9646811
fitness 0.96481323
fitness 0.9658169
Processing individual 733 for 'tabpfn_fhs'...
fit 0.9274463
fit 0.9425861
fit 0.94909924
fit 0.9617315
fit 0.9651249
Total steps: 900
fitness 0.9701413
fitness 0.9703868
fitness 0.9709771
fitness 0.9730548
fitness 0.9734227
fitness 0.97391367
fitness 0.9746843
fitness 0.97475135
fitness 0.97480124
fitness 0.9751221
fitness 0.97612625
fitness 0.9761447
fitness 0.9763694
Processing individual 734 for 'tabpfn_fhs'...
fit 0.9527873
fit 0.9635112
fit 0.97012436
fit 0.9752993
fit 0.97593814
fit 0.97630405
Total steps: 900
fitness 0.9780404
fitness 0.97893614
fitness 0.9813001
fitness 0.9821652
fitness 0.9826472
fitness 0.98277456
fitness 0.98289776
fitness 0.9830867
fitness 0.9831778
Processing individual 735 for 'tabpfn_fhs'...
fit 0.87106013
fit 0.88613564
fit 0.89529425
fit 0.9230296
fit 0.931479
Total steps: 900
fitness 0.94167864
fitness 0.94628316
fitness 0.94790703
fitness 0.948501
fitness 0.95356154
fitness 0.9545207
fitness 0.95509934
fitness 0.9572251
fitness 0.9573887
fitness 0.9591614
Processing individual 736 for 'tabpfn_fhs'...
fit 0.92859674
fit 0.95416987
fit 0.95711017
fit 0.9667473
fit 0.97014564
Total steps: 900
fitness 0.97416836
fitness 0.9752539
fitness 0.9757596
fitness 0.97626305
fitness 0.977587
fitness 0.97764623
fitness 0.9786225
fitness 0.97862357
Processing individual 737 for 'tabpfn_fhs'...
fit 0.66957736
fit 0.7053055
fit 0.7363166
fit 0.78253984
fit 0.8206867
Total steps: 900
fitness 0.83156896
fitness 0.8376627
fitness 0.84225345
fitness 0.8444618
fitness 0.84507716
fitness 0.8451542
fitness 0.84605986
fitness 0.8485182
fitness 0.85023695
fitness 0.85053426
fitness 0.8515566
fitness 0.85333973
fitness 0.8537843
fitness 0.8539818
Processing individual 738 for 'tabpfn_fhs'...
fit 0.8122332
fit 0.86598754
fit 0.90875953
fit 0.934042
Total steps: 900
fitness 0.9397152
fitness 0.9470245
fitness 0.950512
fitness 0.9517284
fitness 0.9549842
fitness 0.9550146
fitness 0.95712656
Processing individual 739 for 'tabpfn_fhs'...
fit 0.7177461
fit 0.7519454
fit 0.7751299
fit 0.82726574
fit 0.8601333
Total steps: 900
fitness 0.8719415
fitness 0.87640095
fitness 0.87750405
fitness 0.8780896
fitness 0.88238126
fitness 0.8830014
fitness 0.88450855
fitness 0.88638955
fitness 0.88757956
Processing individual 740 for 'tabpfn_fhs'...
fit 0.7299979
fit 0.75636196
fit 0.78630126
fit 0.7926421
Total steps: 900
fitness 0.79287577
fitness 0.7946099
fitness 0.7956028
fitness 0.7959366
fitness 0.7987479
fitness 0.80270994
fitness 0.8069395
fitness 0.81369406
fitness 0.81707054
fitness 0.8199681
fitness 0.82044566
fitness 0.822847
Processing individual 741 for 'tabpfn_fhs'...
fit 0.9211763
fit 0.94999266
fit 0.95020735
fit 0.964257
fit 0.96784985
Total steps: 900
fitness 0.97198975
fitness 0.9733341
fitness 0.973511
fitness 0.97381973
fitness 0.9742701
fitness 0.97562647
fitness 0.9760531
fitness 0.976917
fitness 0.97693723
fitness 0.97708166
fitness 0.97727776
Processing individual 742 for 'tabpfn_fhs'...
fit 0.57138234
fit 0.63697386
fit 0.7096371
fit 0.73220855
fit 0.7400053
Total steps: 900
fitness 0.7409668
fitness 0.7464031
fitness 0.7525028
fitness 0.7542417
fitness 0.76922774
fitness 0.769953
fitness 0.7702476
fitness 0.7791009
fitness 0.77919847
Processing individual 743 for 'tabpfn_fhs'...
fit 0.8518381
fit 0.8636378
fit 0.87819535
fit 0.905689
fit 0.91883475
Total steps: 900
fitness 0.92919016
fitness 0.9329611
fitness 0.9345951
fitness 0.93585306
fitness 0.9371521
fitness 0.9433202
fitness 0.9436816
fitness 0.94388187
fitness 0.94820756
fitness 0.9507063
Processing individual 744 for 'tabpfn_fhs'...
fit 0.90411854
fit 0.9388539
fit 0.9565922
fit 0.96287274
Total steps: 900
fitness 0.967715
fitness 0.96909696
fitness 0.9693903
fitness 0.969471
fitness 0.9702866
fitness 0.97134095
fitness 0.972547
fitness 0.9727569
fitness 0.97280943
fitness 0.9741034
fitness 0.97410756
fitness 0.9742331
fitness 0.97441036
Processing individual 745 for 'tabpfn_fhs'...
fit 0.8197266
fit 0.82815516
fit 0.853426
fit 0.88253856
fit 0.8929244
Total steps: 900
fitness 0.89798194
fitness 0.8988894
fitness 0.9017038
fitness 0.90252197
fitness 0.9033576
fitness 0.9044964
fitness 0.90630925
fitness 0.9085971
fitness 0.9095677
fitness 0.9095708
fitness 0.9142436
Processing individual 746 for 'tabpfn_fhs'...
fit 0.9607078
fit 0.96835494
fit 0.97602695
fit 0.9795455
fit 0.9804619
fit 0.98047817
Total steps: 900
fitness 0.98204505
fitness 0.9822668
fitness 0.9828474
fitness 0.98438597
fitness 0.98505425
fitness 0.98568016
fitness 0.9857001
fitness 0.98572797
Processing individual 747 for 'tabpfn_fhs'...
fit 0.5414438
fit 0.6019153
fit 0.6838352
fit 0.6954441
fit 0.7077968
Total steps: 900
fitness 0.7083374
fitness 0.70868224
fitness 0.71266794
fitness 0.715869
fitness 0.7177841
fitness 0.73453236
fitness 0.74041957
fitness 0.7423518
fitness 0.74254197
fitness 0.7454761
fitness 0.7480927
fitness 0.74824554
fitness 0.74840057
fitness 0.75484174
fitness 0.7587978
Processing individual 748 for 'tabpfn_fhs'...
fit 0.95751125
fit 0.9649937
fit 0.9727624
fit 0.97732246
fit 0.9779881
fit 0.97847795
Total steps: 900
fitness 0.9800244
fitness 0.9801663
fitness 0.9811995
fitness 0.9828375
fitness 0.983537
fitness 0.9841438
fitness 0.984233
fitness 0.98433703
fitness 0.98441124
fitness 0.9844714
fitness 0.98458654
Processing individual 749 for 'tabpfn_fhs'...
fit 0.87106013
fit 0.88613564
fit 0.89529425
fit 0.9230296
fit 0.931479
Total steps: 900
fitness 0.94167864
fitness 0.94628316
fitness 0.94790703
fitness 0.948501
fitness 0.95356154
fitness 0.9545207
fitness 0.95509934
fitness 0.9572251
fitness 0.9573887
fitness 0.9591614
Processing individual 750 for 'tabpfn_fhs'...
fit 0.8412467
fit 0.85260385
fit 0.86543685
fit 0.89495236
fit 0.90982604
Total steps: 900
fitness 0.92167675
fitness 0.92698836
fitness 0.9278095
fitness 0.933851
fitness 0.9342668
fitness 0.93507403
fitness 0.9355618
fitness 0.940068
fitness 0.9450043
Processing individual 751 for 'tabpfn_fhs'...
fit 0.707567
fit 0.77662003
fit 0.82497495
fit 0.8675924
Total steps: 900
fitness 0.8842107
fitness 0.89274603
fitness 0.8962251
fitness 0.8968663
fitness 0.90677094
fitness 0.9080549
fitness 0.91212016
fitness 0.91623044
Processing individual 752 for 'tabpfn_fhs'...
fit 0.91451937
fit 0.9264768
fit 0.9433487
fit 0.9552362
fit 0.9552816
Total steps: 900
fitness 0.95591116
fitness 0.9656528
fitness 0.9658796
fitness 0.9662771
fitness 0.9664506
fitness 0.9668477
fitness 0.96692127
fitness 0.96704507
fitness 0.96739715
fitness 0.96748394
fitness 0.96786237
Processing individual 753 for 'tabpfn_fhs'...
fit 0.87780195
fit 0.88903826
fit 0.91135776
fit 0.9311422
fit 0.9313829
fit 0.9315127
fit 0.9355992
Total steps: 900
fitness 0.9401001
fitness 0.94110096
fitness 0.94392306
fitness 0.9474901
fitness 0.9494705
fitness 0.95214295
fitness 0.95339084
fitness 0.9534869
fitness 0.95393807
fitness 0.954457
fitness 0.9548383
fitness 0.9553788
fitness 0.9554317
Processing individual 754 for 'tabpfn_fhs'...
fit 0.85197115
fit 0.8898241
fit 0.9263671
fit 0.94635534
Total steps: 900
fitness 0.950938
fitness 0.9560843
fitness 0.95708287
fitness 0.95994353
fitness 0.95995766
fitness 0.9604708
fitness 0.96215785
fitness 0.9624661
Processing individual 755 for 'tabpfn_fhs'...
fit 0.8638466
fit 0.8656692
fit 0.8995506
fit 0.9238571
Total steps: 900
fitness 0.927776
fitness 0.93085384
fitness 0.93373626
fitness 0.9356117
fitness 0.93616396
fitness 0.9361702
fitness 0.93667394
fitness 0.9370567
fitness 0.9374897
fitness 0.937529
fitness 0.9377542
fitness 0.93910164
fitness 0.9391589
Processing individual 756 for 'tabpfn_fhs'...
fit 0.5632684
fit 0.62984604
fit 0.7023251
fit 0.7232759
fit 0.73616076
Total steps: 900
fitness 0.73620975
fitness 0.7386434
fitness 0.7408924
fitness 0.7539017
fitness 0.7572745
fitness 0.7600219
fitness 0.7634783
fitness 0.76953554
fitness 0.771375
fitness 0.7818608
Processing individual 757 for 'tabpfn_fhs'...
fit 0.9066963
fit 0.9242564
fit 0.9314254
fit 0.9496732
fit 0.9550705
Total steps: 900
fitness 0.96149075
fitness 0.96262044
fitness 0.962644
fitness 0.9631077
fitness 0.9631598
fitness 0.96327484
fitness 0.96722656
fitness 0.96738833
fitness 0.9677562
fitness 0.96831596
fitness 0.96942747
fitness 0.96945775
fitness 0.969733
fitness 0.96986085
fitness 0.969905
Processing individual 758 for 'tabpfn_fhs'...
fit 0.8286741
fit 0.8363484
fit 0.858928
fit 0.8906582
fit 0.90109336
Total steps: 900
fitness 0.90569353
fitness 0.90640986
fitness 0.9092127
fitness 0.9107457
fitness 0.91151625
fitness 0.9120996
fitness 0.91536444
fitness 0.9157858
fitness 0.9159123
fitness 0.9172921
fitness 0.9175557
fitness 0.91899854
Processing individual 759 for 'tabpfn_fhs'...
fit 0.78771144
fit 0.806882
fit 0.8443694
fit 0.84453446
fit 0.8551195
Total steps: 900
fitness 0.85742664
fitness 0.8591676
fitness 0.8600914
fitness 0.8622315
fitness 0.8633902
fitness 0.86397135
fitness 0.8639905
fitness 0.8657674
fitness 0.8663977
fitness 0.8665046
fitness 0.86656255
fitness 0.8693122
fitness 0.8707839
fitness 0.870849
fitness 0.8708588
fitness 0.8762164
Processing individual 760 for 'tabpfn_fhs'...
fit 0.6852374
fit 0.71836424
fit 0.7453294
fit 0.8043443
fit 0.8494233
Total steps: 900
fitness 0.8686964
fitness 0.87670195
fitness 0.8778939
fitness 0.8884109
fitness 0.88960516
fitness 0.89683384
fitness 0.8969712
fitness 0.89808166
Processing individual 761 for 'tabpfn_fhs'...
fit 0.8122332
fit 0.86598754
fit 0.90875953
fit 0.934042
Total steps: 900
fitness 0.9397152
fitness 0.9470245
fitness 0.950512
fitness 0.9517284
fitness 0.9549842
fitness 0.9550146
fitness 0.95712656
Processing individual 762 for 'tabpfn_fhs'...
fit 0.88034207
fit 0.92752635
fit 0.9463273
fit 0.9563989
Total steps: 900
fitness 0.9618663
fitness 0.9652025
fitness 0.96521634
fitness 0.96585315
fitness 0.96773785
fitness 0.96809995
fitness 0.96880454
fitness 0.96893895
fitness 0.96934843
fitness 0.9706339
fitness 0.97084403
Processing individual 763 for 'tabpfn_fhs'...
fit 0.62230366
fit 0.66996783
fit 0.6952112
fit 0.7637797
fit 0.8163347
Total steps: 900
fitness 0.8329741
fitness 0.84177023
fitness 0.8510671
fitness 0.8517457
fitness 0.8532636
fitness 0.8542172
fitness 0.8631678
fitness 0.8631958
fitness 0.86474293
Processing individual 764 for 'tabpfn_fhs'...
fit 0.9066963
fit 0.9242564
fit 0.9314254
fit 0.9496732
fit 0.9550705
Total steps: 900
fitness 0.96149075
fitness 0.96262044
fitness 0.962644
fitness 0.9631077
fitness 0.9631598
fitness 0.96327484
fitness 0.96722656
fitness 0.96738833
fitness 0.9677562
fitness 0.96831596
fitness 0.96942747
fitness 0.96945775
fitness 0.969733
fitness 0.96986085
fitness 0.969905
Processing individual 765 for 'tabpfn_fhs'...
fit 0.6884834
fit 0.7320366
fit 0.75072
fit 0.8118992
fit 0.86345637
Total steps: 900
fitness 0.8738565
fitness 0.885367
fitness 0.88962364
fitness 0.8919141
fitness 0.8938157
fitness 0.89491445
fitness 0.89502305
fitness 0.8956213
fitness 0.8956757
fitness 0.89709365
Processing individual 766 for 'tabpfn_fhs'...
fit 0.66863847
fit 0.70736
fit 0.733326
fit 0.7987196
fit 0.845256
Total steps: 900
fitness 0.8632429
fitness 0.87046933
fitness 0.8728396
fitness 0.88324887
fitness 0.8903785
fitness 0.89042187
fitness 0.89250547
Processing individual 767 for 'tabpfn_fhs'...
fit 0.746579
fit 0.7886619
fit 0.7934456
fit 0.84777707
fit 0.8929535
Total steps: 900
fitness 0.90523434
fitness 0.91275704
fitness 0.91378075
fitness 0.91557145
fitness 0.91616493
fitness 0.9213224
fitness 0.9214971
fitness 0.9221969
fitness 0.9264945
fitness 0.92652303
fitness 0.9266909
fitness 0.9302813
fitness 0.93043166
Processing individual 768 for 'tabpfn_fhs'...
fit 0.65096277
fit 0.6619906
fit 0.70806456
fit 0.76113296
fit 0.79879206
Total steps: 900
fitness 0.8036044
fitness 0.80883765
fitness 0.8153699
fitness 0.81642264
fitness 0.8176873
fitness 0.8205827
fitness 0.8254756
fitness 0.8283471
fitness 0.8290367
fitness 0.8321072
fitness 0.83591676
fitness 0.83917284
Processing individual 769 for 'tabpfn_fhs'...
fit 0.85936606
fit 0.8699735
fit 0.8848174
fit 0.9124186
fit 0.92219734
Total steps: 900
fitness 0.931921
fitness 0.93856245
fitness 0.9385797
fitness 0.9394237
fitness 0.94151825
fitness 0.94618404
fitness 0.9475968
fitness 0.9484652
fitness 0.951059
fitness 0.95107585
fitness 0.9539714
Processing individual 770 for 'tabpfn_fhs'...
fit 0.890967
fit 0.9146107
fit 0.919488
fit 0.93928266
fit 0.9449776
Total steps: 900
fitness 0.9551801
fitness 0.95687306
fitness 0.9569272
fitness 0.9573749
fitness 0.961458
fitness 0.9628291
fitness 0.9646811
fitness 0.96481323
fitness 0.9658169
Processing individual 771 for 'tabpfn_fhs'...
fit 0.96383095
fit 0.96961224
fit 0.9786457
fit 0.98177034
fit 0.98187786
fit 0.982159
Total steps: 900
fitness 0.98351574
fitness 0.9838613
fitness 0.98426944
fitness 0.9859202
fitness 0.9865289
fitness 0.98694855
fitness 0.98712206
fitness 0.98714286
fitness 0.9872365
Processing individual 772 for 'tabpfn_fhs'...
fit 0.9432157
fit 0.9542104
fit 0.96409404
fit 0.9704349
fit 0.97247905
Total steps: 900
fitness 0.9766801
fitness 0.97732335
fitness 0.97897875
fitness 0.97969496
fitness 0.9797515
fitness 0.9802863
fitness 0.9804195
fitness 0.9804505
Processing individual 773 for 'tabpfn_fhs'...
fit 0.8028835
fit 0.85971355
fit 0.89906406
fit 0.9275885
Total steps: 900
fitness 0.93436396
fitness 0.94076514
fitness 0.9416654
fitness 0.94212645
fitness 0.9458703
fitness 0.9470912
fitness 0.94739175
fitness 0.9498243
fitness 0.9498933
fitness 0.95254385
Processing individual 774 for 'tabpfn_fhs'...
fit 0.8474424
fit 0.86098087
fit 0.8713066
fit 0.90252167
fit 0.9157246
Total steps: 900
fitness 0.9253691
fitness 0.9301013
fitness 0.93125236
fitness 0.9318878
fitness 0.93822265
fitness 0.93925357
fitness 0.9393674
fitness 0.9401937
fitness 0.94352746
fitness 0.9435343
fitness 0.9476709
Processing individual 775 for 'tabpfn_fhs'...
fit 0.65444565
fit 0.6751802
fit 0.7121665
fit 0.7682759
fit 0.8100503
Total steps: 900
fitness 0.8135209
fitness 0.8199649
fitness 0.8243821
fitness 0.8270527
fitness 0.8291402
fitness 0.8301369
fitness 0.83744574
fitness 0.8432494
fitness 0.8477427
fitness 0.849366
Processing individual 776 for 'tabpfn_fhs'...
fit 0.7799309
fit 0.8018385
fit 0.83764386
fit 0.83783394
fit 0.84684783
Total steps: 900
fitness 0.84896785
fitness 0.851646
fitness 0.85709333
fitness 0.85783476
fitness 0.8585655
fitness 0.861648
fitness 0.86258876
fitness 0.8632657
fitness 0.8637123
fitness 0.8683219
fitness 0.8696922
fitness 0.8697454
Processing individual 777 for 'tabpfn_fhs'...
fit 0.9202457
fit 0.93750525
fit 0.94526845
fit 0.9573938
fit 0.96206766
Total steps: 900
fitness 0.9676397
fitness 0.96771586
fitness 0.96847
fitness 0.9685127
fitness 0.969128
fitness 0.9692755
fitness 0.97134423
fitness 0.9716021
fitness 0.9724589
fitness 0.9730456
fitness 0.9733014
fitness 0.9734873
fitness 0.9737905
fitness 0.9742529
Processing individual 778 for 'tabpfn_fhs'...
fit 0.9481221
fit 0.9583378
fit 0.9674315
fit 0.9728575
fit 0.97480416
Total steps: 900
fitness 0.97839856
fitness 0.9784887
fitness 0.97890276
fitness 0.9807677
fitness 0.9810745
fitness 0.9811847
fitness 0.9816454
fitness 0.98197675
fitness 0.98197895
fitness 0.98208237
Processing individual 779 for 'tabpfn_fhs'...
fit 0.8213006
fit 0.8310375
fit 0.84963286
fit 0.87897134
fit 0.8971692
Total steps: 900
fitness 0.9073061
fitness 0.9091075
fitness 0.91236484
fitness 0.92023057
fitness 0.9214947
fitness 0.92564076
fitness 0.9261762
fitness 0.92917436
Processing individual 780 for 'tabpfn_fhs'...
fit 0.8596258
fit 0.9029674
fit 0.9326874
fit 0.95004994
Total steps: 900
fitness 0.9555979
fitness 0.9592654
fitness 0.9593548
fitness 0.9596266
fitness 0.96266377
fitness 0.9629485
fitness 0.96386755
fitness 0.9645908
fitness 0.96533513
fitness 0.96569383
Processing individual 781 for 'tabpfn_fhs'...
fit 0.89802164
fit 0.9151979
fit 0.92393154
fit 0.9443066
fit 0.94961226
Total steps: 900
fitness 0.9578856
fitness 0.9597096
fitness 0.9598406
fitness 0.9598664
fitness 0.9604152
fitness 0.963837
fitness 0.9638574
fitness 0.9643127
fitness 0.96580815
fitness 0.9663534
fitness 0.9666778
fitness 0.96706295
fitness 0.967233
Processing individual 782 for 'tabpfn_fhs'...
fit 0.66957736
fit 0.7053055
fit 0.7363166
fit 0.78253984
fit 0.8206867
Total steps: 900
fitness 0.83156896
fitness 0.8376627
fitness 0.84225345
fitness 0.8444618
fitness 0.84507716
fitness 0.8451542
fitness 0.84605986
fitness 0.8485182
fitness 0.85023695
fitness 0.85053426
fitness 0.8515566
fitness 0.85333973
fitness 0.8537843
fitness 0.8539818
Processing individual 783 for 'tabpfn_fhs'...
fit 0.7331232
fit 0.79000723
fit 0.8547332
fit 0.8933985
Total steps: 900
fitness 0.9020868
fitness 0.90473086
fitness 0.90881824
fitness 0.9088869
fitness 0.9101176
fitness 0.91044354
fitness 0.9193423
fitness 0.9195219
fitness 0.91959137
fitness 0.9206285
fitness 0.9207576
fitness 0.92633486
fitness 0.9264705
fitness 0.9293702
Processing individual 784 for 'tabpfn_fhs'...
fit 0.8197266
fit 0.82815516
fit 0.853426
fit 0.88253856
fit 0.8929244
Total steps: 900
fitness 0.89798194
fitness 0.8988894
fitness 0.9017038
fitness 0.90252197
fitness 0.9033576
fitness 0.9044964
fitness 0.90630925
fitness 0.9085971
fitness 0.9095677
fitness 0.9095708
fitness 0.9142436
Processing individual 785 for 'tabpfn_fhs'...
fit 0.6127745
fit 0.6475247
fit 0.67815906
fit 0.7578387
fit 0.7991402
Total steps: 900
fitness 0.80708694
fitness 0.8094127
fitness 0.80951226
fitness 0.81207585
fitness 0.8126763
fitness 0.8378068
fitness 0.84193194
fitness 0.84485877
fitness 0.8451645
fitness 0.8501697
fitness 0.8519196
Processing individual 786 for 'tabpfn_fhs'...
fit 0.8028835
fit 0.85971355
fit 0.89906406
fit 0.9275885
Total steps: 900
fitness 0.93436396
fitness 0.94076514
fitness 0.9416654
fitness 0.94212645
fitness 0.9458703
fitness 0.9470912
fitness 0.94739175
fitness 0.9498243
fitness 0.9498933
fitness 0.95254385
Processing individual 787 for 'tabpfn_fhs'...
fit 0.87106013
fit 0.88613564
fit 0.89529425
fit 0.9230296
fit 0.931479
Total steps: 900
fitness 0.94167864
fitness 0.94628316
fitness 0.94790703
fitness 0.948501
fitness 0.95356154
fitness 0.9545207
fitness 0.95509934
fitness 0.9572251
fitness 0.9573887
fitness 0.9591614
Processing individual 788 for 'tabpfn_fhs'...
fit 0.9066963
fit 0.9242564
fit 0.9314254
fit 0.9496732
fit 0.9550705
Total steps: 900
fitness 0.96149075
fitness 0.96262044
fitness 0.962644
fitness 0.9631077
fitness 0.9631598
fitness 0.96327484
fitness 0.96722656
fitness 0.96738833
fitness 0.9677562
fitness 0.96831596
fitness 0.96942747
fitness 0.96945775
fitness 0.969733
fitness 0.96986085
fitness 0.969905
Processing individual 789 for 'tabpfn_fhs'...
fit 0.8518381
fit 0.8636378
fit 0.87819535
fit 0.905689
fit 0.91883475
Total steps: 900
fitness 0.92919016
fitness 0.9329611
fitness 0.9345951
fitness 0.93585306
fitness 0.9371521
fitness 0.9433202
fitness 0.9436816
fitness 0.94388187
fitness 0.94820756
fitness 0.9507063
Processing individual 790 for 'tabpfn_fhs'...
fit 0.87926656
fit 0.89233136
fit 0.9015607
fit 0.9292446
fit 0.9349734
Total steps: 900
fitness 0.9453737
fitness 0.9503341
fitness 0.9507191
fitness 0.95150864
fitness 0.9571352
fitness 0.95738953
fitness 0.9596527
fitness 0.95966953
fitness 0.9623973
Processing individual 791 for 'tabpfn_fhs'...
fit 0.8128501
fit 0.8165618
fit 0.8459144
fit 0.874027
fit 0.8933397
Total steps: 900
fitness 0.9019419
fitness 0.9052886
fitness 0.9056349
fitness 0.90681523
fitness 0.90758955
fitness 0.9155991
fitness 0.91648364
fitness 0.91675615
fitness 0.921582
fitness 0.9224879
fitness 0.92372406
Processing individual 792 for 'tabpfn_fhs'...
fit 0.80507416
fit 0.8204629
fit 0.840713
fit 0.86802673
fit 0.88843274
Total steps: 900
fitness 0.8980166
fitness 0.89844626
fitness 0.8984689
fitness 0.9049845
fitness 0.9078898
fitness 0.90936816
fitness 0.90955323
fitness 0.90984005
fitness 0.9100663
fitness 0.9137582
fitness 0.9157028
fitness 0.91656363
fitness 0.9170146
fitness 0.9171429
Processing individual 793 for 'tabpfn_fhs'...
fit 0.87926656
fit 0.89233136
fit 0.9015607
fit 0.9292446
fit 0.9349734
Total steps: 900
fitness 0.9453737
fitness 0.9503341
fitness 0.9507191
fitness 0.95150864
fitness 0.9571352
fitness 0.95738953
fitness 0.9596527
fitness 0.95966953
fitness 0.9623973
Processing individual 794 for 'tabpfn_fhs'...
fit 0.9432157
fit 0.9542104
fit 0.96409404
fit 0.9704349
fit 0.97247905
Total steps: 900
fitness 0.9766801
fitness 0.97732335
fitness 0.97897875
fitness 0.97969496
fitness 0.9797515
fitness 0.9802863
fitness 0.9804195
fitness 0.9804505
Processing individual 795 for 'tabpfn_fhs'...
fit 0.8213006
fit 0.8310375
fit 0.84963286
fit 0.87897134
fit 0.8971692
Total steps: 900
fitness 0.9073061
fitness 0.9091075
fitness 0.91236484
fitness 0.92023057
fitness 0.9214947
fitness 0.92564076
fitness 0.9261762
fitness 0.92917436
Processing individual 796 for 'tabpfn_fhs'...
fit 0.59786415
fit 0.60760444
fit 0.6569057
fit 0.726312
fit 0.75211114
fit 0.7639266
Total steps: 900
fitness 0.76426226
fitness 0.78210104
fitness 0.7844675
fitness 0.7879416
fitness 0.790728
fitness 0.7959542
fitness 0.80235875
Processing individual 797 for 'tabpfn_fhs'...
fit 0.9380241
fit 0.9520589
fit 0.95825505
fit 0.9682263
fit 0.97057116
Total steps: 900
fitness 0.9748163
fitness 0.97504264
fitness 0.9753981
fitness 0.9754809
fitness 0.9777496
fitness 0.97837174
fitness 0.9784805
fitness 0.97862816
fitness 0.9787398
fitness 0.9793763
fitness 0.9793891
fitness 0.9793919
Processing individual 798 for 'tabpfn_fhs'...
fit 0.8254692
fit 0.8949664
fit 0.9154917
fit 0.939113
Total steps: 900
fitness 0.94634867
fitness 0.9511329
fitness 0.95126355
fitness 0.9519116
fitness 0.9557316
fitness 0.9566064
fitness 0.95860654
fitness 0.9586377
fitness 0.9607371
Processing individual 799 for 'tabpfn_fhs'...
fit 0.92859674
fit 0.95416987
fit 0.95711017
fit 0.9667473
fit 0.97014564
Total steps: 900
fitness 0.97416836
fitness 0.9752539
fitness 0.9757596
fitness 0.97626305
fitness 0.977587
fitness 0.97764623
fitness 0.9786225
fitness 0.97862357
Processing individual 800 for 'tabpfn_fhs'...
fit 0.9432157
fit 0.9542104
fit 0.96409404
fit 0.9704349
fit 0.97247905
Total steps: 900
fitness 0.9766801
fitness 0.97732335
fitness 0.97897875
fitness 0.97969496
fitness 0.9797515
fitness 0.9802863
fitness 0.9804195
fitness 0.9804505
Processing individual 801 for 'tabpfn_fhs'...
fit 0.66055703
fit 0.68499845
fit 0.7216996
fit 0.7753768
fit 0.8152985
Total steps: 900
fitness 0.8199698
fitness 0.83100903
fitness 0.8340329
fitness 0.840496
fitness 0.84116954
fitness 0.84357035
fitness 0.8482278
fitness 0.8486715
fitness 0.8516046
fitness 0.856662
Processing individual 802 for 'tabpfn_fhs'...
fit 0.9066963
fit 0.9242564
fit 0.9314254
fit 0.9496732
fit 0.9550705
Total steps: 900
fitness 0.96149075
fitness 0.96262044
fitness 0.962644
fitness 0.9631077
fitness 0.9631598
fitness 0.96327484
fitness 0.96722656
fitness 0.96738833
fitness 0.9677562
fitness 0.96831596
fitness 0.96942747
fitness 0.96945775
fitness 0.969733
fitness 0.96986085
fitness 0.969905
Processing individual 803 for 'tabpfn_fhs'...
fit 0.91319835
fit 0.93424505
fit 0.93887174
fit 0.95474476
fit 0.9589603
Total steps: 900
fitness 0.9651534
fitness 0.9663434
fitness 0.96728355
fitness 0.97002274
fitness 0.9706992
fitness 0.971092
fitness 0.97202307
fitness 0.97233224
fitness 0.97251153
Processing individual 804 for 'tabpfn_fhs'...
fit 0.7205444
fit 0.74761313
fit 0.7789202
fit 0.7831502
Total steps: 900
fitness 0.7837372
fitness 0.7873028
fitness 0.7904192
fitness 0.79070836
fitness 0.7987164
fitness 0.8016831
fitness 0.805445
fitness 0.8074686
fitness 0.8162565
Processing individual 805 for 'tabpfn_fhs'...
fit 0.62330043
fit 0.68162626
fit 0.7700242
fit 0.8066838
Total steps: 900
fitness 0.819826
fitness 0.82427806
fitness 0.82834363
fitness 0.84027964
fitness 0.8417548
fitness 0.84615225
fitness 0.84726363
fitness 0.8551144
fitness 0.85824245
Processing individual 806 for 'tabpfn_fhs'...
fit 0.80507416
fit 0.8204629
fit 0.840713
fit 0.86802673
fit 0.88843274
Total steps: 900
fitness 0.8980166
fitness 0.89844626
fitness 0.8984689
fitness 0.9049845
fitness 0.9078898
fitness 0.90936816
fitness 0.90955323
fitness 0.90984005
fitness 0.9100663
fitness 0.9137582
fitness 0.9157028
fitness 0.91656363
fitness 0.9170146
fitness 0.9171429
Processing individual 807 for 'tabpfn_fhs'...
fit 0.8474424
fit 0.86098087
fit 0.8713066
fit 0.90252167
fit 0.9157246
Total steps: 900
fitness 0.9253691
fitness 0.9301013
fitness 0.93125236
fitness 0.9318878
fitness 0.93822265
fitness 0.93925357
fitness 0.9393674
fitness 0.9401937
fitness 0.94352746
fitness 0.9435343
fitness 0.9476709
Processing individual 808 for 'tabpfn_fhs'...
fit 0.9211763
fit 0.94999266
fit 0.95020735
fit 0.964257
fit 0.96784985
Total steps: 900
fitness 0.97198975
fitness 0.9733341
fitness 0.973511
fitness 0.97381973
fitness 0.9742701
fitness 0.97562647
fitness 0.9760531
fitness 0.976917
fitness 0.97693723
fitness 0.97708166
fitness 0.97727776
Processing individual 809 for 'tabpfn_fhs'...
fit 0.9202457
fit 0.93750525
fit 0.94526845
fit 0.9573938
fit 0.96206766
Total steps: 900
fitness 0.9676397
fitness 0.96771586
fitness 0.96847
fitness 0.9685127
fitness 0.969128
fitness 0.9692755
fitness 0.97134423
fitness 0.9716021
fitness 0.9724589
fitness 0.9730456
fitness 0.9733014
fitness 0.9734873
fitness 0.9737905
fitness 0.9742529
Processing individual 810 for 'tabpfn_fhs'...
fit 0.8028835
fit 0.85971355
fit 0.89906406
fit 0.9275885
Total steps: 900
fitness 0.93436396
fitness 0.94076514
fitness 0.9416654
fitness 0.94212645
fitness 0.9458703
fitness 0.9470912
fitness 0.94739175
fitness 0.9498243
fitness 0.9498933
fitness 0.95254385
Processing individual 811 for 'tabpfn_fhs'...
fit 0.8028835
fit 0.85971355
fit 0.89906406
fit 0.9275885
Total steps: 900
fitness 0.93436396
fitness 0.94076514
fitness 0.9416654
fitness 0.94212645
fitness 0.9458703
fitness 0.9470912
fitness 0.94739175
fitness 0.9498243
fitness 0.9498933
fitness 0.95254385
Processing individual 812 for 'tabpfn_fhs'...
fit 0.6884834
fit 0.7320366
fit 0.75072
fit 0.8118992
fit 0.86345637
Total steps: 900
fitness 0.8738565
fitness 0.885367
fitness 0.88962364
fitness 0.8919141
fitness 0.8938157
fitness 0.89491445
fitness 0.89502305
fitness 0.8956213
fitness 0.8956757
fitness 0.89709365
Processing individual 813 for 'tabpfn_fhs'...
fit 0.9274463
fit 0.9425861
fit 0.94909924
fit 0.9617315
fit 0.9651249
Total steps: 900
fitness 0.9701413
fitness 0.9703868
fitness 0.9709771
fitness 0.9730548
fitness 0.9734227
fitness 0.97391367
fitness 0.9746843
fitness 0.97475135
fitness 0.97480124
fitness 0.9751221
fitness 0.97612625
fitness 0.9761447
fitness 0.9763694
Processing individual 814 for 'tabpfn_fhs'...
fit 0.90411854
fit 0.9388539
fit 0.9565922
fit 0.96287274
Total steps: 900
fitness 0.967715
fitness 0.96909696
fitness 0.9693903
fitness 0.969471
fitness 0.9702866
fitness 0.97134095
fitness 0.972547
fitness 0.9727569
fitness 0.97280943
fitness 0.9741034
fitness 0.97410756
fitness 0.9742331
fitness 0.97441036
Processing individual 815 for 'tabpfn_fhs'...
fit 0.77711916
fit 0.79789156
fit 0.8376526
fit 0.84353924
Total steps: 900
fitness 0.843763
fitness 0.8536782
fitness 0.8604026
fitness 0.8608795
fitness 0.86120623
fitness 0.86503273
fitness 0.8663049
fitness 0.8664875
fitness 0.86680055
fitness 0.8668433
Processing individual 816 for 'tabpfn_fhs'...
fit 0.78771144
fit 0.806882
fit 0.8443694
fit 0.84453446
fit 0.8551195
Total steps: 900
fitness 0.85742664
fitness 0.8591676
fitness 0.8600914
fitness 0.8622315
fitness 0.8633902
fitness 0.86397135
fitness 0.8639905
fitness 0.8657674
fitness 0.8663977
fitness 0.8665046
fitness 0.86656255
fitness 0.8693122
fitness 0.8707839
fitness 0.870849
fitness 0.8708588
fitness 0.8762164
Processing individual 817 for 'tabpfn_fhs'...
fit 0.77010196
fit 0.80865633
fit 0.8305565
fit 0.8733278
fit 0.8875901
fit 0.8883991
Total steps: 900
fitness 0.89295655
fitness 0.89546025
fitness 0.9000095
fitness 0.9089458
fitness 0.9096755
fitness 0.9100818
fitness 0.9158208
fitness 0.9183989
fitness 0.91983825
fitness 0.9206818
fitness 0.9223917
fitness 0.9235947
Processing individual 818 for 'tabpfn_fhs'...
fit 0.87926656
fit 0.89233136
fit 0.9015607
fit 0.9292446
fit 0.9349734
Total steps: 900
fitness 0.9453737
fitness 0.9503341
fitness 0.9507191
fitness 0.95150864
fitness 0.9571352
fitness 0.95738953
fitness 0.9596527
fitness 0.95966953
fitness 0.9623973
Processing individual 819 for 'tabpfn_fhs'...
fit 0.86765116
fit 0.9175147
fit 0.9398754
fit 0.9525454
Total steps: 900
fitness 0.95868045
fitness 0.9590739
fitness 0.9621669
fitness 0.9630491
fitness 0.96509355
fitness 0.9658588
fitness 0.9663545
fitness 0.9671277
fitness 0.96785593
fitness 0.9684692
Processing individual 820 for 'tabpfn_fhs'...
fit 0.9481221
fit 0.9583378
fit 0.9674315
fit 0.9728575
fit 0.97480416
Total steps: 900
fitness 0.97839856
fitness 0.9784887
fitness 0.97890276
fitness 0.9807677
fitness 0.9810745
fitness 0.9811847
fitness 0.9816454
fitness 0.98197675
fitness 0.98197895
fitness 0.98208237
Processing individual 821 for 'tabpfn_fhs'...
fit 0.9121996
fit 0.9405233
fit 0.9442806
fit 0.96026313
fit 0.965384
Total steps: 900
fitness 0.9697528
fitness 0.9714207
fitness 0.97217
fitness 0.9725527
fitness 0.9741129
fitness 0.97444564
fitness 0.97578734
fitness 0.9758873
Processing individual 822 for 'tabpfn_fhs'...
fit 0.7177461
fit 0.7519454
fit 0.7751299
fit 0.82726574
fit 0.8601333
Total steps: 900
fitness 0.8719415
fitness 0.87640095
fitness 0.87750405
fitness 0.8780896
fitness 0.88238126
fitness 0.8830014
fitness 0.88450855
fitness 0.88638955
fitness 0.88757956
Processing individual 823 for 'tabpfn_fhs'...
fit 0.9527873
fit 0.9635112
fit 0.97012436
fit 0.9752993
fit 0.97593814
fit 0.97630405
Total steps: 900
fitness 0.9780404
fitness 0.97893614
fitness 0.9813001
fitness 0.9821652
fitness 0.9826472
fitness 0.98277456
fitness 0.98289776
fitness 0.9830867
fitness 0.9831778
Processing individual 824 for 'tabpfn_fhs'...
fit 0.91319835
fit 0.93424505
fit 0.93887174
fit 0.95474476
fit 0.9589603
Total steps: 900
fitness 0.9651534
fitness 0.9663434
fitness 0.96728355
fitness 0.97002274
fitness 0.9706992
fitness 0.971092
fitness 0.97202307
fitness 0.97233224
fitness 0.97251153
Processing individual 825 for 'tabpfn_fhs'...
fit 0.8213006
fit 0.8310375
fit 0.84963286
fit 0.87897134
fit 0.8971692
Total steps: 900
fitness 0.9073061
fitness 0.9091075
fitness 0.91236484
fitness 0.92023057
fitness 0.9214947
fitness 0.92564076
fitness 0.9261762
fitness 0.92917436
Processing individual 826 for 'tabpfn_fhs'...
fit 0.80771357
fit 0.83045113
fit 0.86677396
fit 0.8775087
Total steps: 900
fitness 0.88259107
fitness 0.88549304
fitness 0.88691676
fitness 0.8894712
fitness 0.8899495
fitness 0.8922321
fitness 0.8924669
fitness 0.89549226
fitness 0.899497
Processing individual 827 for 'tabpfn_fhs'...
fit 0.8838832
fit 0.90219027
fit 0.90979105
fit 0.9352381
fit 0.94152945
Total steps: 900
fitness 0.95103276
fitness 0.9529828
fitness 0.95333356
fitness 0.9542953
fitness 0.9544518
fitness 0.95476115
fitness 0.95872146
fitness 0.9587588
fitness 0.959826
fitness 0.96170664
fitness 0.9622276
fitness 0.9623647
Processing individual 828 for 'tabpfn_fhs'...
fit 0.571192
fit 0.62932086
fit 0.6596652
fit 0.7233418
fit 0.76914513
Total steps: 900
fitness 0.7960774
fitness 0.7986599
fitness 0.8007379
fitness 0.80960757
fitness 0.81243396
fitness 0.8139863
fitness 0.81639886
fitness 0.82047665
fitness 0.8311966
fitness 0.836565
fitness 0.8366984
fitness 0.83676004
fitness 0.83796614
Processing individual 829 for 'tabpfn_fhs'...
fit 0.9481221
fit 0.9583378
fit 0.9674315
fit 0.9728575
fit 0.97480416
Total steps: 900
fitness 0.97839856
fitness 0.9784887
fitness 0.97890276
fitness 0.9807677
fitness 0.9810745
fitness 0.9811847
fitness 0.9816454
fitness 0.98197675
fitness 0.98197895
fitness 0.98208237
Processing individual 830 for 'tabpfn_fhs'...
fit 0.9432157
fit 0.9542104
fit 0.96409404
fit 0.9704349
fit 0.97247905
Total steps: 900
fitness 0.9766801
fitness 0.97732335
fitness 0.97897875
fitness 0.97969496
fitness 0.9797515
fitness 0.9802863
fitness 0.9804195
fitness 0.9804505
Processing individual 831 for 'tabpfn_fhs'...
fit 0.86927485
fit 0.8793001
fit 0.90263855
fit 0.9256593
fit 0.9298197
Total steps: 900
fitness 0.9341816
fitness 0.9343427
fitness 0.9379157
fitness 0.94068706
fitness 0.94109035
fitness 0.9417609
fitness 0.94558823
fitness 0.94801176
fitness 0.9484377
fitness 0.9493725
fitness 0.9493986
fitness 0.9496091
fitness 0.9499167
Processing individual 832 for 'tabpfn_fhs'...
fit 0.9481221
fit 0.9583378
fit 0.9674315
fit 0.9728575
fit 0.97480416
Total steps: 900
fitness 0.97839856
fitness 0.9784887
fitness 0.97890276
fitness 0.9807677
fitness 0.9810745
fitness 0.9811847
fitness 0.9816454
fitness 0.98197675
fitness 0.98197895
fitness 0.98208237
Processing individual 833 for 'tabpfn_fhs'...
fit 0.8930401
fit 0.93446887
fit 0.95297873
fit 0.960325
Total steps: 900
fitness 0.9648851
fitness 0.9676827
fitness 0.96773785
fitness 0.96788484
fitness 0.96982366
fitness 0.9707498
fitness 0.97102547
fitness 0.9716148
fitness 0.97210956
fitness 0.97212535
fitness 0.9723823
fitness 0.97261685
fitness 0.9726802
Processing individual 834 for 'tabpfn_fhs'...
fit 0.8654448
fit 0.87788194
fit 0.8892452
fit 0.91983813
fit 0.9262094
Total steps: 900
fitness 0.9367356
fitness 0.9420515
fitness 0.94251215
fitness 0.9428887
fitness 0.9433034
fitness 0.9440572
fitness 0.9447426
fitness 0.94941646
fitness 0.951023
fitness 0.95186704
fitness 0.9542511
fitness 0.95427376
fitness 0.9571959
Processing individual 835 for 'tabpfn_fhs'...
fit 0.93229645
fit 0.94831604
fit 0.9539769
fit 0.96394783
fit 0.9681408
Total steps: 900
fitness 0.9726351
fitness 0.9730243
fitness 0.97411877
fitness 0.97542745
fitness 0.9768008
fitness 0.9768879
fitness 0.9772241
fitness 0.97796154
fitness 0.97806025
Processing individual 836 for 'tabpfn_fhs'...
fit 0.9202457
fit 0.93750525
fit 0.94526845
fit 0.9573938
fit 0.96206766
Total steps: 900
fitness 0.9676397
fitness 0.96771586
fitness 0.96847
fitness 0.9685127
fitness 0.969128
fitness 0.9692755
fitness 0.97134423
fitness 0.9716021
fitness 0.9724589
fitness 0.9730456
fitness 0.9733014
fitness 0.9734873
fitness 0.9737905
fitness 0.9742529
Processing individual 837 for 'tabpfn_fhs'...
fit 0.58510154
fit 0.5955161
fit 0.65110064
fit 0.72456896
fit 0.74299264
fit 0.7458701
Total steps: 900
fitness 0.7459606
fitness 0.75189835
fitness 0.7549854
fitness 0.7550173
fitness 0.77218187
fitness 0.77404857
fitness 0.77508825
fitness 0.776546
fitness 0.7766472
fitness 0.77813315
fitness 0.78179085
fitness 0.7942214
fitness 0.7977362
Processing individual 838 for 'tabpfn_fhs'...
fit 0.8654448
fit 0.87788194
fit 0.8892452
fit 0.91983813
fit 0.9262094
Total steps: 900
fitness 0.9367356
fitness 0.9420515
fitness 0.94251215
fitness 0.9428887
fitness 0.9433034
fitness 0.9440572
fitness 0.9447426
fitness 0.94941646
fitness 0.951023
fitness 0.95186704
fitness 0.9542511
fitness 0.95427376
fitness 0.9571959
Processing individual 839 for 'tabpfn_fhs'...
fit 0.73249
fit 0.7871421
fit 0.78892815
fit 0.84839207
fit 0.8683574
Total steps: 900
fitness 0.88467133
fitness 0.8849905
fitness 0.8860835
fitness 0.88615674
fitness 0.88902396
fitness 0.89128435
fitness 0.89607674
fitness 0.8970692
fitness 0.89832973
fitness 0.8990596
fitness 0.9000754
fitness 0.90090287
fitness 0.90319234
Processing individual 840 for 'tabpfn_fhs'...
fit 0.9380241
fit 0.9520589
fit 0.95825505
fit 0.9682263
fit 0.97057116
Total steps: 900
fitness 0.9748163
fitness 0.97504264
fitness 0.9753981
fitness 0.9754809
fitness 0.9777496
fitness 0.97837174
fitness 0.9784805
fitness 0.97862816
fitness 0.9787398
fitness 0.9793763
fitness 0.9793891
fitness 0.9793919
Processing individual 841 for 'tabpfn_fhs'...
fit 0.86765116
fit 0.9175147
fit 0.9398754
fit 0.9525454
Total steps: 900
fitness 0.95868045
fitness 0.9590739
fitness 0.9621669
fitness 0.9630491
fitness 0.96509355
fitness 0.9658588
fitness 0.9663545
fitness 0.9671277
fitness 0.96785593
fitness 0.9684692
Processing individual 842 for 'tabpfn_fhs'...
fit 0.8202472
fit 0.86081016
fit 0.86330193
fit 0.90706885
fit 0.9090937
fit 0.9105833
fit 0.9144914
fit 0.9217153
Total steps: 900
fitness 0.9244397
fitness 0.93512475
fitness 0.93687546
fitness 0.9371824
fitness 0.93788296
fitness 0.9394148
fitness 0.9398969
fitness 0.94161856
fitness 0.942324
fitness 0.9428387
Processing individual 843 for 'tabpfn_fhs'...
fit 0.7299979
fit 0.75636196
fit 0.78630126
fit 0.7926421
Total steps: 900
fitness 0.79287577
fitness 0.7946099
fitness 0.7956028
fitness 0.7959366
fitness 0.7987479
fitness 0.80270994
fitness 0.8069395
fitness 0.81369406
fitness 0.81707054
fitness 0.8199681
fitness 0.82044566
fitness 0.822847
Processing individual 844 for 'tabpfn_fhs'...
fit 0.8213006
fit 0.8310375
fit 0.84963286
fit 0.87897134
fit 0.8971692
Total steps: 900
fitness 0.9073061
fitness 0.9091075
fitness 0.91236484
fitness 0.92023057
fitness 0.9214947
fitness 0.92564076
fitness 0.9261762
fitness 0.92917436
Processing individual 845 for 'tabpfn_fhs'...
fit 0.8838832
fit 0.90219027
fit 0.90979105
fit 0.9352381
fit 0.94152945
Total steps: 900
fitness 0.95103276
fitness 0.9529828
fitness 0.95333356
fitness 0.9542953
fitness 0.9544518
fitness 0.95476115
fitness 0.95872146
fitness 0.9587588
fitness 0.959826
fitness 0.96170664
fitness 0.9622276
fitness 0.9623647
Processing individual 846 for 'tabpfn_fhs'...
fit 0.8838832
fit 0.90219027
fit 0.90979105
fit 0.9352381
fit 0.94152945
Total steps: 900
fitness 0.95103276
fitness 0.9529828
fitness 0.95333356
fitness 0.9542953
fitness 0.9544518
fitness 0.95476115
fitness 0.95872146
fitness 0.9587588
fitness 0.959826
fitness 0.96170664
fitness 0.9622276
fitness 0.9623647
Processing individual 847 for 'tabpfn_fhs'...
fit 0.6048504
fit 0.6705894
fit 0.684219
fit 0.75966424
fit 0.8019832
Total steps: 900
fitness 0.8171567
fitness 0.81926394
fitness 0.82745135
fitness 0.8277565
fitness 0.83966225
fitness 0.8417689
fitness 0.8568779
fitness 0.8570231
Saved: tabpfn_fhs_uniform_init100_iter1000_fhs/counterfactuals.pkl
Completed tabpfn_fhs_uniform_init100_iter1000_fhs in 3444 seconds

